{
  "generated_utc": "2026-02-20T19:26:18.230129+00:00",
  "status": "fail",
  "summary": {
    "p0_count": 6,
    "p1_count": 2,
    "p2_count": 10,
    "total_findings": 18
  },
  "baseline_dir": "/Users/blocke/Box Sync/Residency Personal Files/Scholarly Work/Locke Research Projects/Hypercap-CC-NLP/artifacts/baselines/jupyter/20260220_152137_post_residual_integrity",
  "baseline_manifest_path": "/Users/blocke/Box Sync/Residency Personal Files/Scholarly Work/Locke Research Projects/Hypercap-CC-NLP/artifacts/baselines/jupyter/20260220_152137_post_residual_integrity/baseline_manifest.json",
  "findings": [
    {
      "severity": "P1",
      "code": "row_count_mismatch",
      "message": "cohort row count mismatch: baseline=11769 current=12020"
    },
    {
      "severity": "P0",
      "code": "id_contract_mismatch",
      "message": "cohort hadm_id_hash differs between baseline and current run."
    },
    {
      "severity": "P0",
      "code": "id_contract_mismatch",
      "message": "cohort subject_id_hash differs between baseline and current run."
    },
    {
      "severity": "P0",
      "code": "id_contract_mismatch",
      "message": "cohort id_pair_hash differs between baseline and current run."
    },
    {
      "severity": "P1",
      "code": "row_count_mismatch",
      "message": "classifier row count mismatch: baseline=11769 current=12020"
    },
    {
      "severity": "P0",
      "code": "id_contract_mismatch",
      "message": "classifier hadm_id_hash differs between baseline and current run."
    },
    {
      "severity": "P0",
      "code": "id_contract_mismatch",
      "message": "classifier subject_id_hash differs between baseline and current run."
    },
    {
      "severity": "P0",
      "code": "id_contract_mismatch",
      "message": "classifier id_pair_hash differs between baseline and current run."
    },
    {
      "severity": "P2",
      "code": "analysis_numeric_sum_drift",
      "message": "Symptom_Composition_by_Hypercapnia_Definition.xlsx::Sheet1 numeric sum drift 8616.010000."
    },
    {
      "severity": "P2",
      "code": "analysis_numeric_sum_drift",
      "message": "Symptom_Composition_Pivot_ChartReady.xlsx::Sheet1 numeric sum drift 0.020000."
    },
    {
      "severity": "P2",
      "code": "analysis_numeric_sum_drift",
      "message": "Symptom_Composition_by_ABG_VBG_Overlap.xlsx::Sheet1 numeric sum drift 0.400000."
    },
    {
      "severity": "P2",
      "code": "analysis_numeric_sum_drift",
      "message": "Symptom_Composition_by_Gas_Source_Overlap.xlsx::Sheet1 numeric sum drift 0.600000."
    },
    {
      "severity": "P2",
      "code": "analysis_numeric_sum_drift",
      "message": "Symptom_Composition_by_ICD_Gas_Overlap.xlsx::Sheet1 numeric sum drift 0.100000."
    },
    {
      "severity": "P2",
      "code": "analysis_numeric_sum_drift",
      "message": "ICD_Positive_Subset_Breakdown.xlsx::Gas_criteria numeric sum drift 91.300000."
    },
    {
      "severity": "P2",
      "code": "analysis_numeric_sum_drift",
      "message": "ICD_vs_Gas_Performance.xlsx::Sheet1 numeric sum drift 1004.123545."
    },
    {
      "severity": "P2",
      "code": "analysis_numeric_sum_drift",
      "message": "Ascertainment_Overlap_Intersections.xlsx::Sheet1 numeric sum drift 251.000000."
    },
    {
      "severity": "P2",
      "code": "analysis_binary_hash_drift",
      "message": "Ascertainment_Overlap_UpSet.png binary hash changed between baseline and current run."
    },
    {
      "severity": "P2",
      "code": "rater_match_count_delta",
      "message": "Rater matched_rows changed: baseline=60 current=61."
    }
  ],
  "metric_drift": [
    {
      "metric": "icu_link_rate",
      "baseline_value": 0.7677753266587477,
      "current_value": 0.7726366506064131,
      "delta": 0.004861323947665364,
      "abs_delta": 0.004861323947665364,
      "warn_threshold": 0.04,
      "fail_threshold": 0.08,
      "severity": "ok"
    },
    {
      "metric": "pct_any_gas_0_6h",
      "baseline_value": 0.41897166129305957,
      "current_value": 0.4184249875394584,
      "delta": -0.000546673753601179,
      "abs_delta": 0.000546673753601179,
      "warn_threshold": 0.04,
      "fail_threshold": 0.08,
      "severity": "ok"
    },
    {
      "metric": "pct_any_gas_0_24h",
      "baseline_value": 0.9590191752927202,
      "current_value": 0.9582987207177271,
      "delta": -0.0007204545749930347,
      "abs_delta": 0.0007204545749930347,
      "warn_threshold": 0.04,
      "fail_threshold": 0.08,
      "severity": "ok"
    },
    {
      "metric": "gas_source_other_rate",
      "baseline_value": 0.6617519019140463,
      "current_value": 0.6626423339262455,
      "delta": 0.0008904320121991827,
      "abs_delta": 0.0008904320121991827,
      "warn_threshold": 0.04,
      "fail_threshold": 0.08,
      "severity": "ok"
    }
  ],
  "current_metrics": {
    "icu_link_rate": 0.7726366506064131,
    "pct_any_gas_0_6h": 0.4184249875394584,
    "pct_any_gas_0_24h": 0.9582987207177271,
    "gas_source_other_rate": 0.6626423339262455
  }
}