source,column,raw_label,normalized_label,canonical_code,canonical_label,mapped,row_count
adjudicated_r3,annot3_rvs1_cat,Symptom – Respiratory,Symptom – Respiratory,RVC-SYM-RESP,Symptom – Respiratory,True,30
adjudicated_r3,annot3_rvs1_cat,Diseases (patient-stated diagnosis),Diseases (patient–stated diagnosis),RVC-DIS,Diseases (patient-stated),True,24
adjudicated_r3,annot3_rvs1_cat,Injuries & adverse effects,Injuries & adverse effects,RVC-INJ,Injuries & adverse effects,True,23
adjudicated_r3,annot3_rvs1_cat,Symptom – Nervous,Symptom – Nervous,RVC-SYM-NERV,Symptom – Nervous,True,21
adjudicated_r3,annot3_rvs2_cat,Administrative,Administrative,RVC-ADMIN,Administrative,True,20
adjudicated_r3,annot3_rvs1_cat,Symptom – Digestive,Symptom – Digestive,RVC-SYM-DIG,Symptom – Digestive,True,19
adjudicated_r3,annot3_rvs2_cat,Symptom – Digestive,Symptom – Digestive,RVC-SYM-DIG,Symptom – Digestive,True,13
adjudicated_r3,annot3_rvs1_cat,Symptom – General,Symptom – General,RVC-SYM-GEN,Symptom – General,True,13
adjudicated_r3,annot3_rvs2_cat,Symptom – Nervous,Symptom – Nervous,RVC-SYM-NERV,Symptom – Nervous,True,11
adjudicated_r3,annot3_rvs1_cat,Symptom – Circulatory,Symptom – Circulatory,RVC-SYM-CIRC,Symptom – Circulatory,True,10
adjudicated_r3,annot3_rvs2_cat,Abnormal test result,Abnormal test result,RVC-TEST,Abnormal test result,True,9
adjudicated_r3,annot3_rvs1_cat,Symptom – Musculoskeletal,Symptom – Musculoskeletal,RVC-SYM-MSK,Symptom – Musculoskeletal,True,9
adjudicated_r3,annot3_rvs3_cat,Administrative,Administrative,RVC-ADMIN,Administrative,True,7
adjudicated_r3,annot3_rvs2_cat,Symptom – Respiratory,Symptom – Respiratory,RVC-SYM-RESP,Symptom – Respiratory,True,7
adjudicated_r3,annot3_rvs2_cat,Diseases (patient-stated diagnosis),Diseases (patient–stated diagnosis),RVC-DIS,Diseases (patient-stated),True,5
adjudicated_r3,annot3_rvs2_cat,Injuries & adverse effects,Injuries & adverse effects,RVC-INJ,Injuries & adverse effects,True,4
adjudicated_r3,annot3_rvs2_cat,Symptom – General,Symptom – General,RVC-SYM-GEN,Symptom – General,True,4
adjudicated_r3,annot3_rvs3_cat,Symptom – General,Symptom – General,RVC-SYM-GEN,Symptom – General,True,4
adjudicated_r3,annot3_rvs1_cat,Abnormal test result,Abnormal test result,RVC-TEST,Abnormal test result,True,3
adjudicated_r3,annot3_rvs4_cat,Administrative,Administrative,RVC-ADMIN,Administrative,True,3
adjudicated_r3,annot3_rvs3_cat,Symptom – Digestive,Symptom – Digestive,RVC-SYM-DIG,Symptom – Digestive,True,3
adjudicated_r3,annot3_rvs1_cat,Treatment/Medication,Treatment/Medication,RVC-TREAT,Treatment/Medication,True,3
adjudicated_r3,annot3_rvs1_cat,Administrative,Administrative,RVC-ADMIN,Administrative,True,2
adjudicated_r3,annot3_rvs2_cat,Symptom – Circulatory,Symptom – Circulatory,RVC-SYM-CIRC,Symptom – Circulatory,True,2
adjudicated_r3,annot3_rvs1_cat,Uncodable/Unknown,Uncodable/Unknown,RVC-UNCL,Uncodable/Unknown,True,2
adjudicated_r3,annot3_rvs3_cat,Injuries & adverse effects,Injuries & adverse effects,RVC-INJ,Injuries & adverse effects,True,1
adjudicated_r3,annot3_rvs3_cat,Symptom – Circulatory,Symptom – Circulatory,RVC-SYM-CIRC,Symptom – Circulatory,True,1
adjudicated_r3,annot3_rvs2_cat,Symptom – Genitourinary,Symptom – Genitourinary,RVC-SYM-GU,Symptom – Genitourinary,True,1
adjudicated_r3,annot3_rvs3_cat,Symptom – Genitourinary,Symptom – Genitourinary,RVC-SYM-GU,Symptom – Genitourinary,True,1
adjudicated_r3,annot3_rvs2_cat,Symptom – Musculoskeletal,Symptom – Musculoskeletal,RVC-SYM-MSK,Symptom – Musculoskeletal,True,1
adjudicated_r3,annot3_rvs3_cat,Symptom – Nervous,Symptom – Nervous,RVC-SYM-NERV,Symptom – Nervous,True,1
adjudicated_r3,annot3_rvs3_cat,Symptom – Respiratory,Symptom – Respiratory,RVC-SYM-RESP,Symptom – Respiratory,True,1
adjudicated_r3,annot3_rvs1_cat,Symptom – Skin/Hair/Nails,Symptom – Skin/Hair/Nails,RVC-SYM-SKIN,Symptom – Skin/Hair/Nails,True,1
adjudicated_r3,annot3_rvs2_cat,Treatment/Medication,Treatment/Medication,RVC-TREAT,Treatment/Medication,True,1
nlp_output,RFV1_name,Symptom – Respiratory,Symptom – Respiratory,RVC-SYM-RESP,Symptom – Respiratory,True,1905
nlp_output,RFV1_name,Injuries & adverse effects,Injuries & adverse effects,RVC-INJ,Injuries & adverse effects,True,932
nlp_output,RFV2_name,Administrative,Administrative,RVC-ADMIN,Administrative,True,725
nlp_output,RFV1_name,Symptom – Nervous,Symptom – Nervous,RVC-SYM-NERV,Symptom – Nervous,True,666
nlp_output,RFV1_name,Symptom – Digestive,Symptom – Digestive,RVC-SYM-DIG,Symptom – Digestive,True,540
nlp_output,RFV1_name,Symptom – Circulatory,Symptom – Circulatory,RVC-SYM-CIRC,Symptom – Circulatory,True,425
nlp_output,RFV1_name,Diseases (patient-stated),Diseases (patient–stated),RVC-DIS,Diseases (patient-stated),True,318
nlp_output,RFV2_name,Symptom – General,Symptom – General,RVC-SYM-GEN,Symptom – General,True,229
nlp_output,RFV1_name,Symptom – General,Symptom – General,RVC-SYM-GEN,Symptom – General,True,191
nlp_output,RFV1_name,Uncodable/Unknown,Uncodable/Unknown,RVC-UNCL,Uncodable/Unknown,True,167
nlp_output,RFV2_name,Symptom – Nervous,Symptom – Nervous,RVC-SYM-NERV,Symptom – Nervous,True,160
nlp_output,RFV2_name,Symptom – Circulatory,Symptom – Circulatory,RVC-SYM-CIRC,Symptom – Circulatory,True,148
nlp_output,RFV3_name,Administrative,Administrative,RVC-ADMIN,Administrative,True,144
nlp_output,RFV2_name,Symptom – Digestive,Symptom – Digestive,RVC-SYM-DIG,Symptom – Digestive,True,131
nlp_output,RFV2_name,Diseases (patient-stated),Diseases (patient–stated),RVC-DIS,Diseases (patient-stated),True,122
nlp_output,RFV1_name,Administrative,Administrative,RVC-ADMIN,Administrative,True,112
nlp_output,RFV1_name,Symptom – Skin/Hair/Nails,Symptom – Skin/Hair/Nails,RVC-SYM-SKIN,Symptom – Skin/Hair/Nails,True,97
nlp_output,RFV1_name,Symptom – Musculoskeletal,Symptom – Musculoskeletal,RVC-SYM-MSK,Symptom – Musculoskeletal,True,90
nlp_output,RFV2_name,Abnormal test result,Abnormal test result,RVC-TEST,Abnormal test result,True,79
nlp_output,RFV1_name,Abnormal test result,Abnormal test result,RVC-TEST,Abnormal test result,True,73
nlp_output,RFV2_name,Symptom – Musculoskeletal,Symptom – Musculoskeletal,RVC-SYM-MSK,Symptom – Musculoskeletal,True,58
nlp_output,RFV1_name,Diagnostic/Screening/Preventive,Diagnostic/Screening/Preventive,RVC-DIAG,Diagnostic/Screening/Preventive,True,49
nlp_output,RFV1_name,Symptom – Genitourinary,Symptom – Genitourinary,RVC-SYM-GU,Symptom – Genitourinary,True,49
nlp_output,RFV2_name,Symptom – Skin/Hair/Nails,Symptom – Skin/Hair/Nails,RVC-SYM-SKIN,Symptom – Skin/Hair/Nails,True,39
nlp_output,RFV2_name,Diagnostic/Screening/Preventive,Diagnostic/Screening/Preventive,RVC-DIAG,Diagnostic/Screening/Preventive,True,36
nlp_output,RFV2_name,Symptom – Psychological,Symptom – Psychological,RVC-SYM-PSY,Symptom – Psychological,True,36
nlp_output,RFV2_name,Symptom – Genitourinary,Symptom – Genitourinary,RVC-SYM-GU,Symptom – Genitourinary,True,30
nlp_output,RFV1_name,Symptom – Eye/Ear,Symptom – Eye/Ear,RVC-SYM-EYE,Symptom – Eye/Ear,True,27
nlp_output,RFV3_name,Symptom – General,Symptom – General,RVC-SYM-GEN,Symptom – General,True,27
nlp_output,RFV1_name,Symptom – Psychological,Symptom – Psychological,RVC-SYM-PSY,Symptom – Psychological,True,27
nlp_output,RFV1_name,Treatment/Medication,Treatment/Medication,RVC-TREAT,Treatment/Medication,True,25
nlp_output,RFV2_name,Treatment/Medication,Treatment/Medication,RVC-TREAT,Treatment/Medication,True,25
nlp_output,RFV2_name,Symptom – Respiratory,Symptom – Respiratory,RVC-SYM-RESP,Symptom – Respiratory,True,22
nlp_output,RFV3_name,Diseases (patient-stated),Diseases (patient–stated),RVC-DIS,Diseases (patient-stated),True,16
nlp_output,RFV4_name,Administrative,Administrative,RVC-ADMIN,Administrative,True,11
nlp_output,RFV2_name,Symptom – Eye/Ear,Symptom – Eye/Ear,RVC-SYM-EYE,Symptom – Eye/Ear,True,11
nlp_output,RFV3_name,Symptom – Digestive,Symptom – Digestive,RVC-SYM-DIG,Symptom – Digestive,True,10
nlp_output,RFV3_name,Symptom – Nervous,Symptom – Nervous,RVC-SYM-NERV,Symptom – Nervous,True,10
nlp_output,RFV3_name,Abnormal test result,Abnormal test result,RVC-TEST,Abnormal test result,True,9
nlp_output,RFV3_name,Diagnostic/Screening/Preventive,Diagnostic/Screening/Preventive,RVC-DIAG,Diagnostic/Screening/Preventive,True,6
nlp_output,RFV3_name,Symptom – Musculoskeletal,Symptom – Musculoskeletal,RVC-SYM-MSK,Symptom – Musculoskeletal,True,6
nlp_output,RFV3_name,Treatment/Medication,Treatment/Medication,RVC-TREAT,Treatment/Medication,True,5
nlp_output,RFV3_name,Symptom – Genitourinary,Symptom – Genitourinary,RVC-SYM-GU,Symptom – Genitourinary,True,4
nlp_output,RFV3_name,Symptom – Psychological,Symptom – Psychological,RVC-SYM-PSY,Symptom – Psychological,True,4
nlp_output,RFV4_name,Symptom – General,Symptom – General,RVC-SYM-GEN,Symptom – General,True,3
nlp_output,RFV3_name,Symptom – Skin/Hair/Nails,Symptom – Skin/Hair/Nails,RVC-SYM-SKIN,Symptom – Skin/Hair/Nails,True,3
nlp_output,RFV4_name,Diseases (patient-stated),Diseases (patient–stated),RVC-DIS,Diseases (patient-stated),True,2
nlp_output,RFV4_name,Abnormal test result,Abnormal test result,RVC-TEST,Abnormal test result,True,1
nlp_output,RFV3_name,Symptom – Circulatory,Symptom – Circulatory,RVC-SYM-CIRC,Symptom – Circulatory,True,1
