category_ix,category,N,tp,tn,fp,fn,prevalence_r3,prevalence_nlp,percent_agreement,cohen_kappa,gwet_ac1,category_code,category_label
0,RVC-INJ,29,0,29,0,0,0.0,0.0,1.0,,1.0,RVC-INJ,Injuries & adverse effects
14,RVC-TREAT,29,0,29,0,0,0.0,0.0,1.0,,1.0,RVC-TREAT,Treatment/Medication
13,RVC-DIAG,29,0,29,0,0,0.0,0.0,1.0,,1.0,RVC-DIAG,Diagnostic/Screening/Preventive
12,RVC-TEST,29,0,29,0,0,0.0,0.0,1.0,,1.0,RVC-TEST,Abnormal test result
11,RVC-DIS,29,0,29,0,0,0.0,0.0,1.0,,1.0,RVC-DIS,Diseases (patient-stated)
10,RVC-SYM-PSY,29,0,29,0,0,0.0,0.0,1.0,,1.0,RVC-SYM-PSY,Symptom – Psychological
9,RVC-SYM-GEN,29,0,29,0,0,0.0,0.0,1.0,,1.0,RVC-SYM-GEN,Symptom – General
15,RVC-ADMIN,29,0,29,0,0,0.0,0.0,1.0,,1.0,RVC-ADMIN,Administrative
8,RVC-SYM-EYE,29,0,29,0,0,0.0,0.0,1.0,,1.0,RVC-SYM-EYE,Symptom – Eye/Ear
6,RVC-SYM-MSK,29,0,29,0,0,0.0,0.0,1.0,,1.0,RVC-SYM-MSK,Symptom – Musculoskeletal
5,RVC-SYM-GU,29,0,29,0,0,0.0,0.0,1.0,,1.0,RVC-SYM-GU,Symptom – Genitourinary
4,RVC-SYM-DIG,29,0,29,0,0,0.0,0.0,1.0,,1.0,RVC-SYM-DIG,Symptom – Digestive
3,RVC-SYM-NERV,29,0,29,0,0,0.0,0.0,1.0,,1.0,RVC-SYM-NERV,Symptom – Nervous
2,RVC-SYM-CIRC,29,0,29,0,0,0.0,0.0,1.0,,1.0,RVC-SYM-CIRC,Symptom – Circulatory
1,RVC-SYM-RESP,29,0,29,0,0,0.0,0.0,1.0,,1.0,RVC-SYM-RESP,Symptom – Respiratory
7,RVC-SYM-SKIN,29,0,29,0,0,0.0,0.0,1.0,,1.0,RVC-SYM-SKIN,Symptom – Skin/Hair/Nails
16,RVC-UNCL,29,0,29,0,0,0.0,0.0,1.0,,1.0,RVC-UNCL,Uncodable/Unknown
