{
  "key_columns": [
    "hadm_id",
    "subject_id"
  ],
  "key_strategy": "hadm_id_subject_id",
  "target_sample_n": 160,
  "gate_policy": "warn_below_target_fail_on_zero",
  "r3_rows": 160,
  "nlp_rows": 5693,
  "matched_rows": 29,
  "unmatched_adjudicated_rows": 131,
  "unmatched_nlp_rows": 5664,
  "matched_rate_vs_adjudicated": 0.18125,
  "unmatched_rate_vs_adjudicated": 0.81875,
  "unmatched_rate_vs_nlp": 0.9949060249429124,
  "coverage_status": "warning",
  "join_interpretation": "below_target_overlap_nonzero",
  "severity": "warning"
}