{
  "generated_utc": "2026-02-26T22:14:22.343819Z",
  "status": "warning",
  "contracts": {
    "cohort": {
      "status": "warning",
      "row_count": 11945,
      "column_count": 323,
      "gas_source_other_rate_mean": 0.7466820178734377,
      "poc_other_pco2_median": null,
      "poc_other_pco2_count": 0,
      "first_other_poc_rows": 0,
      "poc_other_quarantine_leak_n": 0,
      "hospital_los_hours_model_negative_n": 0,
      "dt_first_imv_hours_model_negative_n": 0,
      "dt_first_niv_hours_model_negative_n": 0,
      "max_pco2_0_24h_lt_qualifying_n": 0,
      "max_pco2_0_6h_lt_qualifying_n": 0,
      "anthro_bmi_coverage_rate": 0.8951862704060276,
      "anthro_model_invalid_counts": {
        "bmi_closest_pre_ed_model": 0,
        "height_closest_pre_ed_model": 0,
        "weight_closest_pre_ed_model": 0
      },
      "first_hco3_coverage_rate": 0.9490163248221013,
      "first_hco3_gas_positive_coverage_rate": 0.9533205841446454,
      "first_hco3_icd_only_coverage_rate": 0.8367346938775511,
      "first_hco3_source_value_mismatch_n": 0,
      "po2_triplet_coverage_by_site": {
        "abg": 0.9996389022628791,
        "vbg": 0.9998714487723358,
        "other": 0.9996011168727563
      },
      "anthro_source_counts": {
        "HOSPITAL": 8850,
        "ICU": 2968,
        "missing": 127
      },
      "findings": [
        {
          "severity": "warning",
          "code": "gas_source_other_rate_high",
          "message": "Mean gas_source_other_rate exceeded warning threshold 0.50: 0.7467"
        }
      ]
    }
  },
  "findings": [
    {
      "severity": "warning",
      "code": "gas_source_other_rate_high",
      "message": "Mean gas_source_other_rate exceeded warning threshold 0.50: 0.7467"
    }
  ]
}