{
  "generated_utc": "2026-02-21T20:07:41.386521Z",
  "status": "warning",
  "contracts": {
    "cohort": {
      "status": "warning",
      "row_count": 5693,
      "column_count": 306,
      "gas_source_other_rate_mean": 0.6049803910591461,
      "poc_other_pco2_median": null,
      "poc_other_pco2_count": 0,
      "first_other_poc_rows": 0,
      "poc_other_quarantine_leak_n": 0,
      "timing_tri_state_mismatch_n": 0,
      "timing_tri_state_invalid_value_n": 0,
      "hospital_los_hours_model_negative_n": 0,
      "dt_first_imv_hours_model_negative_n": 0,
      "dt_first_niv_hours_model_negative_n": 0,
      "anthro_bmi_coverage_rate": 0.5420692077990514,
      "anthro_model_invalid_counts": {
        "bmi_closest_pre_ed_model": 0,
        "height_closest_pre_ed_model": 0,
        "weight_closest_pre_ed_model": 0
      },
      "first_hco3_coverage_rate": 0.029685578780959072,
      "first_hco3_source_value_mismatch_n": 0,
      "anthro_source_counts": {
        "icu_charted": 4987,
        "missing": 699,
        "omr": 7
      },
      "findings": [
        {
          "severity": "warning",
          "code": "gas_source_other_rate_high",
          "message": "Mean gas_source_other_rate exceeded warning threshold 0.50: 0.6050"
        },
        {
          "severity": "warning",
          "code": "first_hco3_coverage_low",
          "message": "first_hco3 coverage below warning floor 0.20: 0.0297"
        }
      ]
    }
  },
  "findings": [
    {
      "severity": "warning",
      "code": "gas_source_other_rate_high",
      "message": "Mean gas_source_other_rate exceeded warning threshold 0.50: 0.6050"
    },
    {
      "severity": "warning",
      "code": "first_hco3_coverage_low",
      "message": "first_hco3 coverage below warning floor 0.20: 0.0297"
    }
  ]
}