{
  "panel_rows": 51118,
  "source_present": true,
  "source_counts": {
    "unknown": 30934,
    "arterial": 12424,
    "venous": 7760
  },
  "source_rates": {
    "unknown": 0.6051488712390939,
    "arterial": 0.24304550256269808,
    "venous": 0.15180562619820806
  },
  "all_other_or_unknown": false,
  "tier_counts": {
    "fallback_unknown": 30934,
    "specimen_text": 20184
  },
  "tier_rates": {
    "fallback_unknown": 0.6051488712390939,
    "specimen_text": 0.3948511287609061
  },
  "mode": "specimen_only",
  "resolved_rows": 20184,
  "resolved_rate": 0.3948511287609061,
  "unresolved_specimen_id_count": 30903,
  "unresolved_specimen_id_examples": [
    1068183,
    2752210,
    12826971,
    39367736,
    45465398,
    54325826,
    95145860,
    97178600,
    18027495,
    29753913,
    39459350,
    75616262,
    63486270,
    94071711,
    4345288,
    7737845,
    10503009,
    17704428,
    20476643,
    20641624
  ],
  "heuristic_reference": {
    "panel_rows": 51118,
    "source_present": true,
    "source_counts": {
      "arterial": 21504,
      "venous": 16050,
      "unknown": 13564
    },
    "source_rates": {
      "arterial": 0.420673735279158,
      "venous": 0.31397942016510816,
      "unknown": 0.2653468445557338
    },
    "all_other_or_unknown": false,
    "tier_counts": {
      "specimen_text": 20184,
      "cluster_inheritance": 17370,
      "fallback_unknown": 13564
    },
    "tier_rates": {
      "specimen_text": 0.3948511287609061,
      "cluster_inheritance": 0.33980202668336007,
      "fallback_unknown": 0.2653468445557338
    },
    "mode": "metadata_only",
    "resolved_rows": 37554,
    "resolved_rate": 0.7346531554442662,
    "unresolved_specimen_id_count": 13549,
    "unresolved_specimen_id_examples": [
      1068183,
      2752210,
      12826971,
      39367736,
      45465398,
      54325826,
      95145860,
      97178600,
      18027495,
      29753913,
      39459350,
      75616262,
      63486270,
      94071711,
      16057045,
      25566767,
      27065657,
      59804837,
      84206263,
      85376158
    ],
    "unresolved_value_text_top": {
      "___": 3046,
      "0.9": 544,
      "0.8": 539,
      "0.7": 507,
      "1.0": 476,
      "139": 451,
      "138": 442,
      "141": 428,
      "1.1": 414,
      "140": 409,
      "0.6": 405,
      "mix.": 386,
      "101": 386,
      "142": 375,
      "102": 367
    },
    "unresolved_label_top": {
      "Sodium | Blood": 6004,
      "Chloride | Blood": 5949,
      "Creatinine | Blood": 5878,
      "Hemoglobin | Blood": 5217,
      "Lactate | Blood": 1437,
      "pH | Blood": 650,
      "pO2 | Blood": 592,
      "Calculated Total CO2 | Blood": 591,
      "pCO2 | Blood": 591,
      "Sodium, Urine | Urine": 448,
      "Creatinine, Urine | Urine": 407,
      "Specimen Type | Blood": 386,
      "Chloride, Urine | Urine": 262,
      "Sodium, Whole Blood | Blood": 228,
      "Chloride, Whole Blood | Blood": 148
    }
  },
  "baseline_other_rate": 0.6051488712390939,
  "baseline_path": "/Users/blocke/Box Sync/Residency Personal Files/Scholarly Work/Locke Research Projects/Hypercap-CC-NLP/MIMIC tabular data/prior runs/2026-02-22 gas_source_audit.json",
  "baseline_mode_mismatch_path": null,
  "relative_reduction_vs_baseline": 0.0,
  "relative_reduction_target": 0.0
}