vital_name,raw_column,clean_column,raw_n,clean_n,raw_removed_n,raw_removed_pct,converted_celsius_like_n
triage_temp,ed_triage_temp,ed_triage_temp_f_clean,4464,4464,0,0.0,17
first_temp,ed_first_temp,ed_first_temp_f_clean,3770,3770,0,0.0,47
triage_pain,ed_triage_pain,ed_triage_pain_clean,4354,3994,360,0.08268259072117592,0
first_pain,ed_first_pain,ed_first_pain_clean,3805,3805,0,0.0,0
triage_sbp,ed_triage_sbp,ed_triage_sbp_clean,4749,4745,4,0.0008422825858075384,0
triage_dbp,ed_triage_dbp,ed_triage_dbp_clean,4716,4705,11,0.002332485156912638,0
first_sbp,ed_first_sbp,ed_first_sbp_clean,5129,5123,6,0.0011698186781048938,0
first_dbp,ed_first_dbp,ed_first_dbp_clean,5129,5121,8,0.0015597582374731916,0
triage_o2sat,ed_triage_o2sat,ed_triage_o2sat_clean,4711,4711,0,0.0,0
first_o2sat,ed_first_o2sat,ed_first_o2sat_clean,5027,5027,0,0.0,0
