{
  "run_id": "cohort_20260220_081458",
  "generated_utc": "2026-02-20T15:14:58.750320+00:00",
  "work_dir": "/Users/blocke/Box Sync/Residency Personal Files/Scholarly Work/Locke Research Projects/Hypercap-CC-NLP",
  "python_version": "3.11.10 (main, Oct 16 2024, 08:56:36) [Clang 18.1.8 ]",
  "uv_version": "uv 0.9.28 (Homebrew 2026-01-29)",
  "git": {
    "branch": "main",
    "commit": "0707c583856e97729353655cf99e0aa39487e846",
    "dirty": true
  },
  "package_versions": {
    "pandas": "2.2.2",
    "numpy": "2.3.5",
    "spacy": "3.8.11",
    "torch": "2.10.0",
    "sentence-transformers": "5.2.2"
  },
  "env_knobs": {
    "WORK_DIR": "<unset>",
    "CLASSIFIER_INPUT_FILENAME": "<unset>",
    "RATER_NLP_INPUT_FILENAME": "<unset>",
    "RATER_ANNOTATION_PATH": "<unset>",
    "ANALYSIS_INPUT_FILENAME": "<unset>",
    "BQ_QUERY_TIMEOUT_SECS": "<unset>",
    "WRITE_ARCHIVE_XLSX_EXPORTS": "<unset>",
    "COHORT_FAIL_ON_ALL_OTHER_SOURCE": "<unset>",
    "COHORT_WARN_OTHER_RATE": "<unset>",
    "COHORT_FAIL_OTHER_RATE": "<unset>",
    "COHORT_GAS_SOURCE_INFERENCE_MODE": "<unset>",
    "COHORT_FAIL_ON_OMR_ATTACH_INCONSISTENCY": "<unset>",
    "COHORT_ALLOW_EMPTY_OMR": "<unset>",
    "COHORT_ANTHRO_MIN_BMI_COVERAGE": "<unset>",
    "RUN_MANIFEST_STAGE_SCOPE": "<unset>",
    "GOOGLE_APPLICATION_CREDENTIALS": "<unset>",
    "HF_TOKEN": "<set>"
  },
  "stage": "cohort",
  "outputs": {
    "canonical_output_path": "/Users/blocke/Box Sync/Residency Personal Files/Scholarly Work/Locke Research Projects/Hypercap-CC-NLP/MIMIC tabular data/MIMICIV all with CC.xlsx",
    "canonical_output_sha256": "7405dff1273105034fdfcd035c6547136f04ad075610d485c782e5318ff77db8",
    "dated_output_path": "/Users/blocke/Box Sync/Residency Personal Files/Scholarly Work/Locke Research Projects/Hypercap-CC-NLP/MIMIC tabular data/prior runs/2026-02-20 MIMICIV all with CC.xlsx",
    "dated_output_sha256": "a46e601f2f0375fb5b17611702f5f92118ee38a229d4fb89f51eba63cb5ccb37",
    "gas_source_audit_path": "/Users/blocke/Box Sync/Residency Personal Files/Scholarly Work/Locke Research Projects/Hypercap-CC-NLP/MIMIC tabular data/prior runs/2026-02-20 gas_source_audit.json",
    "gas_source_overlap_summary_path": "/Users/blocke/Box Sync/Residency Personal Files/Scholarly Work/Locke Research Projects/Hypercap-CC-NLP/MIMIC tabular data/prior runs/2026-02-20 gas_source_overlap_summary.csv",
    "anthropometrics_coverage_audit_path": "/Users/blocke/Box Sync/Residency Personal Files/Scholarly Work/Locke Research Projects/Hypercap-CC-NLP/MIMIC tabular data/prior runs/2026-02-20 anthropometrics_coverage_audit.json",
    "ed_vitals_distribution_summary_path": "/Users/blocke/Box Sync/Residency Personal Files/Scholarly Work/Locke Research Projects/Hypercap-CC-NLP/MIMIC tabular data/prior runs/2026-02-20 ed_vitals_distribution_summary.csv",
    "ed_vitals_extreme_examples_path": "/Users/blocke/Box Sync/Residency Personal Files/Scholarly Work/Locke Research Projects/Hypercap-CC-NLP/MIMIC tabular data/prior runs/2026-02-20 ed_vitals_extreme_examples.csv",
    "ed_vitals_model_delta_path": "/Users/blocke/Box Sync/Residency Personal Files/Scholarly Work/Locke Research Projects/Hypercap-CC-NLP/MIMIC tabular data/prior runs/2026-02-20 ed_vitals_model_delta.csv",
    "outliers_audit_path": "/Users/blocke/Box Sync/Residency Personal Files/Scholarly Work/Locke Research Projects/Hypercap-CC-NLP/MIMIC tabular data/prior runs/2026-02-20 outliers_audit.csv"
  },
  "gas_source": {
    "mode": null,
    "source_rates": {
      "other": 0.6617519019140463,
      "arterial": 0.20549235666062432,
      "venous": 0.13275574142532937
    },
    "tier_rates": {
      "fallback_other": 0.6617519019140463,
      "specimen_text": 0.3382480980859537
    }
  },
  "anthropometrics": {
    "row_count": 11786,
    "field_nonnull_counts": {
      "bmi_closest_pre_ed": 7257,
      "height_closest_pre_ed": 7261,
      "weight_closest_pre_ed": 10210
    },
    "field_nonnull_rates": {
      "bmi_closest_pre_ed": 0.615730527744782,
      "height_closest_pre_ed": 0.6160699134566435,
      "weight_closest_pre_ed": 0.866282029526557
    },
    "source_counts": {
      "icu_charted": 10192,
      "missing": 1575,
      "omr": 19
    },
    "source_rates": {
      "icu_charted": 0.86475479382318,
      "missing": 0.1336331240454777,
      "omr": 0.0016120821313422705
    },
    "timing_basis_counts": {
      "nearest_anytime": 10192,
      "missing": 1575,
      "post": 19
    },
    "timing_basis_rates": {
      "nearest_anytime": 0.86475479382318,
      "missing": 0.1336331240454777,
      "post": 0.0016120821313422705
    },
    "omr": {
      "window_days": 365,
      "source_rows_prepared": 46494,
      "parsed_value_rows": 46489,
      "ed_rows": 11786,
      "ed_rows_eligible_for_join": 11786,
      "subject_overlap_count": 626,
      "candidate_rows_after_subject_join": 1940,
      "days_before_min": -4034,
      "days_before_max": -275,
      "nonnegative_candidate_rows": 0,
      "pre_window_candidate_rows": 0,
      "post_window_candidate_rows": 21,
      "closest_absolute_candidate_rows": 21,
      "within_window_candidate_rows": 0,
      "eligible_ed_stays_with_candidates": 19,
      "attached_non_null_counts": {
        "bmi_closest_pre_ed": 8,
        "height_closest_pre_ed": 1,
        "weight_closest_pre_ed": 13
      },
      "attached_any_non_null_rows": 19,
      "selected_tier_counts": {
        "pre_ed_365": 0,
        "post_ed_365": 19,
        "missing": 11767
      },
      "selected_tier_rates": {
        "pre_ed_365": 0.0,
        "post_ed_365": 0.0016120821313422705,
        "missing": 0.9983879178686578
      },
      "timing_uncertain_count": 19,
      "anthro_source_counts": {
        "missing": 11767,
        "omr": 19
      },
      "source_rows_raw": 46494,
      "prepared_rows": 46494
    },
    "charted_fallback": {
      "charted_rows_input": 421296,
      "charted_rows_usable": 421296,
      "nearest_anytime": true,
      "filled_counts": {
        "bmi_closest_pre_ed": 0,
        "height_closest_pre_ed": 7260,
        "weight_closest_pre_ed": 10197
      },
      "rows_with_any_charted_fill": 10207,
      "subject_overlap_count": 7911,
      "fallback_source_counts": {
        "icu_charted": 10192,
        "omr": 15
      },
      "bmi_filled_from_height_weight": 7249,
      "enabled": true
    },
    "cleaning_audit_path": "/Users/blocke/Box Sync/Residency Personal Files/Scholarly Work/Locke Research Projects/Hypercap-CC-NLP/MIMIC tabular data/prior runs/2026-02-20 anthropometric_cleaning_audit.csv"
  }
}