{
  "panel_rows": 70061,
  "source_present": true,
  "source_counts": {
    "other": 46363,
    "arterial": 14397,
    "venous": 9301
  },
  "source_rates": {
    "other": 0.6617519019140463,
    "arterial": 0.20549235666062432,
    "venous": 0.13275574142532937
  },
  "all_other_or_unknown": false,
  "tier_counts": {
    "fallback_other": 46363,
    "specimen_text": 23698
  },
  "tier_rates": {
    "fallback_other": 0.6617519019140463,
    "specimen_text": 0.3382480980859537
  },
  "mode": "specimen_only",
  "resolved_rows": 23698,
  "resolved_rate": 0.3382480980859537,
  "unresolved_specimen_id_count": 46332,
  "unresolved_specimen_id_examples": [
    1068183,
    2752210,
    12826971,
    39367736,
    45465398,
    54325826,
    95145860,
    97178600,
    9593781,
    81892638,
    18027495,
    29753913,
    39459350,
    75616262,
    50588428,
    86652150,
    88463482,
    45338459,
    62225368,
    65374931
  ],
  "heuristic_reference": {
    "panel_rows": 70061,
    "source_present": true,
    "source_counts": {
      "other": 25396,
      "arterial": 25314,
      "venous": 19351
    },
    "source_rates": {
      "other": 0.3624841209802886,
      "arterial": 0.3613137123363926,
      "venous": 0.2762021666833188
    },
    "all_other_or_unknown": false,
    "tier_counts": {
      "fallback_other": 25396,
      "specimen_text": 23698,
      "cluster_inheritance": 20967
    },
    "tier_rates": {
      "fallback_other": 0.3624841209802886,
      "specimen_text": 0.3382480980859537,
      "cluster_inheritance": 0.2992677809337577
    },
    "mode": "metadata_only",
    "resolved_rows": 44665,
    "resolved_rate": 0.6375158790197114,
    "unresolved_specimen_id_count": 25379,
    "unresolved_specimen_id_examples": [
      1068183,
      2752210,
      12826971,
      39367736,
      45465398,
      54325826,
      95145860,
      97178600,
      9593781,
      81892638,
      18027495,
      29753913,
      39459350,
      75616262,
      50588428,
      86652150,
      88463482,
      45338459,
      62225368,
      75880307
    ],
    "unresolved_value_text_top": {
      "___": 4748,
      "0.9": 1038,
      "0.8": 1035,
      "0.7": 935,
      "1.0": 916,
      "138": 851,
      "139": 819,
      "140": 788,
      "1.1": 778,
      "141": 777,
      "101": 747,
      "103": 745,
      "0.6": 739,
      "102": 739,
      "104": 720
    },
    "unresolved_label_top": {
      "Sodium | Blood": 11349,
      "Chloride | Blood": 11250,
      "Creatinine | Blood": 11112,
      "Hemoglobin | Blood": 10074,
      "Lactate | Blood": 2500,
      "pH | Blood": 796,
      "Sodium, Urine | Urine": 788,
      "Creatinine, Urine | Urine": 742,
      "pCO2 | Blood": 700,
      "Calculated Total CO2 | Blood": 699,
      "Specimen Type | Blood": 500,
      "Chloride, Urine | Urine": 476,
      "Sodium, Whole Blood | Blood": 354,
      "Chloride, Whole Blood | Blood": 200,
      "Calculated Bicarbonate, Whole Blood | Blood": 97
    }
  },
  "baseline_other_rate": 0.3624841209802886,
  "baseline_path": "/Users/blocke/Box Sync/Residency Personal Files/Scholarly Work/Locke Research Projects/Hypercap-CC-NLP/MIMIC tabular data/prior runs/2026-02-18 gas_source_audit.json",
  "relative_reduction_vs_baseline": -0.8256024570798551,
  "relative_reduction_target": 0.0
}