source_branch,analyte,itemid,label,category,fluid,cohort_row_count,manifest_version,present_in_dictionary
LAB,gas_pco2,50818,pCO2,Blood Gas,Blood,100692,2026-02-20.1,1
LAB,gas_po2,50821,pO2,Blood Gas,Blood,100741,2026-02-20.1,1
LAB,gas_ph,50820,pH,Blood Gas,Blood,104132,2026-02-20.1,1
LAB,gas_hco3,50803,"Calculated Bicarbonate, Whole Blood",Blood Gas,Blood,851,2026-02-20.1,1
LAB,gas_specimen,52033,Specimen Type,Blood Gas,Blood,109616,2026-02-20.1,1
ICU,pco2,220235,Arterial CO2 Pressure,Labs,,12037,2026-02-20.1,1
ICU,pco2,226062,Venous CO2 Pressure,Labs,,5454,2026-02-20.1,1
ICU,po2,220224,Arterial O2 pressure,Labs,,12036,2026-02-20.1,1
ICU,po2,226063,Venous O2 Pressure,Labs,,5458,2026-02-20.1,1
ICU,ph,220274,PH (Venous),Labs,,5677,2026-02-20.1,1
ICU,ph,223830,PH (Arterial),Labs,,12129,2026-02-20.1,1
