{
  "window_days": 365,
  "source_rows_prepared": 4908307,
  "parsed_value_rows": 4908301,
  "ed_rows": 7166,
  "ed_rows_eligible_for_join": 7166,
  "subject_overlap_count": 3919,
  "candidate_rows_after_subject_join": 134240,
  "days_before_min": -4034,
  "days_before_max": 4721,
  "nonnegative_candidate_rows": 91549,
  "pre_window_candidate_rows": 23777,
  "post_window_candidate_rows": 19595,
  "closest_absolute_candidate_rows": 43372,
  "within_window_candidate_rows": 23777,
  "eligible_ed_stays_with_candidates": 4869,
  "attached_non_null_counts": {
    "bmi_closest_pre_ed": 4525,
    "height_closest_pre_ed": 3737,
    "weight_closest_pre_ed": 4858
  },
  "attached_any_non_null_rows": 4869,
  "selected_tier_counts": {
    "pre_ed_365": 3651,
    "post_ed_365": 1218,
    "missing": 2297
  },
  "selected_tier_rates": {
    "pre_ed_365": 0.5094892548144013,
    "post_ed_365": 0.16996929946971812,
    "missing": 0.32054144571588056
  },
  "timing_uncertain_count": 1218,
  "anthro_source_counts": {
    "HOSPITAL": 4869,
    "missing": 2297
  },
  "source_rows_raw": 4908307,
  "prepared_rows": 4908307
}