scope_frame,source_branch,site,pco2_n,ph_present_n,po2_present_n,ph_po2_present_n,ph_present_rate_given_pco2,po2_present_rate_given_pco2,triplet_present_rate_given_pco2
final_cc_preview,LAB,arterial,4533,4533,4531,4531,1.0,0.99955879108758,0.99955879108758
final_cc_preview,LAB,venous,4729,4728,4729,4728,0.9997885388031297,1.0,0.9997885388031297
final_cc_preview,LAB,unknown,1326,1325,1325,1324,0.9992458521870287,0.9992458521870287,0.9984917043740573
final_cc_preview,POC,arterial,4097,4097,4095,4095,1.0,0.9995118379301928,0.9995118379301928
final_cc_preview,POC,venous,3561,3561,3561,3561,1.0,1.0,1.0
final_cc_preview,POC,unknown,0,0,0,0,0.0,0.0,0.0
