vital_name,raw_column,clean_column,raw_n_non_missing,raw_missing_pct,raw_min,raw_p1,raw_median,raw_mean,raw_p99,raw_max,clean_n_non_missing,clean_missing_pct,clean_min,clean_p1,clean_median,clean_mean,clean_p99,clean_max,ed_triage_temp_was_celsius_like_count,ed_triage_temp_was_celsius_like_pct,ed_triage_temp_out_of_range_count,ed_triage_temp_out_of_range_pct,ed_first_temp_was_celsius_like_count,ed_first_temp_was_celsius_like_pct,ed_first_temp_out_of_range_count,ed_first_temp_out_of_range_pct,ed_triage_pain_is_sentinel_13_count,ed_triage_pain_is_sentinel_13_pct,ed_triage_pain_out_of_range_count,ed_triage_pain_out_of_range_pct,ed_first_pain_is_sentinel_13_count,ed_first_pain_is_sentinel_13_pct,ed_first_pain_out_of_range_count,ed_first_pain_out_of_range_pct,ed_triage_sbp_out_of_range_count,ed_triage_sbp_out_of_range_pct,ed_triage_dbp_out_of_range_count,ed_triage_dbp_out_of_range_pct,ed_first_sbp_out_of_range_count,ed_first_sbp_out_of_range_pct,ed_first_dbp_out_of_range_count,ed_first_dbp_out_of_range_pct,ed_triage_o2sat_gt_100_count,ed_triage_o2sat_gt_100_pct,ed_triage_o2sat_out_of_range_count,ed_triage_o2sat_out_of_range_pct,ed_triage_o2sat_zero_count,ed_triage_o2sat_zero_pct,ed_first_o2sat_gt_100_count,ed_first_o2sat_gt_100_pct,ed_first_o2sat_out_of_range_count,ed_first_o2sat_out_of_range_pct,ed_first_o2sat_zero_count,ed_first_o2sat_zero_pct
triage_temp,ed_triage_temp,ed_triage_temp_f_clean,4464,37.71,28.6,95.0,98.0,97.85412275985664,102.13699999999999,107.0,4464,37.71,82.0,95.263,98.0,98.08713351254481,102.2,107.0,17.0,0.0023723137036003347,0.0,0.0,,,,,,,,,,,,,,,,,,,,,,,,,,,,,,,,
first_temp,ed_first_temp,ed_first_temp_f_clean,3770,47.39,28.6,37.275999999999996,98.0,97.40256763925731,103.0,107.0,3770,47.39,82.0,95.0,98.0,98.15722015915121,103.0,107.0,,,,,47.0,0.006558749651130338,0.0,0.0,,,,,,,,,,,,,,,,,,,,,,,,,,,,
triage_pain,ed_triage_pain,ed_triage_pain_clean,4354,39.24,0.0,0.0,0.0,3.6596233348644924,13.0,90.0,3994,44.26,0.0,0.0,0.0,2.78242363545318,10.0,10.0,,,,,,,,,357.0,0.049818587775607034,3.0,0.0004186435947530003,,,,,,,,,,,,,,,,,,,,,,,,
first_pain,ed_first_pain,ed_first_pain_clean,3805,46.9,0.0,0.0,0.0,2.4558475689881734,10.0,10.0,3805,46.9,0.0,0.0,0.0,2.4558475689881734,10.0,10.0,,,,,,,,,,,,,0.0,0.0,0.0,0.0,,,,,,,,,,,,,,,,,,,,
triage_sbp,ed_triage_sbp,ed_triage_sbp_clean,4749,33.73,12.0,72.0,128.0,130.0341124447252,210.0,248.0,4745,33.78,24.0,73.0,129.0,130.131717597471,210.0,248.0,,,,,,,,,,,,,,,,,4.0,0.0005581914596706671,,,,,,,,,,,,,,,,,,
triage_dbp,ed_triage_dbp,ed_triage_dbp_clean,4716,34.19,4.0,36.0,72.0,76.09054283290925,125.0,7110.0,4705,34.34,13.0,36.0,72.0,73.24718384697131,124.0,173.0,,,,,,,,,,,,,,,,,,,11.0,0.0015350265140943343,,,,,,,,,,,,,,,,
first_sbp,ed_first_sbp,ed_first_sbp_clean,5129,28.43,10.0,70.0,127.0,128.32325989471633,209.72000000000025,268.0,5123,28.51,53.0,71.0,127.0,128.458130001952,209.77999999999975,268.0,,,,,,,,,,,,,,,,,,,,,6.0,0.0008372871895060006,,,,,,,,,,,,,,
first_dbp,ed_first_dbp,ed_first_dbp_clean,5129,28.43,7.0,35.0,71.0,74.11405732111523,126.72000000000025,7110.0,5121,28.54,20.0,35.0,71.0,72.25815270454989,124.0,195.0,,,,,,,,,,,,,,,,,,,,,,,8.0,0.0011163829193413341,,,,,,,,,,,,
triage_o2sat,ed_triage_o2sat,ed_triage_o2sat_clean,4711,34.26,49.0,75.0,97.0,95.71746975164508,100.0,100.0,4711,34.26,49.0,75.0,97.0,95.71746975164508,100.0,100.0,,,,,,,,,,,,,,,,,,,,,,,,,0.0,0.0,0.0,0.0,0.0,0.0,,,,,,
first_o2sat,ed_first_o2sat,ed_first_o2sat_clean,5027,29.85,10.0,75.0,97.0,95.84583250447584,100.0,100.0,5027,29.85,10.0,75.0,97.0,95.84583250447584,100.0,100.0,,,,,,,,,,,,,,,,,,,,,,,,,,,,,,,0.0,0.0,0.0,0.0,0.0,0.0
