metric,value,audit_type,rfv1_name,row_count,row_rate
abnormal_lab_rows,287,summary,,,
abnormal_loss_rows,0,summary,,,
abnormal_test_result_rows,128,summary,,,
eye_ear_rows,0,summary,,,
rfv_distribution,128,rfv_distribution,Abnormal test result,128.0,0.445993031358885
rfv_distribution,30,rfv_distribution,Symptom – Respiratory,30.0,0.10452961672473868
rfv_distribution,29,rfv_distribution,Symptom – Digestive,29.0,0.10104529616724739
rfv_distribution,27,rfv_distribution,Symptom – Nervous,27.0,0.09407665505226481
rfv_distribution,24,rfv_distribution,Symptom – Circulatory,24.0,0.08362369337979095
rfv_distribution,20,rfv_distribution,Symptom – General,20.0,0.06968641114982578
rfv_distribution,8,rfv_distribution,Diseases (patient-stated),8.0,0.027874564459930314
rfv_distribution,6,rfv_distribution,Symptom – Genitourinary,6.0,0.020905923344947737
rfv_distribution,5,rfv_distribution,Symptom – Skin/Hair/Nails,5.0,0.017421602787456445
rfv_distribution,4,rfv_distribution,Symptom – Musculoskeletal,4.0,0.013937282229965157
rfv_distribution,4,rfv_distribution,Injuries & adverse effects,4.0,0.013937282229965157
rfv_distribution,2,rfv_distribution,Symptom – Psychological,2.0,0.006968641114982578
