{
  "window_days": 365,
  "source_rows_prepared": 4908307,
  "parsed_value_rows": 4908301,
  "ed_rows": 11963,
  "ed_rows_eligible_for_join": 11963,
  "subject_overlap_count": 6918,
  "candidate_rows_after_subject_join": 233848,
  "days_before_min": -4034,
  "days_before_max": 4721,
  "nonnegative_candidate_rows": 156450,
  "pre_window_candidate_rows": 43457,
  "post_window_candidate_rows": 35979,
  "closest_absolute_candidate_rows": 79436,
  "within_window_candidate_rows": 43457,
  "eligible_ed_stays_with_candidates": 8738,
  "attached_non_null_counts": {
    "bmi_closest_pre_ed": 8152,
    "height_closest_pre_ed": 6805,
    "weight_closest_pre_ed": 8717
  },
  "attached_any_non_null_rows": 8738,
  "selected_tier_counts": {
    "pre_ed_365": 6539,
    "post_ed_365": 2199,
    "missing": 3225
  },
  "selected_tier_rates": {
    "pre_ed_365": 0.5466020229039539,
    "post_ed_365": 0.18381676836913818,
    "missing": 0.26958120872690794
  },
  "timing_uncertain_count": 2199,
  "anthro_source_counts": {
    "HOSPITAL": 8738,
    "missing": 3225
  },
  "source_rows_raw": 4908307,
  "prepared_rows": 4908307
}