scope,label,row_count,first_hco3_nonnull_n,coverage_rate
overall,all_rows,11963,11353,0.9490094457911895
enrollment_route,GAS_ONLY,9976,9498,0.9520850040096231
enrollment_route,ICD+GAS,1545,1486,0.9618122977346278
enrollment_route,ICD_ONLY,442,369,0.834841628959276
qualifying_source_branch,LAB,10638,10110,0.9503666102650874
qualifying_source_branch,POC,883,874,0.9898074745186863
qualifying_source_branch,UNKNOWN,442,369,0.834841628959276
first_hco3_source,gas_derived,6189,6189,1.0
first_hco3_source,gas_measured,40,40,1.0
first_hco3_source,missing,610,0,0.0
first_hco3_source,serum_lab,5124,5124,1.0
