vital_name,raw_column,clean_column,raw_n_non_missing,raw_missing_pct,raw_min,raw_p1,raw_median,raw_mean,raw_p99,raw_max,clean_n_non_missing,clean_missing_pct,clean_min,clean_p1,clean_median,clean_mean,clean_p99,clean_max,ed_triage_temp_was_celsius_like_count,ed_triage_temp_was_celsius_like_pct,ed_triage_temp_out_of_range_count,ed_triage_temp_out_of_range_pct,ed_first_temp_was_celsius_like_count,ed_first_temp_was_celsius_like_pct,ed_first_temp_out_of_range_count,ed_first_temp_out_of_range_pct,ed_triage_pain_is_sentinel_13_count,ed_triage_pain_is_sentinel_13_pct,ed_triage_pain_out_of_range_count,ed_triage_pain_out_of_range_pct,ed_first_pain_is_sentinel_13_count,ed_first_pain_is_sentinel_13_pct,ed_first_pain_out_of_range_count,ed_first_pain_out_of_range_pct,ed_triage_sbp_out_of_range_count,ed_triage_sbp_out_of_range_pct,ed_triage_dbp_out_of_range_count,ed_triage_dbp_out_of_range_pct,ed_first_sbp_out_of_range_count,ed_first_sbp_out_of_range_pct,ed_first_dbp_out_of_range_count,ed_first_dbp_out_of_range_pct,ed_triage_o2sat_gt_100_count,ed_triage_o2sat_gt_100_pct,ed_triage_o2sat_out_of_range_count,ed_triage_o2sat_out_of_range_pct,ed_triage_o2sat_zero_count,ed_triage_o2sat_zero_pct,ed_first_o2sat_gt_100_count,ed_first_o2sat_gt_100_pct,ed_first_o2sat_out_of_range_count,ed_first_o2sat_out_of_range_pct,ed_first_o2sat_zero_count,ed_first_o2sat_zero_pct
triage_temp,ed_triage_temp,ed_triage_temp_f_clean,8398,29.8,9.1,95.2,98.0,97.93995879971422,102.1,107.0,8397,29.81,80.0,95.5,98.0,98.09641943551267,102.1,107.0,20.0,0.0016718214494691967,1.0,8.359107247345983e-05,,,,,,,,,,,,,,,,,,,,,,,,,,,,,,,,
first_temp,ed_first_temp,ed_first_temp_f_clean,6960,41.82,28.6,90.918,98.0,97.67110488505746,102.7,107.0,6960,41.82,80.0,95.1,98.0,98.15704741379311,102.7,107.0,,,,,56.0,0.004681100058513751,0.0,0.0,,,,,,,,,,,,,,,,,,,,,,,,,,,,
triage_pain,ed_triage_pain,ed_triage_pain_clean,8207,31.4,0.0,0.0,0.0,3.6625441696113072,13.0,134.0,7640,36.14,0.0,0.0,0.0,2.9355366492146597,10.0,10.0,,,,,,,,,562.0,0.046978182730084424,5.0,0.00041795536236729916,,,,,,,,,,,,,,,,,,,,,,,,
first_pain,ed_first_pain,ed_first_pain_clean,7131,40.39,0.0,0.0,0.0,2.6684896928901978,10.0,10.0,7131,40.39,0.0,0.0,0.0,2.6684896928901978,10.0,10.0,,,,,,,,,,,,,0.0,0.0,0.0,0.0,,,,,,,,,,,,,,,,,,,,
triage_sbp,ed_triage_sbp,ed_triage_sbp_clean,8843,26.08,12.0,74.0,128.0,131.07915865656452,204.0,9656.0,8836,26.14,24.0,75.0,128.0,130.0800135808058,203.64999999999964,256.0,,,,,,,,,,,,,,,,,7.0,0.0005851375073142189,,,,,,,,,,,,,,,,,,
triage_dbp,ed_triage_dbp,ed_triage_dbp_clean,8802,26.42,4.0,37.0,72.0,75.51181549647808,120.0,8132.0,8789,26.53,13.0,37.0,72.0,73.05745818636933,120.0,173.0,,,,,,,,,,,,,,,,,,,13.0,0.001086683942154978,,,,,,,,,,,,,,,,
first_sbp,ed_first_sbp,ed_first_sbp_clean,9245,22.72,10.0,73.0,127.0,128.77306652244457,204.0,268.0,9238,22.78,43.0,74.0,127.0,128.86090062784152,204.0,268.0,,,,,,,,,,,,,,,,,,,,,7.0,0.0005851375073142189,,,,,,,,,,,,,,
first_dbp,ed_first_dbp,ed_first_dbp_clean,9245,22.72,7.0,36.0,71.0,73.26814494321255,121.0,7110.0,9235,22.8,19.0,36.0,71.0,72.15159718462371,120.0,195.0,,,,,,,,,,,,,,,,,,,,,,,10.0,0.0008359107247345983,,,,,,,,,,,,
triage_o2sat,ed_triage_o2sat,ed_triage_o2sat_clean,8746,26.89,9.0,77.45,97.0,96.29705008003658,100.0,1000.0,8745,26.9,9.0,77.44,97.0,96.1937106918239,100.0,100.0,,,,,,,,,,,,,,,,,,,,,,,,,1.0,8.359107247345983e-05,0.0,0.0,0.0,0.0,,,,,,
first_o2sat,ed_first_o2sat,ed_first_o2sat_clean,9004,24.73,10.0,77.0,97.0,96.3286317192359,100.0,1000.0,9003,24.74,10.0,77.0,97.0,96.22825724758414,100.0,100.0,,,,,,,,,,,,,,,,,,,,,,,,,,,,,,,1.0,8.359107247345983e-05,0.0,0.0,0.0,0.0
