vital_name,raw_column,clean_column,raw_n,clean_n,raw_removed_n,raw_removed_pct,converted_celsius_like_n
triage_temp,ed_triage_temp,ed_triage_temp_f_clean,8398,8397,1,0.00011907597046915932,20
first_temp,ed_first_temp,ed_first_temp_f_clean,6960,6960,0,0.0,56
triage_pain,ed_triage_pain,ed_triage_pain_clean,8207,7640,567,0.06908736444498599,0
first_pain,ed_first_pain,ed_first_pain_clean,7131,7131,0,0.0,0
triage_sbp,ed_triage_sbp,ed_triage_sbp_clean,8843,8836,7,0.0007915865656451431,0
triage_dbp,ed_triage_dbp,ed_triage_dbp_clean,8802,8789,13,0.0014769370597591455,0
first_sbp,ed_first_sbp,ed_first_sbp_clean,9245,9238,7,0.0007571660356949703,0
first_dbp,ed_first_dbp,ed_first_dbp_clean,9245,9235,10,0.001081665765278529,0
triage_o2sat,ed_triage_o2sat,ed_triage_o2sat_clean,8746,8745,1,0.0001143379830779785,0
first_o2sat,ed_first_o2sat,ed_first_o2sat_clean,9004,9003,1,0.00011106175033318525,0
