scope_frame,source_branch,site,pco2_n,ph_present_n,po2_present_n,ph_po2_present_n,ph_present_rate_given_pco2,po2_present_rate_given_pco2,triplet_present_rate_given_pco2
final_cc_preview,LAB,arterial,8141,8141,8139,8139,1.0,0.9997543299348974,0.9997543299348974
final_cc_preview,LAB,venous,7639,7638,7638,7637,0.9998690928131955,0.9998690928131955,0.9997381856263909
final_cc_preview,LAB,unknown,2507,2506,2506,2505,0.9996011168727563,0.9996011168727563,0.9992022337455125
final_cc_preview,POC,arterial,6875,6875,6871,6871,1.0,0.9994181818181819,0.9994181818181819
final_cc_preview,POC,venous,5339,5339,5337,5337,1.0,0.9996253980146095,0.9996253980146095
final_cc_preview,POC,unknown,0,0,0,0,0.0,0.0,0.0
