hadm_id,subject_id,cc_text_for_nlp,cc_cleaned_str,cc_spell_mode_selected,cc_spellfix_log
22591856,12241660,STOKE,stroke,strict,"[{""segment_idx"": 0, ""token_idx"": 0, ""segment_raw"": ""stoke"", ""orig"": ""stoke"", ""corrected"": ""stroke"", ""edit_distance"": 1}]"
29718045,19713100,UTI COMPLAINTS,urinary tract infection complain,strict,"[{""segment_idx"": 0, ""token_idx"": 3, ""segment_raw"": ""urinary tract infection complaints"", ""orig"": ""complaints"", ""corrected"": ""complains"", ""edit_distance"": 1}]"
27013245,19966188,SEIZURES,seizure,strict,"[{""segment_idx"": 0, ""token_idx"": 0, ""segment_raw"": ""seizures"", ""orig"": ""seizures"", ""corrected"": ""seizure"", ""edit_distance"": 1}]"
21788397,18120946,VOMITTING,vomit,strict,"[{""segment_idx"": 0, ""token_idx"": 0, ""segment_raw"": ""vomitting"", ""orig"": ""vomitting"", ""corrected"": ""vomiting"", ""edit_distance"": 1}]"
28118644,10625972,FEVERS,fever,strict,"[{""segment_idx"": 0, ""token_idx"": 0, ""segment_raw"": ""fevers"", ""orig"": ""fevers"", ""corrected"": ""fever"", ""edit_distance"": 1}]"
29132786,16057886,RESPIRTORY ARREST,respiratory arrest,strict,"[{""segment_idx"": 0, ""token_idx"": 0, ""segment_raw"": ""respirtory arrest"", ""orig"": ""respirtory"", ""corrected"": ""respiratory"", ""edit_distance"": 1}]"
22584136,10691024,?PMEUMONIA,pneumonia,strict,"[{""segment_idx"": 0, ""token_idx"": 0, ""segment_raw"": ""pmeumonia"", ""orig"": ""pmeumonia"", ""corrected"": ""pneumonia"", ""edit_distance"": 1}]"
29920089,14841168,FEVERS,fever,strict,"[{""segment_idx"": 0, ""token_idx"": 0, ""segment_raw"": ""fevers"", ""orig"": ""fevers"", ""corrected"": ""fever"", ""edit_distance"": 1}]"
29840490,18052788,FEVERS,fever,strict,"[{""segment_idx"": 0, ""token_idx"": 0, ""segment_raw"": ""fevers"", ""orig"": ""fevers"", ""corrected"": ""fever"", ""edit_distance"": 1}]"
21648828,11030576,"s/p Fall, FEMER FX",status post fall; fever fx,strict,"[{""segment_idx"": 1, ""token_idx"": 0, ""segment_raw"": ""femer fx"", ""orig"": ""femer"", ""corrected"": ""fever"", ""edit_distance"": 1}]"
23481781,10192748,FEVERS,fever,strict,"[{""segment_idx"": 0, ""token_idx"": 0, ""segment_raw"": ""fevers"", ""orig"": ""fevers"", ""corrected"": ""fever"", ""edit_distance"": 1}]"
24292959,17168033,AKTERED MS,alter ms,strict,"[{""segment_idx"": 0, ""token_idx"": 0, ""segment_raw"": ""aktered ms"", ""orig"": ""aktered"", ""corrected"": ""altered"", ""edit_distance"": 1}]"
24036082,16654740,FEVERS,fever,strict,"[{""segment_idx"": 0, ""token_idx"": 0, ""segment_raw"": ""fevers"", ""orig"": ""fevers"", ""corrected"": ""fever"", ""edit_distance"": 1}]"
27914462,17218341,"ISCHEMICX LEG,HYPOTENSION",ischemic leg; hypotension,strict,"[{""segment_idx"": 0, ""token_idx"": 0, ""segment_raw"": ""ischemicx leg"", ""orig"": ""ischemicx"", ""corrected"": ""ischemic"", ""edit_distance"": 1}]"
26750279,15998296,FEVERS,fever,strict,"[{""segment_idx"": 0, ""token_idx"": 0, ""segment_raw"": ""fevers"", ""orig"": ""fevers"", ""corrected"": ""fever"", ""edit_distance"": 1}]"
25172174,18799160,NAUSE/VOMITING,nausea; vomit,strict,"[{""segment_idx"": 0, ""token_idx"": 0, ""segment_raw"": ""nause"", ""orig"": ""nause"", ""corrected"": ""nausea"", ""edit_distance"": 1}]"
24839160,15379960,"FEVERS, COUGH",fever; cough,strict,"[{""segment_idx"": 0, ""token_idx"": 0, ""segment_raw"": ""fevers"", ""orig"": ""fevers"", ""corrected"": ""fever"", ""edit_distance"": 1}]"
21753633,16164779,RESPIRATOTRY DISTRESS,respiratory distress,strict,"[{""segment_idx"": 0, ""token_idx"": 0, ""segment_raw"": ""respiratotry distress"", ""orig"": ""respiratotry"", ""corrected"": ""respiratory"", ""edit_distance"": 1}]"
28407231,16521348,UTI COMPLAINTS,urinary tract infection complain,strict,"[{""segment_idx"": 0, ""token_idx"": 3, ""segment_raw"": ""urinary tract infection complaints"", ""orig"": ""complaints"", ""corrected"": ""complains"", ""edit_distance"": 1}]"
29327810,10790404,DYSPENA,dyspnea,strict,"[{""segment_idx"": 0, ""token_idx"": 0, ""segment_raw"": ""dyspena"", ""orig"": ""dyspena"", ""corrected"": ""dyspnea"", ""edit_distance"": 1}]"
26838444,19028690,ABDONINAL DISTENTION,abdominal distention,strict,"[{""segment_idx"": 0, ""token_idx"": 0, ""segment_raw"": ""abdoninal distention"", ""orig"": ""abdoninal"", ""corrected"": ""abdominal"", ""edit_distance"": 1}]"
29867077,11148580,MULTIPLE COMPLAINTS,multiple complain,strict,"[{""segment_idx"": 0, ""token_idx"": 1, ""segment_raw"": ""multiple complaints"", ""orig"": ""complaints"", ""corrected"": ""complains"", ""edit_distance"": 1}]"
20708111,13440565,UTI/FEVERS,urinary tract infection; fever,strict,"[{""segment_idx"": 1, ""token_idx"": 0, ""segment_raw"": ""fevers"", ""orig"": ""fevers"", ""corrected"": ""fever"", ""edit_distance"": 1}]"
28904663,10160622,FEVER/LEG WOUNDS,fever; leg wound,strict,"[{""segment_idx"": 1, ""token_idx"": 1, ""segment_raw"": ""leg wounds"", ""orig"": ""wounds"", ""corrected"": ""wound"", ""edit_distance"": 1}]"
22429517,11360891,SHORT OF BREATHE,short of breath,strict,"[{""segment_idx"": 0, ""token_idx"": 2, ""segment_raw"": ""short of breathe"", ""orig"": ""breathe"", ""corrected"": ""breath"", ""edit_distance"": 1}]"
26850411,16969063,FEVERS,fever,strict,"[{""segment_idx"": 0, ""token_idx"": 0, ""segment_raw"": ""fevers"", ""orig"": ""fevers"", ""corrected"": ""fever"", ""edit_distance"": 1}]"
29426099,18572519,FEVERS AND RUQ PAIN,fever; right upper quadrant pain,strict,"[{""segment_idx"": 0, ""token_idx"": 0, ""segment_raw"": ""fevers"", ""orig"": ""fevers"", ""corrected"": ""fever"", ""edit_distance"": 1}]"
26612283,17686783,S/P SIEZURE,status post seizure,strict,"[{""segment_idx"": 0, ""token_idx"": 2, ""segment_raw"": ""status post siezure"", ""orig"": ""siezure"", ""corrected"": ""seizure"", ""edit_distance"": 1}]"
25847648,14741806,"Leg swelling, ORAL SORES",leg swell; oral sore,strict,"[{""segment_idx"": 1, ""token_idx"": 1, ""segment_raw"": ""oral sores"", ""orig"": ""sores"", ""corrected"": ""sore"", ""edit_distance"": 1}]"
27677279,18341991,FEVERS,fever,strict,"[{""segment_idx"": 0, ""token_idx"": 0, ""segment_raw"": ""fevers"", ""orig"": ""fevers"", ""corrected"": ""fever"", ""edit_distance"": 1}]"
20423529,15495411,"COUGH,VOMITTING",cough; vomit,strict,"[{""segment_idx"": 1, ""token_idx"": 0, ""segment_raw"": ""vomitting"", ""orig"": ""vomitting"", ""corrected"": ""vomiting"", ""edit_distance"": 1}]"
28996038,15300920,"ABOMINAL PAIN, Transfer",abdominal pain; transfer,strict,"[{""segment_idx"": 0, ""token_idx"": 0, ""segment_raw"": ""abominal pain"", ""orig"": ""abominal"", ""corrected"": ""abdominal"", ""edit_distance"": 1}]"
25682163,19461484,HEADACE,headache,strict,"[{""segment_idx"": 0, ""token_idx"": 0, ""segment_raw"": ""headace"", ""orig"": ""headace"", ""corrected"": ""headache"", ""edit_distance"": 1}]"
