raw_column,model_column,lower_bound_exclusive,upper_bound_inclusive,raw_non_missing_n,outlier_n,model_non_missing_n,abs_diff_gt_5_n,abs_diff_gt_7_5_n,abs_diff_p50,abs_diff_p95,abs_diff_max
bmi_closest_pre_ed,bmi_closest_pre_ed_model,10.0,100.0,10707,54,10653,,,,,
height_closest_pre_ed,height_closest_pre_ed_model,100.0,230.0,10778,39,10739,,,,,
weight_closest_pre_ed,weight_closest_pre_ed_model,25.0,400.0,11833,28,11805,,,,,
bmi_recorded_vs_computed_consistency,bmi_closest_pre_ed_model,,,6981,457,6981,457.0,200.0,0.038270985933380075,5.707664806709211,107813.02454648526
