source_branch,analyte,itemid,label,category,fluid,cohort_row_count,manifest_version,present_in_dictionary
LAB,gas_pco2,50818,pCO2,Blood Gas,Blood,494202,2026-02-20.1,1
LAB,gas_po2,50821,pO2,Blood Gas,Blood,494394,2026-02-20.1,1
LAB,gas_ph,50820,pH,Blood Gas,Blood,523118,2026-02-20.1,1
LAB,gas_hco3,50803,"Calculated Bicarbonate, Whole Blood",Blood Gas,Blood,5375,2026-02-20.1,1
LAB,gas_specimen,52033,Specimen Type,Blood Gas,Blood,560966,2026-02-20.1,1
ICU,pco2,220235,Arterial CO2 Pressure,Labs,,14032,2026-02-20.1,1
ICU,pco2,226062,Venous CO2 Pressure,Labs,,6364,2026-02-20.1,1
ICU,po2,220224,Arterial O2 pressure,Labs,,14030,2026-02-20.1,1
ICU,po2,226063,Venous O2 Pressure,Labs,,6367,2026-02-20.1,1
ICU,ph,220274,PH (Venous),Labs,,6697,2026-02-20.1,1
ICU,ph,223830,PH (Arterial),Labs,,14149,2026-02-20.1,1
