{
  "row_count": 11963,
  "field_nonnull_counts": {
    "bmi_closest_pre_ed": 10707,
    "height_closest_pre_ed": 10778,
    "weight_closest_pre_ed": 11833
  },
  "field_nonnull_rates": {
    "bmi_closest_pre_ed": 0.8950096129733345,
    "height_closest_pre_ed": 0.9009445791189501,
    "weight_closest_pre_ed": 0.9891331605784502
  },
  "unit_nonnull_counts": {
    "bmi_closest_pre_ed_uom": 10854,
    "height_closest_pre_ed_uom": 10948,
    "weight_closest_pre_ed_uom": 11835
  },
  "time_nonnull_counts": {
    "bmi_closest_pre_ed_time": 10854,
    "height_closest_pre_ed_time": 10948,
    "weight_closest_pre_ed_time": 11835
  },
  "source_counts": {
    "HOSPITAL": 8862,
    "ICU": 2973,
    "missing": 128
  },
  "source_rates": {
    "HOSPITAL": 0.740784084259801,
    "ICU": 0.2485162584635961,
    "missing": 0.010699657276602858
  },
  "timing_basis_counts": {
    "post": 4910,
    "pre": 3952,
    "nearest_anytime": 2973,
    "missing": 128
  },
  "timing_basis_rates": {
    "post": 0.4104321658446878,
    "pre": 0.33035191841511324,
    "nearest_anytime": 0.2485162584635961,
    "missing": 0.010699657276602858
  },
  "omr": {
    "window_days": 365,
    "source_rows_prepared": 4908307,
    "parsed_value_rows": 4908301,
    "ed_rows": 11963,
    "ed_rows_eligible_for_join": 11963,
    "subject_overlap_count": 6918,
    "candidate_rows_after_subject_join": 233848,
    "days_before_min": -4034,
    "days_before_max": 4721,
    "nonnegative_candidate_rows": 156450,
    "pre_window_candidate_rows": 43457,
    "post_window_candidate_rows": 35979,
    "closest_absolute_candidate_rows": 79436,
    "within_window_candidate_rows": 43457,
    "eligible_ed_stays_with_candidates": 8738,
    "attached_non_null_counts": {
      "bmi_closest_pre_ed": 8152,
      "height_closest_pre_ed": 6805,
      "weight_closest_pre_ed": 8717
    },
    "attached_any_non_null_rows": 8738,
    "selected_tier_counts": {
      "pre_ed_365": 6539,
      "post_ed_365": 2199,
      "missing": 3225
    },
    "selected_tier_rates": {
      "pre_ed_365": 0.5466020229039539,
      "post_ed_365": 0.18381676836913818,
      "missing": 0.26958120872690794
    },
    "timing_uncertain_count": 2199,
    "anthro_source_counts": {
      "HOSPITAL": 8738,
      "missing": 3225
    },
    "source_rows_raw": 4908307,
    "prepared_rows": 4908307
  },
  "charted_fallback": {
    "charted_rows_input": 5331256,
    "charted_rows_usable": 5222393,
    "nearest_anytime": true,
    "source_preference": [
      "ED",
      "ICU",
      "HOSPITAL"
    ],
    "selected_counts": {
      "bmi_closest_pre_ed": 8831,
      "height_closest_pre_ed": 10778,
      "weight_closest_pre_ed": 11833
    },
    "rows_with_any_selected_metric": 11835,
    "source_metric_input_counts": {
      "HOSPITAL|bmi": 1930517,
      "HOSPITAL|height": 817323,
      "HOSPITAL|weight": 2160461,
      "ICU|height": 45404,
      "ICU|weight": 377545
    },
    "source_metric_usable_counts": {
      "HOSPITAL|bmi": 1930508,
      "HOSPITAL|height": 814930,
      "HOSPITAL|weight": 2145156,
      "ICU|height": 45386,
      "ICU|weight": 286413
    },
    "unit_conversion_counts": {
      "HOSPITAL|height": 814930,
      "HOSPITAL|weight": 2145156,
      "ICU|height": 22693
    },
    "unsupported_unit_drop_counts": {
      "HOSPITAL|bmi|nonpositive_value": 9,
      "HOSPITAL|height|nonpositive_value": 33,
      "HOSPITAL|height|unknown_unit": 2360,
      "HOSPITAL|weight|nonpositive_value": 197,
      "HOSPITAL|weight|unknown_unit": 15108,
      "ICU|height|nonpositive_value": 18,
      "ICU|weight|nonpositive_value": 796,
      "ICU|weight|unknown_unit": 90336
    },
    "bmi_missing_before_pair_fill": 3132,
    "bmi_pair_within_7d_n": 7025,
    "bmi_pair_outside_7d_n": 3923,
    "bmi_pair_missing_time_n": 0,
    "bmi_pair_gap_hours_quantiles": {
      "p50": 0.0,
      "p95": 11343.666666666659,
      "max": 81581.33333333333
    },
    "subject_overlap_count": 9383,
    "selected_source_counts": {
      "HOSPITAL": 8862,
      "ICU": 2973,
      "missing": 128
    },
    "bmi_recorded_vs_computed_n": 6981,
    "bmi_recorded_vs_computed_abs_diff_gt_5_n": 457,
    "bmi_recorded_vs_computed_abs_diff_gt_7_5_n": 200,
    "bmi_recorded_vs_computed_abs_diff_quantiles": {
      "p50": 0.038270985933380075,
      "p95": 5.707664806709211,
      "max": 107813.02454648526
    },
    "bmi_filled_from_height_weight": 1876,
    "source_input_counts": {
      "HOSPITAL": 4908307,
      "ICU": 422949
    },
    "icu_charted_rows_input": 422949,
    "ed_charted_rows_input": 0,
    "ed_charted": {
      "metadata_query_ok": true,
      "metadata_error": null,
      "triage_candidate_columns": [
        "acuity",
        "chiefcomplaint",
        "dbp",
        "heartrate",
        "o2sat",
        "pain",
        "resprate",
        "sbp",
        "stay_id",
        "subject_id",
        "temperature"
      ],
      "vitalsign_candidate_columns": [
        "charttime",
        "dbp",
        "heartrate",
        "o2sat",
        "pain",
        "resprate",
        "rhythm",
        "sbp",
        "stay_id",
        "subject_id",
        "temperature"
      ],
      "triage_rows_raw": 0,
      "vitalsign_rows_raw": 0,
      "rows_long": 0,
      "result_counts": {}
    },
    "enabled": true
  },
  "cleaning_audit_path": "/Users/blocke/Box Sync/Residency Personal Files/Scholarly Work/Locke Research Projects/Hypercap-CC-NLP/MIMIC tabular data/prior runs/2026-02-26 anthropometric_cleaning_audit.csv"
}