{
  "run_id": "cohort_20260226_151529",
  "generated_utc": "2026-02-26T22:15:29.772031+00:00",
  "work_dir": "/Users/blocke/Box Sync/Residency Personal Files/Scholarly Work/Locke Research Projects/Hypercap-CC-NLP",
  "python_version": "3.11.10 (main, Oct 16 2024, 08:56:36) [Clang 18.1.8 ]",
  "uv_version": "uv 0.9.28 (Homebrew 2026-01-29)",
  "git": {
    "branch": "main",
    "commit": "8b911c57ed70640d0f1f2655c4890098a6911505",
    "dirty": true,
    "dirty_diff_path": "/Users/blocke/Box Sync/Residency Personal Files/Scholarly Work/Locke Research Projects/Hypercap-CC-NLP/debug/run_manifests/cohort_20260226_151529_git.diff",
    "dirty_diff_sha256": "249f4d64a844e81c80b44eed401bbd39e49a4150b03f593bb10cfe92954c5e87",
    "dirty_diff_line_count": 24226,
    "require_clean_git": false
  },
  "config_hash_sha256": "20da4c15df0b80016eaf9391f0210a2e520c2837634628dd1012812475ce618c",
  "package_versions": {
    "pandas": "2.2.2",
    "numpy": "2.3.5",
    "spacy": "3.8.11",
    "torch": "2.10.0",
    "sentence-transformers": "5.2.2"
  },
  "env_knobs": {
    "WORK_DIR": "<unset>",
    "CLASSIFIER_INPUT_FILENAME": "<unset>",
    "RATER_NLP_INPUT_FILENAME": "<unset>",
    "RATER_ANNOTATION_PATH": "<unset>",
    "ANALYSIS_INPUT_FILENAME": "<unset>",
    "BQ_QUERY_TIMEOUT_SECS": "<unset>",
    "WRITE_ARCHIVE_XLSX_EXPORTS": "<unset>",
    "COHORT_FAIL_ON_ALL_OTHER_SOURCE": "<unset>",
    "COHORT_WARN_OTHER_RATE": "<unset>",
    "COHORT_FAIL_OTHER_RATE": "<unset>",
    "COHORT_GAS_SOURCE_INFERENCE_MODE": "<unset>",
    "COHORT_FAIL_ON_OMR_ATTACH_INCONSISTENCY": "<unset>",
    "COHORT_ALLOW_EMPTY_OMR": "<unset>",
    "COHORT_ANTHRO_MIN_BMI_COVERAGE": "<unset>",
    "RUN_MANIFEST_STAGE_SCOPE": "<unset>",
    "RUN_MANIFEST_REQUIRE_CLEAN_GIT": "<unset>",
    "GOOGLE_APPLICATION_CREDENTIALS": "<unset>",
    "HF_TOKEN": "<set>"
  },
  "stage": "cohort",
  "outputs": {
    "canonical_output_path": "/Users/blocke/Box Sync/Residency Personal Files/Scholarly Work/Locke Research Projects/Hypercap-CC-NLP/MIMIC tabular data/MIMICIV all with CC.xlsx",
    "canonical_output_sha256": "d9004b6639c4965f4033fd2a3dfff560b60b13020bbe19654ca66a82aeb8a186",
    "dated_output_path": "/Users/blocke/Box Sync/Residency Personal Files/Scholarly Work/Locke Research Projects/Hypercap-CC-NLP/MIMIC tabular data/prior runs/2026-02-26 MIMICIV all with CC.xlsx",
    "dated_output_sha256": "acc4326c6efa573761ac8dcf2b374f45806ea6571261c88e2d5a2e4793f842d5",
    "gas_source_audit_path": "/Users/blocke/Box Sync/Residency Personal Files/Scholarly Work/Locke Research Projects/Hypercap-CC-NLP/MIMIC tabular data/prior runs/2026-02-26 gas_source_audit.json",
    "gas_source_overlap_summary_path": "/Users/blocke/Box Sync/Residency Personal Files/Scholarly Work/Locke Research Projects/Hypercap-CC-NLP/MIMIC tabular data/prior runs/2026-02-26 gas_source_overlap_summary.csv",
    "pco2_source_distribution_audit_path": "/Users/blocke/Box Sync/Residency Personal Files/Scholarly Work/Locke Research Projects/Hypercap-CC-NLP/MIMIC tabular data/prior runs/2026-02-26 pco2_source_distribution_audit.csv",
    "pco2_window_max_contributor_audit_path": "/Users/blocke/Box Sync/Residency Personal Files/Scholarly Work/Locke Research Projects/Hypercap-CC-NLP/MIMIC tabular data/prior runs/2026-02-26 pco2_window_max_contributor_audit.csv",
    "qualifying_pco2_distribution_by_type_audit_path": "/Users/blocke/Box Sync/Residency Personal Files/Scholarly Work/Locke Research Projects/Hypercap-CC-NLP/MIMIC tabular data/prior runs/2026-02-26 qualifying_pco2_distribution_by_type_audit.csv",
    "anthropometrics_coverage_audit_path": "/Users/blocke/Box Sync/Residency Personal Files/Scholarly Work/Locke Research Projects/Hypercap-CC-NLP/MIMIC tabular data/prior runs/2026-02-26 anthropometrics_coverage_audit.json",
    "ed_vitals_distribution_summary_path": "/Users/blocke/Box Sync/Residency Personal Files/Scholarly Work/Locke Research Projects/Hypercap-CC-NLP/MIMIC tabular data/prior runs/2026-02-26 ed_vitals_distribution_summary.csv",
    "ed_vitals_extreme_examples_path": "/Users/blocke/Box Sync/Residency Personal Files/Scholarly Work/Locke Research Projects/Hypercap-CC-NLP/MIMIC tabular data/prior runs/2026-02-26 ed_vitals_extreme_examples.csv",
    "ed_vitals_model_delta_path": "/Users/blocke/Box Sync/Residency Personal Files/Scholarly Work/Locke Research Projects/Hypercap-CC-NLP/MIMIC tabular data/prior runs/2026-02-26 ed_vitals_model_delta.csv",
    "outliers_audit_path": "/Users/blocke/Box Sync/Residency Personal Files/Scholarly Work/Locke Research Projects/Hypercap-CC-NLP/MIMIC tabular data/prior runs/2026-02-26 outliers_audit.csv",
    "hco3_itemid_qc_audit_path": "/Users/blocke/Box Sync/Residency Personal Files/Scholarly Work/Locke Research Projects/Hypercap-CC-NLP/MIMIC tabular data/prior runs/2026-02-26 hco3_itemid_qc_audit.csv",
    "hco3_coverage_audit_path": "/Users/blocke/Box Sync/Residency Personal Files/Scholarly Work/Locke Research Projects/Hypercap-CC-NLP/MIMIC tabular data/prior runs/2026-02-26 hco3_coverage_audit.csv"
  },
  "gas_source": {
    "mode": null,
    "source_rates": {
      "unknown": 0.6626422855854841,
      "arterial": 0.20491941846049813,
      "venous": 0.13243829595401782
    },
    "tier_rates": {
      "fallback_unknown": 0.6626422855854841,
      "specimen_text": 0.33735771441451595
    }
  },
  "anthropometrics": {
    "row_count": 11963,
    "field_nonnull_counts": {
      "bmi_closest_pre_ed": 10707,
      "height_closest_pre_ed": 10778,
      "weight_closest_pre_ed": 11833
    },
    "field_nonnull_rates": {
      "bmi_closest_pre_ed": 0.8950096129733345,
      "height_closest_pre_ed": 0.9009445791189501,
      "weight_closest_pre_ed": 0.9891331605784502
    },
    "unit_nonnull_counts": {
      "bmi_closest_pre_ed_uom": 10854,
      "height_closest_pre_ed_uom": 10948,
      "weight_closest_pre_ed_uom": 11835
    },
    "time_nonnull_counts": {
      "bmi_closest_pre_ed_time": 10854,
      "height_closest_pre_ed_time": 10948,
      "weight_closest_pre_ed_time": 11835
    },
    "source_counts": {
      "HOSPITAL": 8862,
      "ICU": 2973,
      "missing": 128
    },
    "source_rates": {
      "HOSPITAL": 0.740784084259801,
      "ICU": 0.2485162584635961,
      "missing": 0.010699657276602858
    },
    "timing_basis_counts": {
      "post": 4910,
      "pre": 3952,
      "nearest_anytime": 2973,
      "missing": 128
    },
    "timing_basis_rates": {
      "post": 0.4104321658446878,
      "pre": 0.33035191841511324,
      "nearest_anytime": 0.2485162584635961,
      "missing": 0.010699657276602858
    },
    "omr": {
      "window_days": 365,
      "source_rows_prepared": 4908307,
      "parsed_value_rows": 4908301,
      "ed_rows": 11963,
      "ed_rows_eligible_for_join": 11963,
      "subject_overlap_count": 6918,
      "candidate_rows_after_subject_join": 233848,
      "days_before_min": -4034,
      "days_before_max": 4721,
      "nonnegative_candidate_rows": 156450,
      "pre_window_candidate_rows": 43457,
      "post_window_candidate_rows": 35979,
      "closest_absolute_candidate_rows": 79436,
      "within_window_candidate_rows": 43457,
      "eligible_ed_stays_with_candidates": 8738,
      "attached_non_null_counts": {
        "bmi_closest_pre_ed": 8152,
        "height_closest_pre_ed": 6805,
        "weight_closest_pre_ed": 8717
      },
      "attached_any_non_null_rows": 8738,
      "selected_tier_counts": {
        "pre_ed_365": 6539,
        "post_ed_365": 2199,
        "missing": 3225
      },
      "selected_tier_rates": {
        "pre_ed_365": 0.5466020229039539,
        "post_ed_365": 0.18381676836913818,
        "missing": 0.26958120872690794
      },
      "timing_uncertain_count": 2199,
      "anthro_source_counts": {
        "HOSPITAL": 8738,
        "missing": 3225
      },
      "source_rows_raw": 4908307,
      "prepared_rows": 4908307
    },
    "charted_fallback": {
      "charted_rows_input": 5331256,
      "charted_rows_usable": 5222393,
      "nearest_anytime": true,
      "source_preference": [
        "ED",
        "ICU",
        "HOSPITAL"
      ],
      "selected_counts": {
        "bmi_closest_pre_ed": 8831,
        "height_closest_pre_ed": 10778,
        "weight_closest_pre_ed": 11833
      },
      "rows_with_any_selected_metric": 11835,
      "source_metric_input_counts": {
        "HOSPITAL|bmi": 1930517,
        "HOSPITAL|height": 817323,
        "HOSPITAL|weight": 2160461,
        "ICU|height": 45404,
        "ICU|weight": 377545
      },
      "source_metric_usable_counts": {
        "HOSPITAL|bmi": 1930508,
        "HOSPITAL|height": 814930,
        "HOSPITAL|weight": 2145156,
        "ICU|height": 45386,
        "ICU|weight": 286413
      },
      "unit_conversion_counts": {
        "HOSPITAL|height": 814930,
        "HOSPITAL|weight": 2145156,
        "ICU|height": 22693
      },
      "unsupported_unit_drop_counts": {
        "HOSPITAL|bmi|nonpositive_value": 9,
        "HOSPITAL|height|nonpositive_value": 33,
        "HOSPITAL|height|unknown_unit": 2360,
        "HOSPITAL|weight|nonpositive_value": 197,
        "HOSPITAL|weight|unknown_unit": 15108,
        "ICU|height|nonpositive_value": 18,
        "ICU|weight|nonpositive_value": 796,
        "ICU|weight|unknown_unit": 90336
      },
      "bmi_missing_before_pair_fill": 3132,
      "bmi_pair_within_7d_n": 7025,
      "bmi_pair_outside_7d_n": 3923,
      "bmi_pair_missing_time_n": 0,
      "bmi_pair_gap_hours_quantiles": {
        "p50": 0.0,
        "p95": 11343.666666666659,
        "max": 81581.33333333333
      },
      "subject_overlap_count": 9383,
      "selected_source_counts": {
        "HOSPITAL": 8862,
        "ICU": 2973,
        "missing": 128
      },
      "bmi_recorded_vs_computed_n": 6981,
      "bmi_recorded_vs_computed_abs_diff_gt_5_n": 457,
      "bmi_recorded_vs_computed_abs_diff_gt_7_5_n": 200,
      "bmi_recorded_vs_computed_abs_diff_quantiles": {
        "p50": 0.038270985933380075,
        "p95": 5.707664806709211,
        "max": 107813.02454648526
      },
      "bmi_filled_from_height_weight": 1876,
      "source_input_counts": {
        "HOSPITAL": 4908307,
        "ICU": 422949
      },
      "icu_charted_rows_input": 422949,
      "ed_charted_rows_input": 0,
      "ed_charted": {
        "metadata_query_ok": true,
        "metadata_error": null,
        "triage_candidate_columns": [
          "acuity",
          "chiefcomplaint",
          "dbp",
          "heartrate",
          "o2sat",
          "pain",
          "resprate",
          "sbp",
          "stay_id",
          "subject_id",
          "temperature"
        ],
        "vitalsign_candidate_columns": [
          "charttime",
          "dbp",
          "heartrate",
          "o2sat",
          "pain",
          "resprate",
          "rhythm",
          "sbp",
          "stay_id",
          "subject_id",
          "temperature"
        ],
        "triage_rows_raw": 0,
        "vitalsign_rows_raw": 0,
        "rows_long": 0,
        "result_counts": {}
      },
      "enabled": true
    },
    "cleaning_audit_path": "/Users/blocke/Box Sync/Residency Personal Files/Scholarly Work/Locke Research Projects/Hypercap-CC-NLP/MIMIC tabular data/prior runs/2026-02-26 anthropometric_cleaning_audit.csv"
  }
}