{
  "panel_rows": 70984,
  "source_present": true,
  "source_counts": {
    "unknown": 47037,
    "arterial": 14546,
    "venous": 9401
  },
  "source_rates": {
    "unknown": 0.6626422855854841,
    "arterial": 0.20491941846049813,
    "venous": 0.13243829595401782
  },
  "all_other_or_unknown": false,
  "tier_counts": {
    "fallback_unknown": 47037,
    "specimen_text": 23947
  },
  "tier_rates": {
    "fallback_unknown": 0.6626422855854841,
    "specimen_text": 0.33735771441451595
  },
  "mode": "specimen_only",
  "resolved_rows": 23947,
  "resolved_rate": 0.33735771441451595,
  "unresolved_specimen_id_count": 47004,
  "unresolved_specimen_id_examples": [
    1068183,
    2752210,
    12826971,
    39367736,
    45465398,
    54325826,
    95145860,
    97178600,
    9593781,
    81892638,
    18027495,
    29753913,
    39459350,
    75616262,
    50588428,
    86652150,
    88463482,
    45338459,
    62225368,
    65374931
  ],
  "heuristic_reference": {
    "panel_rows": 70984,
    "source_present": true,
    "source_counts": {
      "unknown": 25776,
      "arterial": 25632,
      "venous": 19576
    },
    "source_rates": {
      "unknown": 0.3631240843006875,
      "arterial": 0.3610954581314099,
      "venous": 0.27578045756790265
    },
    "all_other_or_unknown": false,
    "tier_counts": {
      "fallback_unknown": 25776,
      "specimen_text": 23947,
      "cluster_inheritance": 21261
    },
    "tier_rates": {
      "fallback_unknown": 0.3631240843006875,
      "specimen_text": 0.33735771441451595,
      "cluster_inheritance": 0.29951820128479656
    },
    "mode": "metadata_only",
    "resolved_rows": 45208,
    "resolved_rate": 0.6368759156993126,
    "unresolved_specimen_id_count": 25759,
    "unresolved_specimen_id_examples": [
      1068183,
      2752210,
      12826971,
      39367736,
      45465398,
      54325826,
      95145860,
      97178600,
      9593781,
      81892638,
      18027495,
      29753913,
      39459350,
      75616262,
      50588428,
      86652150,
      88463482,
      45338459,
      62225368,
      75880307
    ],
    "unresolved_value_text_top": {
      "___": 5567,
      "0.9": 1058,
      "0.8": 1050,
      "24": 1022,
      "25": 1017,
      "26": 963,
      "0.7": 955,
      "1.0": 933,
      "23": 874,
      "138": 866,
      "22": 848,
      "27": 847,
      "139": 833,
      "140": 805,
      "141": 790
    },
    "unresolved_label_top": {
      "Sodium | Blood": 11526,
      "Chloride | Blood": 11423,
      "Creatinine | Blood": 11286,
      "Bicarbonate | Blood": 11144,
      "Hemoglobin | Blood": 10227,
      "Lactate | Blood": 2522,
      "pH | Blood": 807,
      "Sodium, Urine | Urine": 797,
      "Creatinine, Urine | Urine": 750,
      "pO2 | Blood": 710,
      "pCO2 | Blood": 709,
      "Calculated Total CO2 | Blood": 708,
      "Specimen Type | Blood": 508,
      "Chloride, Urine | Urine": 481,
      "Sodium, Whole Blood | Blood": 368
    }
  },
  "panel_unknown_rate": 0.6626422855854841,
  "hadm_other_rate_0_24h": 0.06169945583926329,
  "hadm_other_rate_0_24h_numerator": 737,
  "hadm_other_rate_0_24h_denominator": 11945,
  "baseline_other_rate": 0.08668903803131991,
  "baseline_path": "/Users/blocke/Box Sync/Residency Personal Files/Scholarly Work/Locke Research Projects/Hypercap-CC-NLP/MIMIC tabular data/prior runs/2026-02-23 gas_source_audit.json",
  "baseline_mode_mismatch_path": null,
  "relative_reduction_vs_baseline": 0.2882669223186919,
  "relative_reduction_target": 0.0,
  "hadm_other_rate_0_24h_delta_vs_baseline": -0.024989582192056624
}