domain,raw_column,model_column,outlier_flag_column,lower_bound,upper_bound,nonnull_n,out_of_range_n,out_of_range_pct,example_outlier_values
vitals,ed_first_dbp,ed_first_dbp_model,ed_first_dbp_outlier_flag,10.0,200.0,9245,10,0.001081665765278529,652; 460; 741; 9; 777
vitals,ed_first_hr,ed_first_hr_model,ed_first_hr_outlier_flag,20.0,250.0,9442,1,0.00010590976488032197,6.0
vitals,ed_first_o2sat,ed_first_o2sat_model,ed_first_o2sat_outlier_flag,0.0,100.0,9004,1,0.00011106175033318525,1000.0
vitals,ed_first_pain,ed_first_pain_model,ed_first_pain_outlier_flag,0.0,10.0,7131,0,0.0,
vitals,ed_first_rr,ed_first_rr_model,ed_first_rr_outlier_flag,4.0,80.0,9322,0,0.0,
vitals,ed_first_sbp,ed_first_sbp_model,ed_first_sbp_outlier_flag,20.0,300.0,9245,7,0.0007571660356949703,11; 13; 15; 12; 10
vitals,ed_first_temp,ed_first_temp_model,ed_first_temp_outlier_flag,50.0,120.0,6960,0,0.0,
vitals,ed_triage_dbp,ed_triage_dbp_model,ed_triage_dbp_outlier_flag,10.0,200.0,8802,13,0.0014769370597591455,4.0; 652.0; 8132.0; 460.0; 9.0
vitals,ed_triage_hr,ed_triage_hr_model,ed_triage_hr_outlier_flag,20.0,250.0,8875,0,0.0,
vitals,ed_triage_o2sat,ed_triage_o2sat_model,ed_triage_o2sat_outlier_flag,0.0,100.0,8746,1,0.0001143379830779785,1000.0
vitals,ed_triage_pain,ed_triage_pain_model,ed_triage_pain_outlier_flag,0.0,10.0,8207,567,0.06908736444498599,13.0; 30.0; 134.0; 11.0; 90.0
vitals,ed_triage_rr,ed_triage_rr_model,ed_triage_rr_outlier_flag,4.0,80.0,8709,0,0.0,
vitals,ed_triage_sbp,ed_triage_sbp_model,ed_triage_sbp_outlier_flag,20.0,300.0,8843,7,0.0007915865656451431,18.0; 15.0; 9656.0; 12.0; 14.0
vitals,ed_triage_temp,ed_triage_temp_model,ed_triage_temp_outlier_flag,50.0,120.0,8398,1,0.00011907597046915932,9.1
