{
  "key_columns": [
    "hadm_id",
    "subject_id"
  ],
  "key_strategy": "hadm_id_subject_id",
  "target_sample_n": 160,
  "gate_policy": "warn_below_target_fail_on_zero",
  "r3_rows": 160,
  "nlp_rows": 7152,
  "matched_rows": 33,
  "unmatched_adjudicated_rows": 127,
  "unmatched_nlp_rows": 7119,
  "matched_rate_vs_adjudicated": 0.20625,
  "unmatched_rate_vs_adjudicated": 0.79375,
  "unmatched_rate_vs_nlp": 0.9953859060402684,
  "coverage_status": "warning",
  "join_interpretation": "below_target_overlap_nonzero",
  "severity": "warning"
}