{
  "generated_utc": "2026-02-26T21:10:50.475023+00:00",
  "status": "warning",
  "contracts": {
    "cohort": {
      "status": "warning",
      "row_count": 7152,
      "column_count": 301,
      "gas_source_other_rate_mean": null,
      "poc_other_pco2_median": null,
      "poc_other_pco2_count": 0,
      "first_other_poc_rows": 0,
      "poc_other_quarantine_leak_n": 0,
      "hospital_los_hours_model_negative_n": 0,
      "dt_first_imv_hours_model_negative_n": 0,
      "dt_first_niv_hours_model_negative_n": 0,
      "max_pco2_0_24h_lt_qualifying_n": 0,
      "max_pco2_0_6h_lt_qualifying_n": 0,
      "anthro_bmi_coverage_rate": 0.8673098434004475,
      "anthro_model_invalid_counts": {
        "bmi_closest_pre_ed_model": 0,
        "height_closest_pre_ed_model": 0,
        "weight_closest_pre_ed_model": 0
      },
      "first_hco3_coverage_rate": 0.9818232662192393,
      "first_hco3_gas_positive_coverage_rate": 1.0,
      "first_hco3_icd_only_coverage_rate": 0.8565121412803532,
      "first_hco3_source_value_mismatch_n": 0,
      "po2_triplet_coverage_by_site": {
        "abg": 0.9995735607675906,
        "vbg": 1.0,
        "other": 0.9992458521870287
      },
      "anthro_source_counts": {
        "HOSPITAL": 4973,
        "ICU": 2090,
        "missing": 89
      },
      "findings": [
        {
          "severity": "warning",
          "code": "missing_gas_source_diagnostic_columns_export",
          "message": "Missing gas-source diagnostic columns in export workbook (expected in QA artifacts): ['gas_source_hint_conflict_rate', 'gas_source_inference_primary_tier', 'gas_source_resolved_rate']"
        }
      ],
      "audit_artifacts": {
        "blood_gas_itemid_manifest_audit.csv": "/Users/blocke/Box Sync/Residency Personal Files/Scholarly Work/Locke Research Projects/Hypercap-CC-NLP/MIMIC tabular data/prior runs/2026-02-26 blood_gas_itemid_manifest_audit.csv",
        "pco2_itemid_qc_audit.csv": "/Users/blocke/Box Sync/Residency Personal Files/Scholarly Work/Locke Research Projects/Hypercap-CC-NLP/MIMIC tabular data/prior runs/2026-02-26 pco2_itemid_qc_audit.csv",
        "hco3_itemid_qc_audit.csv": "/Users/blocke/Box Sync/Residency Personal Files/Scholarly Work/Locke Research Projects/Hypercap-CC-NLP/MIMIC tabular data/prior runs/2026-02-26 hco3_itemid_qc_audit.csv",
        "pco2_source_distribution_audit.csv": "/Users/blocke/Box Sync/Residency Personal Files/Scholarly Work/Locke Research Projects/Hypercap-CC-NLP/MIMIC tabular data/prior runs/2026-02-26 pco2_source_distribution_audit.csv",
        "pco2_window_max_contributor_audit.csv": "/Users/blocke/Box Sync/Residency Personal Files/Scholarly Work/Locke Research Projects/Hypercap-CC-NLP/MIMIC tabular data/prior runs/2026-02-26 pco2_window_max_contributor_audit.csv",
        "blood_gas_triplet_completeness_audit.csv": "/Users/blocke/Box Sync/Residency Personal Files/Scholarly Work/Locke Research Projects/Hypercap-CC-NLP/MIMIC tabular data/prior runs/2026-02-26 blood_gas_triplet_completeness_audit.csv",
        "qualifying_pco2_distribution_by_type_audit.csv": "/Users/blocke/Box Sync/Residency Personal Files/Scholarly Work/Locke Research Projects/Hypercap-CC-NLP/MIMIC tabular data/prior runs/2026-02-26 qualifying_pco2_distribution_by_type_audit.csv",
        "other_route_quarantine_audit.csv": "/Users/blocke/Box Sync/Residency Personal Files/Scholarly Work/Locke Research Projects/Hypercap-CC-NLP/MIMIC tabular data/prior runs/2026-02-26 other_route_quarantine_audit.csv",
        "first_gas_anchor_audit.csv": "/Users/blocke/Box Sync/Residency Personal Files/Scholarly Work/Locke Research Projects/Hypercap-CC-NLP/MIMIC tabular data/prior runs/2026-02-26 first_gas_anchor_audit.csv",
        "hco3_integrity_audit.csv": "/Users/blocke/Box Sync/Residency Personal Files/Scholarly Work/Locke Research Projects/Hypercap-CC-NLP/MIMIC tabular data/prior runs/2026-02-26 hco3_integrity_audit.csv",
        "hco3_coverage_audit.csv": "/Users/blocke/Box Sync/Residency Personal Files/Scholarly Work/Locke Research Projects/Hypercap-CC-NLP/MIMIC tabular data/prior runs/2026-02-26 hco3_coverage_audit.csv",
        "timing_integrity_audit.csv": "/Users/blocke/Box Sync/Residency Personal Files/Scholarly Work/Locke Research Projects/Hypercap-CC-NLP/MIMIC tabular data/prior runs/2026-02-26 timing_integrity_audit.csv",
        "ventilation_timing_audit.csv": "/Users/blocke/Box Sync/Residency Personal Files/Scholarly Work/Locke Research Projects/Hypercap-CC-NLP/MIMIC tabular data/prior runs/2026-02-26 ventilation_timing_audit.csv",
        "anthropometric_cleaning_audit.csv": "/Users/blocke/Box Sync/Residency Personal Files/Scholarly Work/Locke Research Projects/Hypercap-CC-NLP/MIMIC tabular data/prior runs/2026-02-26 anthropometric_cleaning_audit.csv"
      }
    },
    "classifier": {
      "status": "pass",
      "error_count": 0,
      "warning_count": 0,
      "pseudo_missing_rows": 2,
      "findings": [],
      "row_count": 7152,
      "column_count": 340,
      "max_rfv": 5,
      "cc_missing_audit_path": "/Users/blocke/Box Sync/Residency Personal Files/Scholarly Work/Locke Research Projects/Hypercap-CC-NLP/MIMIC tabular data/prior runs/2026-02-26 classifier_cc_missing_audit.csv"
    }
  },
  "findings": [
    {
      "severity": "warning",
      "code": "missing_gas_source_diagnostic_columns_export",
      "message": "Missing gas-source diagnostic columns in export workbook (expected in QA artifacts): ['gas_source_hint_conflict_rate', 'gas_source_inference_primary_tier', 'gas_source_resolved_rate']"
    }
  ],
  "paths": {
    "cohort": "/Users/blocke/Box Sync/Residency Personal Files/Scholarly Work/Locke Research Projects/Hypercap-CC-NLP/MIMIC tabular data/MIMICIV all with CC.xlsx",
    "classifier": "/Users/blocke/Box Sync/Residency Personal Files/Scholarly Work/Locke Research Projects/Hypercap-CC-NLP/MIMIC tabular data/MIMICIV all with CC_with_NLP.xlsx"
  },
  "stages": [
    "classifier",
    "cohort"
  ]
}