{
  "window_days": 365,
  "source_rows_prepared": 46494,
  "parsed_value_rows": 46489,
  "ed_rows": 12038,
  "ed_rows_eligible_for_join": 12038,
  "subject_overlap_count": 632,
  "candidate_rows_after_subject_join": 1970,
  "days_before_min": -4034,
  "days_before_max": -275,
  "nonnegative_candidate_rows": 0,
  "pre_window_candidate_rows": 0,
  "post_window_candidate_rows": 21,
  "closest_absolute_candidate_rows": 21,
  "within_window_candidate_rows": 0,
  "eligible_ed_stays_with_candidates": 19,
  "attached_non_null_counts": {
    "bmi_closest_pre_ed": 8,
    "height_closest_pre_ed": 1,
    "weight_closest_pre_ed": 13
  },
  "attached_any_non_null_rows": 19,
  "selected_tier_counts": {
    "pre_ed_365": 0,
    "post_ed_365": 19,
    "missing": 12019
  },
  "selected_tier_rates": {
    "pre_ed_365": 0.0,
    "post_ed_365": 0.0015783352716398074,
    "missing": 0.9984216647283602
  },
  "timing_uncertain_count": 19,
  "anthro_source_counts": {
    "missing": 12019,
    "omr": 19
  },
  "source_rows_raw": 46494,
  "prepared_rows": 46494
}