{
  "generated_utc": "2026-02-26T15:24:55.143421Z",
  "status": "warning",
  "contracts": {
    "cohort": {
      "status": "warning",
      "row_count": 7152,
      "column_count": 324,
      "gas_source_other_rate_mean": 0.646192474501808,
      "poc_other_pco2_median": null,
      "poc_other_pco2_count": 0,
      "first_other_poc_rows": 0,
      "poc_other_quarantine_leak_n": 0,
      "hospital_los_hours_model_negative_n": 0,
      "dt_first_imv_hours_model_negative_n": 0,
      "dt_first_niv_hours_model_negative_n": 0,
      "max_pco2_0_24h_lt_qualifying_n": 0,
      "max_pco2_0_6h_lt_qualifying_n": 0,
      "anthro_bmi_coverage_rate": 0.8673098434004475,
      "anthro_model_invalid_counts": {
        "bmi_closest_pre_ed_model": 0,
        "height_closest_pre_ed_model": 0,
        "weight_closest_pre_ed_model": 0
      },
      "first_hco3_coverage_rate": 0.9818232662192393,
      "first_hco3_gas_positive_coverage_rate": 1.0,
      "first_hco3_icd_only_coverage_rate": 0.8565121412803532,
      "first_hco3_source_value_mismatch_n": 0,
      "po2_triplet_coverage_by_site": {
        "abg": 0.9995735607675906,
        "vbg": 1.0,
        "other": 0.9992458521870287
      },
      "anthro_source_counts": {
        "HOSPITAL": 4973,
        "ICU": 2090,
        "missing": 89
      },
      "findings": [
        {
          "severity": "warning",
          "code": "gas_source_other_rate_high",
          "message": "Mean gas_source_other_rate exceeded warning threshold 0.50: 0.6462"
        }
      ]
    }
  },
  "findings": [
    {
      "severity": "warning",
      "code": "gas_source_other_rate_high",
      "message": "Mean gas_source_other_rate exceeded warning threshold 0.50: 0.6462"
    }
  ]
}