domain,raw_column,model_column,outlier_flag_column,lower_bound,upper_bound,nonnull_n,out_of_range_n,out_of_range_pct,example_outlier_values
vitals,ed_first_dbp,ed_first_dbp_model,ed_first_dbp_outlier_flag,10.0,200.0,5129,8,0.0015597582374731916,652; 460; 9; 777; 867
vitals,ed_first_hr,ed_first_hr_model,ed_first_hr_outlier_flag,20.0,250.0,5268,0,0.0,
vitals,ed_first_o2sat,ed_first_o2sat_model,ed_first_o2sat_outlier_flag,0.0,100.0,5027,0,0.0,
vitals,ed_first_pain,ed_first_pain_model,ed_first_pain_outlier_flag,0.0,10.0,3805,0,0.0,
vitals,ed_first_rr,ed_first_rr_model,ed_first_rr_outlier_flag,4.0,80.0,5195,0,0.0,
vitals,ed_first_sbp,ed_first_sbp_model,ed_first_sbp_outlier_flag,20.0,300.0,5129,6,0.0011698186781048938,13; 11; 15; 12; 10
vitals,ed_first_temp,ed_first_temp_model,ed_first_temp_outlier_flag,50.0,120.0,3770,0,0.0,
vitals,ed_triage_dbp,ed_triage_dbp_model,ed_triage_dbp_outlier_flag,10.0,200.0,4716,11,0.002332485156912638,4.0; 652.0; 460.0; 9.0; 777.0
vitals,ed_triage_hr,ed_triage_hr_model,ed_triage_hr_outlier_flag,20.0,250.0,4780,0,0.0,
vitals,ed_triage_o2sat,ed_triage_o2sat_model,ed_triage_o2sat_outlier_flag,0.0,100.0,4711,0,0.0,
vitals,ed_triage_pain,ed_triage_pain_model,ed_triage_pain_outlier_flag,0.0,10.0,4354,360,0.08268259072117592,13.0; 30.0; 90.0; 60.0
vitals,ed_triage_rr,ed_triage_rr_model,ed_triage_rr_outlier_flag,4.0,80.0,4691,0,0.0,
vitals,ed_triage_sbp,ed_triage_sbp_model,ed_triage_sbp_outlier_flag,20.0,300.0,4749,4,0.0008422825858075384,12.0; 18.0; 14.0; 13.0
vitals,ed_triage_temp,ed_triage_temp_model,ed_triage_temp_outlier_flag,50.0,120.0,4464,0,0.0,
