hadm_id,subject_id,cc_text_for_nlp,cc_cleaned_str,cc_spell_mode_selected,cc_spellfix_log
29718045,19713100,UTI COMPLAINTS,urinary tract infection complain,strict,"[{""segment_idx"": 0, ""token_idx"": 3, ""segment_raw"": ""urinary tract infection complaints"", ""orig"": ""complaints"", ""corrected"": ""complains"", ""edit_distance"": 1}]"
27013245,19966188,SEIZURES,seizure,strict,"[{""segment_idx"": 0, ""token_idx"": 0, ""segment_raw"": ""seizures"", ""orig"": ""seizures"", ""corrected"": ""seizure"", ""edit_distance"": 1}]"
21788397,18120946,VOMITTING,vomit,strict,"[{""segment_idx"": 0, ""token_idx"": 0, ""segment_raw"": ""vomitting"", ""orig"": ""vomitting"", ""corrected"": ""vomiting"", ""edit_distance"": 1}]"
28118644,10625972,FEVERS,fever,strict,"[{""segment_idx"": 0, ""token_idx"": 0, ""segment_raw"": ""fevers"", ""orig"": ""fevers"", ""corrected"": ""fever"", ""edit_distance"": 1}]"
29840490,18052788,FEVERS,fever,strict,"[{""segment_idx"": 0, ""token_idx"": 0, ""segment_raw"": ""fevers"", ""orig"": ""fevers"", ""corrected"": ""fever"", ""edit_distance"": 1}]"
24036082,16654740,FEVERS,fever,strict,"[{""segment_idx"": 0, ""token_idx"": 0, ""segment_raw"": ""fevers"", ""orig"": ""fevers"", ""corrected"": ""fever"", ""edit_distance"": 1}]"
27914462,17218341,"ISCHEMICX LEG,HYPOTENSION",ischemic leg; hypotension,strict,"[{""segment_idx"": 0, ""token_idx"": 0, ""segment_raw"": ""ischemicx leg"", ""orig"": ""ischemicx"", ""corrected"": ""ischemic"", ""edit_distance"": 1}]"
25172174,18799160,NAUSE/VOMITING,nausea; vomit,strict,"[{""segment_idx"": 0, ""token_idx"": 0, ""segment_raw"": ""nause"", ""orig"": ""nause"", ""corrected"": ""nausea"", ""edit_distance"": 1}]"
21753633,16164779,RESPIRATOTRY DISTRESS,respiratory distress,strict,"[{""segment_idx"": 0, ""token_idx"": 0, ""segment_raw"": ""respiratotry distress"", ""orig"": ""respiratotry"", ""corrected"": ""respiratory"", ""edit_distance"": 1}]"
28407231,16521348,UTI COMPLAINTS,urinary tract infection complain,strict,"[{""segment_idx"": 0, ""token_idx"": 3, ""segment_raw"": ""urinary tract infection complaints"", ""orig"": ""complaints"", ""corrected"": ""complains"", ""edit_distance"": 1}]"
26838444,19028690,ABDONINAL DISTENTION,abdominal distention,strict,"[{""segment_idx"": 0, ""token_idx"": 0, ""segment_raw"": ""abdoninal distention"", ""orig"": ""abdoninal"", ""corrected"": ""abdominal"", ""edit_distance"": 1}]"
22429517,11360891,SHORT OF BREATHE,short of breath,strict,"[{""segment_idx"": 0, ""token_idx"": 2, ""segment_raw"": ""short of breathe"", ""orig"": ""breathe"", ""corrected"": ""breath"", ""edit_distance"": 1}]"
26850411,16969063,FEVERS,fever,strict,"[{""segment_idx"": 0, ""token_idx"": 0, ""segment_raw"": ""fevers"", ""orig"": ""fevers"", ""corrected"": ""fever"", ""edit_distance"": 1}]"
25847648,14741806,"Leg swelling, ORAL SORES",leg swell; oral sore,strict,"[{""segment_idx"": 1, ""token_idx"": 1, ""segment_raw"": ""oral sores"", ""orig"": ""sores"", ""corrected"": ""sore"", ""edit_distance"": 1}]"
28996038,15300920,"ABOMINAL PAIN, Transfer",abdominal pain; transfer,strict,"[{""segment_idx"": 0, ""token_idx"": 0, ""segment_raw"": ""abominal pain"", ""orig"": ""abominal"", ""corrected"": ""abdominal"", ""edit_distance"": 1}]"
25682163,19461484,HEADACE,headache,strict,"[{""segment_idx"": 0, ""token_idx"": 0, ""segment_raw"": ""headace"", ""orig"": ""headace"", ""corrected"": ""headache"", ""edit_distance"": 1}]"
