{
  "panel_rows": 51119,
  "source_present": true,
  "source_counts": {
    "unknown": 30935,
    "arterial": 12424,
    "venous": 7760
  },
  "source_rates": {
    "unknown": 0.6051565953950586,
    "arterial": 0.24304074805845186,
    "venous": 0.15180265654648956
  },
  "all_other_or_unknown": false,
  "tier_counts": {
    "fallback_unknown": 30935,
    "specimen_text": 20184
  },
  "tier_rates": {
    "fallback_unknown": 0.6051565953950586,
    "specimen_text": 0.3948434046049414
  },
  "mode": "specimen_only",
  "resolved_rows": 20184,
  "resolved_rate": 0.3948434046049414,
  "unresolved_specimen_id_count": 30904,
  "unresolved_specimen_id_examples": [
    1068183,
    2752210,
    12826971,
    39367736,
    45465398,
    54325826,
    95145860,
    97178600,
    18027495,
    29753913,
    39459350,
    75616262,
    63486270,
    94071711,
    4345288,
    7737845,
    10503009,
    17704428,
    20476643,
    20641624
  ],
  "heuristic_reference": {
    "panel_rows": 51119,
    "source_present": true,
    "source_counts": {
      "arterial": 21505,
      "venous": 16050,
      "unknown": 13564
    },
    "source_rates": {
      "arterial": 0.42068506817426005,
      "venous": 0.3139732780375203,
      "unknown": 0.26534165378821967
    },
    "all_other_or_unknown": false,
    "tier_counts": {
      "specimen_text": 20184,
      "cluster_inheritance": 17371,
      "fallback_unknown": 13564
    },
    "tier_rates": {
      "specimen_text": 0.3948434046049414,
      "cluster_inheritance": 0.33981494160683895,
      "fallback_unknown": 0.26534165378821967
    },
    "mode": "metadata_only",
    "resolved_rows": 37555,
    "resolved_rate": 0.7346583462117804,
    "unresolved_specimen_id_count": 13549,
    "unresolved_specimen_id_examples": [
      1068183,
      2752210,
      12826971,
      39367736,
      45465398,
      54325826,
      95145860,
      97178600,
      18027495,
      29753913,
      39459350,
      75616262,
      63486270,
      94071711,
      16057045,
      25566767,
      27065657,
      59804837,
      84206263,
      85376158
    ],
    "unresolved_value_text_top": {
      "___": 3254,
      "0.9": 544,
      "0.8": 539,
      "25": 514,
      "0.7": 507,
      "24": 500,
      "26": 487,
      "1.0": 476,
      "27": 456,
      "139": 451,
      "23": 443,
      "138": 442,
      "141": 428,
      "22": 415,
      "1.1": 414
    },
    "unresolved_label_top": {
      "Sodium | Blood": 6004,
      "Chloride | Blood": 5949,
      "Creatinine | Blood": 5878,
      "Bicarbonate | Blood": 5790,
      "Hemoglobin | Blood": 5217,
      "Lactate | Blood": 1437,
      "pH | Blood": 650,
      "pO2 | Blood": 592,
      "pCO2 | Blood": 591,
      "Calculated Total CO2 | Blood": 591,
      "Sodium, Urine | Urine": 448,
      "Creatinine, Urine | Urine": 407,
      "Specimen Type | Blood": 386,
      "Chloride, Urine | Urine": 262,
      "Sodium, Whole Blood | Blood": 228
    }
  },
  "panel_unknown_rate": 0.6051565953950586,
  "hadm_other_rate_0_24h": 0.08668903803131991,
  "hadm_other_rate_0_24h_numerator": 620,
  "hadm_other_rate_0_24h_denominator": 7152,
  "baseline_other_rate": 0.08668903803131991,
  "baseline_path": "/Users/blocke/Box Sync/Residency Personal Files/Scholarly Work/Locke Research Projects/Hypercap-CC-NLP/MIMIC tabular data/prior runs/2026-02-23 gas_source_audit.json",
  "baseline_mode_mismatch_path": null,
  "relative_reduction_vs_baseline": 0.0,
  "relative_reduction_target": 0.0,
  "hadm_other_rate_0_24h_delta_vs_baseline": 0.0
}