{
  "run_id": "cohort_20260226_082530",
  "generated_utc": "2026-02-26T15:25:31.174981+00:00",
  "work_dir": "/Users/blocke/Box Sync/Residency Personal Files/Scholarly Work/Locke Research Projects/Hypercap-CC-NLP",
  "python_version": "3.11.10 (main, Oct 16 2024, 08:56:36) [Clang 18.1.8 ]",
  "uv_version": "uv 0.9.28 (Homebrew 2026-01-29)",
  "git": {
    "branch": "main",
    "commit": "ac247a22192622c227956d11f7b52b59abbb0184",
    "dirty": true,
    "dirty_diff_path": "/Users/blocke/Box Sync/Residency Personal Files/Scholarly Work/Locke Research Projects/Hypercap-CC-NLP/debug/run_manifests/cohort_20260226_082530_git.diff",
    "dirty_diff_sha256": "a297500ac234a21e103e089d1dc9e451e4cdd18fbd4af9ea266e6dba8f6c58c1",
    "dirty_diff_line_count": 22656,
    "require_clean_git": false
  },
  "config_hash_sha256": "20da4c15df0b80016eaf9391f0210a2e520c2837634628dd1012812475ce618c",
  "package_versions": {
    "pandas": "2.2.2",
    "numpy": "2.3.5",
    "spacy": "3.8.11",
    "torch": "2.10.0",
    "sentence-transformers": "5.2.2"
  },
  "env_knobs": {
    "WORK_DIR": "<unset>",
    "CLASSIFIER_INPUT_FILENAME": "<unset>",
    "RATER_NLP_INPUT_FILENAME": "<unset>",
    "RATER_ANNOTATION_PATH": "<unset>",
    "ANALYSIS_INPUT_FILENAME": "<unset>",
    "BQ_QUERY_TIMEOUT_SECS": "<unset>",
    "WRITE_ARCHIVE_XLSX_EXPORTS": "<unset>",
    "COHORT_FAIL_ON_ALL_OTHER_SOURCE": "<unset>",
    "COHORT_WARN_OTHER_RATE": "<unset>",
    "COHORT_FAIL_OTHER_RATE": "<unset>",
    "COHORT_GAS_SOURCE_INFERENCE_MODE": "<unset>",
    "COHORT_FAIL_ON_OMR_ATTACH_INCONSISTENCY": "<unset>",
    "COHORT_ALLOW_EMPTY_OMR": "<unset>",
    "COHORT_ANTHRO_MIN_BMI_COVERAGE": "<unset>",
    "RUN_MANIFEST_STAGE_SCOPE": "<unset>",
    "RUN_MANIFEST_REQUIRE_CLEAN_GIT": "<unset>",
    "GOOGLE_APPLICATION_CREDENTIALS": "<unset>",
    "HF_TOKEN": "<set>"
  },
  "stage": "cohort",
  "outputs": {
    "canonical_output_path": "/Users/blocke/Box Sync/Residency Personal Files/Scholarly Work/Locke Research Projects/Hypercap-CC-NLP/MIMIC tabular data/MIMICIV all with CC.xlsx",
    "canonical_output_sha256": "7aa6fcb1ad5936d58e3498642b6c416e64c879d1e7c568a343eea7d80c4944c8",
    "dated_output_path": "/Users/blocke/Box Sync/Residency Personal Files/Scholarly Work/Locke Research Projects/Hypercap-CC-NLP/MIMIC tabular data/prior runs/2026-02-26 MIMICIV all with CC.xlsx",
    "dated_output_sha256": "0943595f82536cbf53c04df92dc36d7231f25f93cadd843811016c2d1eb0ce91",
    "gas_source_audit_path": "/Users/blocke/Box Sync/Residency Personal Files/Scholarly Work/Locke Research Projects/Hypercap-CC-NLP/MIMIC tabular data/prior runs/2026-02-26 gas_source_audit.json",
    "gas_source_overlap_summary_path": "/Users/blocke/Box Sync/Residency Personal Files/Scholarly Work/Locke Research Projects/Hypercap-CC-NLP/MIMIC tabular data/prior runs/2026-02-26 gas_source_overlap_summary.csv",
    "pco2_source_distribution_audit_path": "/Users/blocke/Box Sync/Residency Personal Files/Scholarly Work/Locke Research Projects/Hypercap-CC-NLP/MIMIC tabular data/prior runs/2026-02-26 pco2_source_distribution_audit.csv",
    "pco2_window_max_contributor_audit_path": "/Users/blocke/Box Sync/Residency Personal Files/Scholarly Work/Locke Research Projects/Hypercap-CC-NLP/MIMIC tabular data/prior runs/2026-02-26 pco2_window_max_contributor_audit.csv",
    "qualifying_pco2_distribution_by_type_audit_path": "/Users/blocke/Box Sync/Residency Personal Files/Scholarly Work/Locke Research Projects/Hypercap-CC-NLP/MIMIC tabular data/prior runs/2026-02-26 qualifying_pco2_distribution_by_type_audit.csv",
    "anthropometrics_coverage_audit_path": "/Users/blocke/Box Sync/Residency Personal Files/Scholarly Work/Locke Research Projects/Hypercap-CC-NLP/MIMIC tabular data/prior runs/2026-02-26 anthropometrics_coverage_audit.json",
    "ed_vitals_distribution_summary_path": "/Users/blocke/Box Sync/Residency Personal Files/Scholarly Work/Locke Research Projects/Hypercap-CC-NLP/MIMIC tabular data/prior runs/2026-02-26 ed_vitals_distribution_summary.csv",
    "ed_vitals_extreme_examples_path": "/Users/blocke/Box Sync/Residency Personal Files/Scholarly Work/Locke Research Projects/Hypercap-CC-NLP/MIMIC tabular data/prior runs/2026-02-26 ed_vitals_extreme_examples.csv",
    "ed_vitals_model_delta_path": "/Users/blocke/Box Sync/Residency Personal Files/Scholarly Work/Locke Research Projects/Hypercap-CC-NLP/MIMIC tabular data/prior runs/2026-02-26 ed_vitals_model_delta.csv",
    "outliers_audit_path": "/Users/blocke/Box Sync/Residency Personal Files/Scholarly Work/Locke Research Projects/Hypercap-CC-NLP/MIMIC tabular data/prior runs/2026-02-26 outliers_audit.csv",
    "hco3_itemid_qc_audit_path": "/Users/blocke/Box Sync/Residency Personal Files/Scholarly Work/Locke Research Projects/Hypercap-CC-NLP/MIMIC tabular data/prior runs/2026-02-26 hco3_itemid_qc_audit.csv",
    "hco3_coverage_audit_path": "/Users/blocke/Box Sync/Residency Personal Files/Scholarly Work/Locke Research Projects/Hypercap-CC-NLP/MIMIC tabular data/prior runs/2026-02-26 hco3_coverage_audit.csv"
  },
  "gas_source": {
    "mode": null,
    "source_rates": {
      "unknown": 0.6051565953950586,
      "arterial": 0.24304074805845186,
      "venous": 0.15180265654648956
    },
    "tier_rates": {
      "fallback_unknown": 0.6051565953950586,
      "specimen_text": 0.3948434046049414
    }
  },
  "anthropometrics": {
    "row_count": 7166,
    "field_nonnull_counts": {
      "bmi_closest_pre_ed": 6213,
      "height_closest_pre_ed": 6227,
      "weight_closest_pre_ed": 7074
    },
    "field_nonnull_rates": {
      "bmi_closest_pre_ed": 0.8670108847334635,
      "height_closest_pre_ed": 0.8689645548423109,
      "weight_closest_pre_ed": 0.9871615964275746
    },
    "unit_nonnull_counts": {
      "bmi_closest_pre_ed_uom": 6307,
      "height_closest_pre_ed_uom": 6343,
      "weight_closest_pre_ed_uom": 7075
    },
    "time_nonnull_counts": {
      "bmi_closest_pre_ed_time": 6307,
      "height_closest_pre_ed_time": 6343,
      "weight_closest_pre_ed_time": 7075
    },
    "source_counts": {
      "HOSPITAL": 4981,
      "ICU": 2095,
      "missing": 90
    },
    "source_rates": {
      "HOSPITAL": 0.6950879151548981,
      "ICU": 0.2923527770025119,
      "missing": 0.012559307842590009
    },
    "timing_basis_counts": {
      "post": 2747,
      "pre": 2234,
      "nearest_anytime": 2095,
      "missing": 90
    },
    "timing_basis_rates": {
      "post": 0.3833379849288306,
      "pre": 0.31174993022606756,
      "nearest_anytime": 0.2923527770025119,
      "missing": 0.012559307842590009
    },
    "omr": {
      "window_days": 365,
      "source_rows_prepared": 4908307,
      "parsed_value_rows": 4908301,
      "ed_rows": 7166,
      "ed_rows_eligible_for_join": 7166,
      "subject_overlap_count": 3919,
      "candidate_rows_after_subject_join": 134240,
      "days_before_min": -4034,
      "days_before_max": 4721,
      "nonnegative_candidate_rows": 91549,
      "pre_window_candidate_rows": 23777,
      "post_window_candidate_rows": 19595,
      "closest_absolute_candidate_rows": 43372,
      "within_window_candidate_rows": 23777,
      "eligible_ed_stays_with_candidates": 4869,
      "attached_non_null_counts": {
        "bmi_closest_pre_ed": 4525,
        "height_closest_pre_ed": 3737,
        "weight_closest_pre_ed": 4858
      },
      "attached_any_non_null_rows": 4869,
      "selected_tier_counts": {
        "pre_ed_365": 3651,
        "post_ed_365": 1218,
        "missing": 2297
      },
      "selected_tier_rates": {
        "pre_ed_365": 0.5094892548144013,
        "post_ed_365": 0.16996929946971812,
        "missing": 0.32054144571588056
      },
      "timing_uncertain_count": 1218,
      "anthro_source_counts": {
        "HOSPITAL": 4869,
        "missing": 2297
      },
      "source_rows_raw": 4908307,
      "prepared_rows": 4908307
    },
    "charted_fallback": {
      "charted_rows_input": 4997563,
      "charted_rows_usable": 4959685,
      "nearest_anytime": true,
      "source_preference": [
        "ED",
        "ICU",
        "HOSPITAL"
      ],
      "selected_counts": {
        "bmi_closest_pre_ed": 4967,
        "height_closest_pre_ed": 6227,
        "weight_closest_pre_ed": 7074
      },
      "rows_with_any_selected_metric": 7076,
      "source_metric_input_counts": {
        "HOSPITAL|bmi": 1930517,
        "HOSPITAL|height": 817323,
        "HOSPITAL|weight": 2160461,
        "ICU|height": 8752,
        "ICU|weight": 80504
      },
      "source_metric_usable_counts": {
        "HOSPITAL|bmi": 1930508,
        "HOSPITAL|height": 814930,
        "HOSPITAL|weight": 2145156,
        "ICU|height": 8748,
        "ICU|weight": 60343
      },
      "unit_conversion_counts": {
        "HOSPITAL|height": 814930,
        "HOSPITAL|weight": 2145156,
        "ICU|height": 4374
      },
      "unsupported_unit_drop_counts": {
        "HOSPITAL|bmi|nonpositive_value": 9,
        "HOSPITAL|height|nonpositive_value": 33,
        "HOSPITAL|height|unknown_unit": 2360,
        "HOSPITAL|weight|nonpositive_value": 197,
        "HOSPITAL|weight|unknown_unit": 15108,
        "ICU|height|nonpositive_value": 4,
        "ICU|weight|nonpositive_value": 64,
        "ICU|weight|unknown_unit": 20097
      },
      "bmi_missing_before_pair_fill": 2199,
      "bmi_pair_within_7d_n": 3948,
      "bmi_pair_outside_7d_n": 2395,
      "bmi_pair_missing_time_n": 0,
      "bmi_pair_gap_hours_quantiles": {
        "p50": 0.0,
        "p95": 12761.316666666648,
        "max": 68652.6
      },
      "subject_overlap_count": 5701,
      "selected_source_counts": {
        "HOSPITAL": 4981,
        "ICU": 2095,
        "missing": 90
      },
      "bmi_recorded_vs_computed_n": 3922,
      "bmi_recorded_vs_computed_abs_diff_gt_5_n": 307,
      "bmi_recorded_vs_computed_abs_diff_gt_7_5_n": 127,
      "bmi_recorded_vs_computed_abs_diff_quantiles": {
        "p50": 0.04480009214529268,
        "p95": 6.08061317135222,
        "max": 107813.02454648526
      },
      "bmi_filled_from_height_weight": 1246,
      "source_input_counts": {
        "HOSPITAL": 4908307,
        "ICU": 89256
      },
      "icu_charted_rows_input": 89256,
      "ed_charted_rows_input": 0,
      "ed_charted": {
        "metadata_query_ok": true,
        "metadata_error": null,
        "triage_candidate_columns": [
          "acuity",
          "chiefcomplaint",
          "dbp",
          "heartrate",
          "o2sat",
          "pain",
          "resprate",
          "sbp",
          "stay_id",
          "subject_id",
          "temperature"
        ],
        "vitalsign_candidate_columns": [
          "charttime",
          "dbp",
          "heartrate",
          "o2sat",
          "pain",
          "resprate",
          "rhythm",
          "sbp",
          "stay_id",
          "subject_id",
          "temperature"
        ],
        "triage_rows_raw": 0,
        "vitalsign_rows_raw": 0,
        "rows_long": 0,
        "result_counts": {}
      },
      "enabled": true
    },
    "cleaning_audit_path": "/Users/blocke/Box Sync/Residency Personal Files/Scholarly Work/Locke Research Projects/Hypercap-CC-NLP/MIMIC tabular data/prior runs/2026-02-26 anthropometric_cleaning_audit.csv"
  }
}