scope,label,row_count,first_hco3_nonnull_n,coverage_rate
overall,all_rows,7166,7035,0.9817192296957856
enrollment_route,GAS_ONLY,5179,5179,1.0
enrollment_route,ICD+GAS,1077,1077,1.0
enrollment_route,ICD_ONLY,910,779,0.856043956043956
qualifying_source_branch,LAB,5392,5392,1.0
qualifying_source_branch,POC,864,864,1.0
qualifying_source_branch,UNKNOWN,910,779,0.856043956043956
first_hco3_source,gas_derived,6215,6215,1.0
first_hco3_source,gas_measured,40,40,1.0
first_hco3_source,missing,131,0,0.0
first_hco3_source,serum_lab,780,780,1.0
