raw_column,model_column,lower_bound_exclusive,upper_bound_inclusive,raw_non_missing_n,outlier_n,model_non_missing_n,abs_diff_gt_5_n,abs_diff_gt_7_5_n,abs_diff_p50,abs_diff_p95,abs_diff_max
bmi_closest_pre_ed,bmi_closest_pre_ed_model,10.0,100.0,6213,34,6179,,,,,
height_closest_pre_ed,height_closest_pre_ed_model,100.0,230.0,6227,20,6207,,,,,
weight_closest_pre_ed,weight_closest_pre_ed_model,25.0,400.0,7074,21,7053,,,,,
bmi_recorded_vs_computed_consistency,bmi_closest_pre_ed_model,,,3922,307,3922,307.0,127.0,0.04480009214529268,6.08061317135222,107813.02454648526
