category_name,mean_kappa,mean_ac1,mean_percent_agreement,N
Abnormal test result,,1.0,1.0,480
Symptom – Skin/Hair/Nails,,1.0,1.0,480
Symptom – Respiratory,,1.0,1.0,480
Symptom – Psychological,,1.0,1.0,480
Symptom – Nervous,,1.0,1.0,480
Symptom – Musculoskeletal,,1.0,1.0,480
Symptom – Genitourinary,,1.0,1.0,480
Treatment/Medication,,1.0,1.0,480
Symptom – General,,1.0,1.0,480
Symptom – Digestive,,1.0,1.0,480
Symptom – Circulatory,,1.0,1.0,480
Injuries & adverse effects,,1.0,1.0,480
Diseases (patient-stated),,1.0,1.0,480
Diagnostic/Screening/Preventive,,1.0,1.0,480
Administrative,,1.0,1.0,480
Symptom – Eye/Ear,,1.0,1.0,480
Uncodable/Unknown,,1.0,1.0,480
