metric,value,audit_type,rfv1_name,row_count,row_rate
abnormal_lab_rows,104,summary,,,
abnormal_loss_rows,0,summary,,,
abnormal_test_result_rows,48,summary,,,
eye_ear_rows,0,summary,,,
rfv_distribution,48,rfv_distribution,Abnormal test result,48.0,0.46153846153846156
rfv_distribution,15,rfv_distribution,Symptom – Nervous,15.0,0.14423076923076922
rfv_distribution,11,rfv_distribution,Symptom – Respiratory,11.0,0.10576923076923077
rfv_distribution,10,rfv_distribution,Symptom – Digestive,10.0,0.09615384615384616
rfv_distribution,7,rfv_distribution,Symptom – Circulatory,7.0,0.0673076923076923
rfv_distribution,5,rfv_distribution,Symptom – General,5.0,0.04807692307692308
rfv_distribution,3,rfv_distribution,Diseases (patient-stated),3.0,0.028846153846153848
rfv_distribution,2,rfv_distribution,Symptom – Genitourinary,2.0,0.019230769230769232
rfv_distribution,2,rfv_distribution,Symptom – Musculoskeletal,2.0,0.019230769230769232
rfv_distribution,1,rfv_distribution,Injuries & adverse effects,1.0,0.009615384615384616
