{
  "run_id": "cohort_20260221_130804",
  "generated_utc": "2026-02-21T20:08:05.187888+00:00",
  "work_dir": "/Users/blocke/Box Sync/Residency Personal Files/Scholarly Work/Locke Research Projects/Hypercap-CC-NLP",
  "python_version": "3.11.10 (main, Oct 16 2024, 08:56:36) [Clang 18.1.8 ]",
  "uv_version": "uv 0.9.28 (Homebrew 2026-01-29)",
  "git": {
    "branch": "main",
    "commit": "c729db5955905697a0ce43ac8ba711735c762ee9",
    "dirty": true,
    "dirty_diff_path": "/Users/blocke/Box Sync/Residency Personal Files/Scholarly Work/Locke Research Projects/Hypercap-CC-NLP/debug/run_manifests/cohort_20260221_130804_git.diff",
    "dirty_diff_sha256": "b0911feb3a58cc9fdc2e30e029649a9016ea18905affaaec84d41c40180020c9",
    "dirty_diff_line_count": 55262,
    "require_clean_git": false
  },
  "config_hash_sha256": "20da4c15df0b80016eaf9391f0210a2e520c2837634628dd1012812475ce618c",
  "package_versions": {
    "pandas": "2.2.2",
    "numpy": "2.3.5",
    "spacy": "3.8.11",
    "torch": "2.10.0",
    "sentence-transformers": "5.2.2"
  },
  "env_knobs": {
    "WORK_DIR": "<unset>",
    "CLASSIFIER_INPUT_FILENAME": "<unset>",
    "RATER_NLP_INPUT_FILENAME": "<unset>",
    "RATER_ANNOTATION_PATH": "<unset>",
    "ANALYSIS_INPUT_FILENAME": "<unset>",
    "BQ_QUERY_TIMEOUT_SECS": "<unset>",
    "WRITE_ARCHIVE_XLSX_EXPORTS": "<unset>",
    "COHORT_FAIL_ON_ALL_OTHER_SOURCE": "<unset>",
    "COHORT_WARN_OTHER_RATE": "<unset>",
    "COHORT_FAIL_OTHER_RATE": "<unset>",
    "COHORT_GAS_SOURCE_INFERENCE_MODE": "<unset>",
    "COHORT_FAIL_ON_OMR_ATTACH_INCONSISTENCY": "<unset>",
    "COHORT_ALLOW_EMPTY_OMR": "<unset>",
    "COHORT_ANTHRO_MIN_BMI_COVERAGE": "<unset>",
    "RUN_MANIFEST_STAGE_SCOPE": "<unset>",
    "RUN_MANIFEST_REQUIRE_CLEAN_GIT": "<unset>",
    "GOOGLE_APPLICATION_CREDENTIALS": "<unset>",
    "HF_TOKEN": "<set>"
  },
  "stage": "cohort",
  "outputs": {
    "canonical_output_path": "/Users/blocke/Box Sync/Residency Personal Files/Scholarly Work/Locke Research Projects/Hypercap-CC-NLP/MIMIC tabular data/MIMICIV all with CC.xlsx",
    "canonical_output_sha256": "4cb68149dda9450e29f8eb28f725040c469f4971f68dc099d2ca98ecfeb973f9",
    "dated_output_path": "/Users/blocke/Box Sync/Residency Personal Files/Scholarly Work/Locke Research Projects/Hypercap-CC-NLP/MIMIC tabular data/prior runs/2026-02-21 MIMICIV all with CC.xlsx",
    "dated_output_sha256": "2991410cfaf01a68c1b3620a1f58f6b5bdad1ccb44a68cc0b2ddc85127107fc4",
    "gas_source_audit_path": "/Users/blocke/Box Sync/Residency Personal Files/Scholarly Work/Locke Research Projects/Hypercap-CC-NLP/MIMIC tabular data/prior runs/2026-02-21 gas_source_audit.json",
    "gas_source_overlap_summary_path": "/Users/blocke/Box Sync/Residency Personal Files/Scholarly Work/Locke Research Projects/Hypercap-CC-NLP/MIMIC tabular data/prior runs/2026-02-21 gas_source_overlap_summary.csv",
    "anthropometrics_coverage_audit_path": "/Users/blocke/Box Sync/Residency Personal Files/Scholarly Work/Locke Research Projects/Hypercap-CC-NLP/MIMIC tabular data/prior runs/2026-02-21 anthropometrics_coverage_audit.json",
    "ed_vitals_distribution_summary_path": "/Users/blocke/Box Sync/Residency Personal Files/Scholarly Work/Locke Research Projects/Hypercap-CC-NLP/MIMIC tabular data/prior runs/2026-02-21 ed_vitals_distribution_summary.csv",
    "ed_vitals_extreme_examples_path": "/Users/blocke/Box Sync/Residency Personal Files/Scholarly Work/Locke Research Projects/Hypercap-CC-NLP/MIMIC tabular data/prior runs/2026-02-21 ed_vitals_extreme_examples.csv",
    "ed_vitals_model_delta_path": "/Users/blocke/Box Sync/Residency Personal Files/Scholarly Work/Locke Research Projects/Hypercap-CC-NLP/MIMIC tabular data/prior runs/2026-02-21 ed_vitals_model_delta.csv",
    "outliers_audit_path": "/Users/blocke/Box Sync/Residency Personal Files/Scholarly Work/Locke Research Projects/Hypercap-CC-NLP/MIMIC tabular data/prior runs/2026-02-21 outliers_audit.csv"
  },
  "gas_source": {
    "mode": null,
    "source_rates": {
      "unknown": 0.5860883723033784,
      "arterial": 0.2595766812898557,
      "venous": 0.15433494640676587
    },
    "tier_rates": {
      "fallback_unknown": 0.5860883723033784,
      "specimen_text": 0.4139116276966216
    }
  },
  "anthropometrics": {
    "row_count": 5702,
    "field_nonnull_counts": {
      "bmi_closest_pre_ed": 3089,
      "height_closest_pre_ed": 3090,
      "weight_closest_pre_ed": 5001
    },
    "field_nonnull_rates": {
      "bmi_closest_pre_ed": 0.5417397404419502,
      "height_closest_pre_ed": 0.5419151175026307,
      "weight_closest_pre_ed": 0.8770606804629955
    },
    "source_counts": {
      "icu_charted": 4994,
      "missing": 701,
      "omr": 7
    },
    "source_rates": {
      "icu_charted": 0.8758330410382322,
      "missing": 0.12293931953700456,
      "omr": 0.001227639424763241
    },
    "timing_basis_counts": {
      "nearest_anytime": 4994,
      "missing": 701,
      "post": 7
    },
    "timing_basis_rates": {
      "nearest_anytime": 0.8758330410382322,
      "missing": 0.12293931953700456,
      "post": 0.001227639424763241
    },
    "omr": {
      "window_days": 365,
      "source_rows_prepared": 46494,
      "parsed_value_rows": 46489,
      "ed_rows": 5702,
      "ed_rows_eligible_for_join": 5702,
      "subject_overlap_count": 279,
      "candidate_rows_after_subject_join": 740,
      "days_before_min": -4034,
      "days_before_max": -291,
      "nonnegative_candidate_rows": 0,
      "pre_window_candidate_rows": 0,
      "post_window_candidate_rows": 7,
      "closest_absolute_candidate_rows": 7,
      "within_window_candidate_rows": 0,
      "eligible_ed_stays_with_candidates": 7,
      "attached_non_null_counts": {
        "bmi_closest_pre_ed": 4,
        "height_closest_pre_ed": 0,
        "weight_closest_pre_ed": 4
      },
      "attached_any_non_null_rows": 7,
      "selected_tier_counts": {
        "pre_ed_365": 0,
        "post_ed_365": 7,
        "missing": 5695
      },
      "selected_tier_rates": {
        "pre_ed_365": 0.0,
        "post_ed_365": 0.001227639424763241,
        "missing": 0.9987723605752368
      },
      "timing_uncertain_count": 7,
      "anthro_source_counts": {
        "missing": 5695,
        "omr": 7
      },
      "source_rows_raw": 46494,
      "prepared_rows": 46494
    },
    "charted_fallback": {
      "charted_rows_input": 49839,
      "charted_rows_usable": 49839,
      "nearest_anytime": true,
      "filled_counts": {
        "bmi_closest_pre_ed": 0,
        "height_closest_pre_ed": 3090,
        "weight_closest_pre_ed": 4997
      },
      "rows_with_any_charted_fill": 5000,
      "subject_overlap_count": 4127,
      "fallback_source_counts": {
        "icu_charted": 4994,
        "omr": 6
      },
      "bmi_filled_from_height_weight": 3085,
      "enabled": true
    },
    "cleaning_audit_path": "/Users/blocke/Box Sync/Residency Personal Files/Scholarly Work/Locke Research Projects/Hypercap-CC-NLP/MIMIC tabular data/prior runs/2026-02-21 anthropometric_cleaning_audit.csv"
  }
}