source_branch,analyte,itemid,label,category,fluid,cohort_row_count,manifest_version,present_in_dictionary
LAB,gas_pco2,50818,pCO2,Blood Gas,Blood,56326,2026-02-20.1,1
LAB,gas_ph,50820,pH,Blood Gas,Blood,58811,2026-02-20.1,1
LAB,gas_hco3,50803,"Calculated Bicarbonate, Whole Blood",Blood Gas,Blood,359,2026-02-20.1,1
LAB,gas_specimen,52033,Specimen Type,Blood Gas,Blood,61533,2026-02-20.1,1
ICU,pco2,220235,Arterial CO2 Pressure,Labs,,11149,2026-02-20.1,1
ICU,pco2,226062,Venous CO2 Pressure,Labs,,4817,2026-02-20.1,1
