domain,raw_column,model_column,outlier_flag_column,lower_bound,upper_bound,nonnull_n,out_of_range_n,out_of_range_pct,example_outlier_values
vitals,ed_first_dbp,ed_first_dbp_model,ed_first_dbp_outlier_flag,10.0,200.0,3960,5,0.0012626262626262627,460; 9; 777; 7110; 7
vitals,ed_first_hr,ed_first_hr_model,ed_first_hr_outlier_flag,20.0,250.0,4074,0,0.0,
vitals,ed_first_o2sat,ed_first_o2sat_model,ed_first_o2sat_outlier_flag,0.0,100.0,3871,0,0.0,
vitals,ed_first_pain,ed_first_pain_model,ed_first_pain_outlier_flag,0.0,10.0,2833,0,0.0,
vitals,ed_first_rr,ed_first_rr_model,ed_first_rr_outlier_flag,4.0,80.0,4012,0,0.0,
vitals,ed_first_sbp,ed_first_sbp_model,ed_first_sbp_outlier_flag,20.0,300.0,3960,4,0.00101010101010101,11; 12; 10; 18
vitals,ed_first_temp,ed_first_temp_model,ed_first_temp_outlier_flag,50.0,120.0,2794,0,0.0,
vitals,ed_triage_dbp,ed_triage_dbp_model,ed_triage_dbp_outlier_flag,10.0,200.0,3583,8,0.0022327658386826683,4.0; 460.0; 9.0; 777.0; 7110.0
vitals,ed_triage_hr,ed_triage_hr_model,ed_triage_hr_outlier_flag,20.0,250.0,3632,0,0.0,
vitals,ed_triage_o2sat,ed_triage_o2sat_model,ed_triage_o2sat_outlier_flag,0.0,100.0,3574,0,0.0,
vitals,ed_triage_pain,ed_triage_pain_model,ed_triage_pain_outlier_flag,0.0,10.0,3293,318,0.0965684785909505,13.0; 30.0; 90.0; 60.0
vitals,ed_triage_rr,ed_triage_rr_model,ed_triage_rr_outlier_flag,4.0,80.0,3562,0,0.0,
vitals,ed_triage_sbp,ed_triage_sbp_model,ed_triage_sbp_outlier_flag,20.0,300.0,3608,4,0.0011086474501108647,12.0; 18.0; 14.0; 13.0
vitals,ed_triage_temp,ed_triage_temp_model,ed_triage_temp_outlier_flag,50.0,120.0,3364,0,0.0,
