{
  "panel_rows": 44222,
  "source_present": true,
  "source_counts": {
    "unknown": 25918,
    "arterial": 11479,
    "venous": 6825
  },
  "source_rates": {
    "unknown": 0.5860883723033784,
    "arterial": 0.2595766812898557,
    "venous": 0.15433494640676587
  },
  "all_other_or_unknown": false,
  "tier_counts": {
    "fallback_unknown": 25918,
    "specimen_text": 18304
  },
  "tier_rates": {
    "fallback_unknown": 0.5860883723033784,
    "specimen_text": 0.4139116276966216
  },
  "mode": "specimen_only",
  "resolved_rows": 18304,
  "resolved_rate": 0.4139116276966216,
  "unresolved_specimen_id_count": 25896,
  "unresolved_specimen_id_examples": [
    18027495,
    29753913,
    39459350,
    75616262,
    4345288,
    7737845,
    10503009,
    17704428,
    20476643,
    20641624,
    22347482,
    37135911,
    45817134,
    45888789,
    56541320,
    60441070,
    70135446,
    85653180,
    12289636,
    16057045
  ],
  "heuristic_reference": {
    "panel_rows": 44222,
    "source_present": true,
    "source_counts": {
      "arterial": 19790,
      "venous": 14062,
      "unknown": 10370
    },
    "source_rates": {
      "arterial": 0.44751481163221923,
      "venous": 0.31798652254533943,
      "unknown": 0.23449866582244133
    },
    "all_other_or_unknown": false,
    "tier_counts": {
      "specimen_text": 18304,
      "cluster_inheritance": 15548,
      "fallback_unknown": 10370
    },
    "tier_rates": {
      "specimen_text": 0.4139116276966216,
      "cluster_inheritance": 0.35158970648093707,
      "fallback_unknown": 0.23449866582244133
    },
    "mode": "metadata_only",
    "resolved_rows": 33852,
    "resolved_rate": 0.7655013341775587,
    "unresolved_specimen_id_count": 10361,
    "unresolved_specimen_id_examples": [
      18027495,
      29753913,
      39459350,
      75616262,
      16057045,
      25566767,
      27065657,
      59804837,
      84206263,
      85376158,
      92043098,
      347918,
      88185227,
      60977610,
      62402889,
      17832545,
      71021938,
      26084151,
      56358776,
      57124557
    ],
    "unresolved_value_text_top": {
      "___": 2105,
      "0.9": 422,
      "0.8": 397,
      "0.7": 379,
      "1.0": 375,
      "139": 359,
      "138": 340,
      "mix.": 338,
      "141": 332,
      "1.1": 320,
      "140": 319,
      "0.6": 312,
      "101": 298,
      "103": 288,
      "142": 287
    },
    "unresolved_label_top": {
      "Sodium | Blood": 4564,
      "Chloride | Blood": 4514,
      "Creatinine | Blood": 4462,
      "Hemoglobin | Blood": 3914,
      "Lactate | Blood": 1142,
      "pH | Blood": 578,
      "Calculated Total CO2 | Blood": 530,
      "pCO2 | Blood": 530,
      "Sodium, Urine | Urine": 353,
      "Specimen Type | Blood": 338,
      "Creatinine, Urine | Urine": 315,
      "Chloride, Urine | Urine": 214,
      "Sodium, Whole Blood | Blood": 204,
      "Chloride, Whole Blood | Blood": 134,
      "Calculated Bicarbonate, Whole Blood | Blood": 56
    }
  },
  "baseline_other_rate": 0.6626423339262455,
  "baseline_path": "/Users/blocke/Box Sync/Residency Personal Files/Scholarly Work/Locke Research Projects/Hypercap-CC-NLP/MIMIC tabular data/prior runs/2026-02-20 gas_source_audit.json",
  "baseline_mode_mismatch_path": null,
  "relative_reduction_vs_baseline": 0.11552832909010584,
  "relative_reduction_target": 0.1
}