vital_name,raw_column,clean_column,flag_type,hadm_id,ed_stay_id,raw_value,clean_value,flag_value,tail,ed_first_vitals_time
triage_temp,ed_triage_temp,ed_triage_temp_f_clean,ed_triage_temp_was_celsius_like,20815339,39956606,36.000000000,96.8,True,low,
triage_temp,ed_triage_temp,ed_triage_temp_f_clean,ed_triage_temp_was_celsius_like,24292831,36692230,36.100000000,96.98,True,low,
triage_temp,ed_triage_temp,ed_triage_temp_f_clean,ed_triage_temp_was_celsius_like,26812589,30129021,36.100000000,96.98,True,low,
triage_temp,ed_triage_temp,ed_triage_temp_f_clean,ed_triage_temp_was_celsius_like,29336609,32345478,36.200000000,97.16,True,low,
triage_temp,ed_triage_temp,ed_triage_temp_f_clean,ed_triage_temp_was_celsius_like,20500927,34163540,36.700000000,98.06,True,low,
triage_temp,ed_triage_temp,ed_triage_temp_f_clean,ed_triage_temp_was_celsius_like,25502159,36862663,39.200000000,102.56,True,high,
triage_temp,ed_triage_temp,ed_triage_temp_f_clean,ed_triage_temp_was_celsius_like,20181962,32776784,39.000000000,102.2,True,high,
triage_temp,ed_triage_temp,ed_triage_temp_f_clean,ed_triage_temp_was_celsius_like,23542656,38237235,38.700000000,101.66,True,high,
triage_temp,ed_triage_temp,ed_triage_temp_f_clean,ed_triage_temp_was_celsius_like,20330509,35787341,37.600000000,99.68,True,high,
triage_temp,ed_triage_temp,ed_triage_temp_f_clean,ed_triage_temp_was_celsius_like,29777311,30191369,37.400000000,99.32,True,high,
first_temp,ed_first_temp,ed_first_temp_f_clean,ed_first_temp_was_celsius_like,22193750,35550463,31.700000000,89.06,True,low,2164-06-04 13:51:00
first_temp,ed_first_temp,ed_first_temp_f_clean,ed_first_temp_was_celsius_like,22348841,31461193,32.100000000,89.78,True,low,2196-05-20 10:47:00
first_temp,ed_first_temp,ed_first_temp_f_clean,ed_first_temp_was_celsius_like,23600342,35190395,32.200000000,89.96000000000001,True,low,2185-04-09 17:38:00
first_temp,ed_first_temp,ed_first_temp_f_clean,ed_first_temp_was_celsius_like,21225226,33086996,32.600000000,90.68,True,low,2187-01-12 21:04:00
first_temp,ed_first_temp,ed_first_temp_f_clean,ed_first_temp_was_celsius_like,20717510,34899824,33.200000000,91.76,True,low,2133-01-15 19:10:00
first_temp,ed_first_temp,ed_first_temp_f_clean,ed_first_temp_was_celsius_like,29740997,35226129,39.800000000,103.64,True,high,2159-03-06 02:08:00
first_temp,ed_first_temp,ed_first_temp_f_clean,ed_first_temp_was_celsius_like,25502159,36862663,39.200000000,102.56,True,high,2169-12-23 04:07:00
first_temp,ed_first_temp,ed_first_temp_f_clean,ed_first_temp_was_celsius_like,20181962,32776784,39.000000000,102.2,True,high,2190-10-31 14:20:00
first_temp,ed_first_temp,ed_first_temp_f_clean,ed_first_temp_was_celsius_like,23542656,38237235,38.700000000,101.66,True,high,2162-08-03 13:21:00
first_temp,ed_first_temp,ed_first_temp_f_clean,ed_first_temp_was_celsius_like,25178197,30746000,38.600000000,101.48,True,high,2161-11-09 01:30:00
triage_pain,ed_triage_pain,ed_triage_pain_clean,ed_triage_pain_is_sentinel_13,29491843,33260556,13,,True,low,
triage_pain,ed_triage_pain,ed_triage_pain_clean,ed_triage_pain_is_sentinel_13,21719467,31165363,13,,True,low,
triage_pain,ed_triage_pain,ed_triage_pain_clean,ed_triage_pain_is_sentinel_13,25183055,37915222,13,,True,low,
triage_pain,ed_triage_pain,ed_triage_pain_clean,ed_triage_pain_is_sentinel_13,27336889,34565520,13,,True,low,
triage_pain,ed_triage_pain,ed_triage_pain_clean,ed_triage_pain_is_sentinel_13,23051365,39410199,13,,True,low,
triage_pain,ed_triage_pain,ed_triage_pain_clean,ed_triage_pain_is_sentinel_13,29491843,33260556,13,,True,high,
triage_pain,ed_triage_pain,ed_triage_pain_clean,ed_triage_pain_is_sentinel_13,27119651,33403938,13,,True,high,
triage_pain,ed_triage_pain,ed_triage_pain_clean,ed_triage_pain_is_sentinel_13,25298509,33117897,13,,True,high,
triage_pain,ed_triage_pain,ed_triage_pain_clean,ed_triage_pain_is_sentinel_13,21719467,31165363,13,,True,high,
triage_pain,ed_triage_pain,ed_triage_pain_clean,ed_triage_pain_is_sentinel_13,25183055,37915222,13,,True,high,
triage_pain,ed_triage_pain,ed_triage_pain_clean,ed_triage_pain_out_of_range,25568113,31870576,30,,True,low,
triage_pain,ed_triage_pain,ed_triage_pain_clean,ed_triage_pain_out_of_range,24698043,30250790,60,,True,low,
triage_pain,ed_triage_pain,ed_triage_pain_clean,ed_triage_pain_out_of_range,27484774,39714606,90,,True,low,
triage_pain,ed_triage_pain,ed_triage_pain_clean,ed_triage_pain_out_of_range,27484774,39714606,90,,True,high,
triage_pain,ed_triage_pain,ed_triage_pain_clean,ed_triage_pain_out_of_range,24698043,30250790,60,,True,high,
triage_pain,ed_triage_pain,ed_triage_pain_clean,ed_triage_pain_out_of_range,25568113,31870576,30,,True,high,
triage_sbp,ed_triage_sbp,ed_triage_sbp_clean,ed_triage_sbp_out_of_range,23277167,38480365,12.000000000,,True,low,
triage_sbp,ed_triage_sbp,ed_triage_sbp_clean,ed_triage_sbp_out_of_range,22315425,37093834,13.000000000,,True,low,
triage_sbp,ed_triage_sbp,ed_triage_sbp_clean,ed_triage_sbp_out_of_range,23405865,35371784,14.000000000,,True,low,
triage_sbp,ed_triage_sbp,ed_triage_sbp_clean,ed_triage_sbp_out_of_range,28817077,35933903,18.000000000,,True,low,
triage_sbp,ed_triage_sbp,ed_triage_sbp_clean,ed_triage_sbp_out_of_range,28817077,35933903,18.000000000,,True,high,
triage_sbp,ed_triage_sbp,ed_triage_sbp_clean,ed_triage_sbp_out_of_range,23405865,35371784,14.000000000,,True,high,
triage_sbp,ed_triage_sbp,ed_triage_sbp_clean,ed_triage_sbp_out_of_range,22315425,37093834,13.000000000,,True,high,
triage_sbp,ed_triage_sbp,ed_triage_sbp_clean,ed_triage_sbp_out_of_range,23277167,38480365,12.000000000,,True,high,
triage_dbp,ed_triage_dbp,ed_triage_dbp_clean,ed_triage_dbp_out_of_range,21485696,36428396,4.000000000,,True,low,
triage_dbp,ed_triage_dbp,ed_triage_dbp_clean,ed_triage_dbp_out_of_range,29207918,38120365,5.000000000,,True,low,
triage_dbp,ed_triage_dbp,ed_triage_dbp_clean,ed_triage_dbp_out_of_range,25895120,39706893,7.000000000,,True,low,
triage_dbp,ed_triage_dbp,ed_triage_dbp_clean,ed_triage_dbp_out_of_range,29450181,39525957,9.000000000,,True,low,
triage_dbp,ed_triage_dbp,ed_triage_dbp_clean,ed_triage_dbp_out_of_range,24768641,34460476,460.000000000,,True,low,
triage_dbp,ed_triage_dbp,ed_triage_dbp_clean,ed_triage_dbp_out_of_range,28817077,35933903,7110.000000000,,True,high,
triage_dbp,ed_triage_dbp,ed_triage_dbp_clean,ed_triage_dbp_out_of_range,22315425,37093834,4109.000000000,,True,high,
triage_dbp,ed_triage_dbp,ed_triage_dbp_clean,ed_triage_dbp_out_of_range,29260303,38183639,777.000000000,,True,high,
triage_dbp,ed_triage_dbp,ed_triage_dbp_clean,ed_triage_dbp_out_of_range,24768641,34460476,460.000000000,,True,high,
triage_dbp,ed_triage_dbp,ed_triage_dbp_clean,ed_triage_dbp_out_of_range,29450181,39525957,9.000000000,,True,high,
first_sbp,ed_first_sbp,ed_first_sbp_clean,ed_first_sbp_out_of_range,25000430,36886916,10,,True,low,2134-06-02 09:46:00
first_sbp,ed_first_sbp,ed_first_sbp_clean,ed_first_sbp_out_of_range,28236731,35922978,11,,True,low,2182-08-30 06:29:00
first_sbp,ed_first_sbp,ed_first_sbp_clean,ed_first_sbp_out_of_range,23277167,38480365,12,,True,low,2165-01-06 15:16:00
first_sbp,ed_first_sbp,ed_first_sbp_clean,ed_first_sbp_out_of_range,28817077,35933903,18,,True,low,2175-09-25 13:33:00
first_sbp,ed_first_sbp,ed_first_sbp_clean,ed_first_sbp_out_of_range,28817077,35933903,18,,True,high,2175-09-25 13:33:00
first_sbp,ed_first_sbp,ed_first_sbp_clean,ed_first_sbp_out_of_range,23277167,38480365,12,,True,high,2165-01-06 15:16:00
first_sbp,ed_first_sbp,ed_first_sbp_clean,ed_first_sbp_out_of_range,28236731,35922978,11,,True,high,2182-08-30 06:29:00
first_sbp,ed_first_sbp,ed_first_sbp_clean,ed_first_sbp_out_of_range,25000430,36886916,10,,True,high,2134-06-02 09:46:00
first_dbp,ed_first_dbp,ed_first_dbp_clean,ed_first_dbp_out_of_range,25895120,39706893,7,,True,low,2137-04-03 12:06:00
first_dbp,ed_first_dbp,ed_first_dbp_clean,ed_first_dbp_out_of_range,29450181,39525957,9,,True,low,2186-12-31 12:21:00
first_dbp,ed_first_dbp,ed_first_dbp_clean,ed_first_dbp_out_of_range,24768641,34460476,460,,True,low,2158-12-24 01:56:00
first_dbp,ed_first_dbp,ed_first_dbp_clean,ed_first_dbp_out_of_range,29260303,38183639,777,,True,low,2173-07-14 13:04:00
first_dbp,ed_first_dbp,ed_first_dbp_clean,ed_first_dbp_out_of_range,28817077,35933903,7110,,True,low,2175-09-25 13:33:00
first_dbp,ed_first_dbp,ed_first_dbp_clean,ed_first_dbp_out_of_range,28817077,35933903,7110,,True,high,2175-09-25 13:33:00
first_dbp,ed_first_dbp,ed_first_dbp_clean,ed_first_dbp_out_of_range,29260303,38183639,777,,True,high,2173-07-14 13:04:00
first_dbp,ed_first_dbp,ed_first_dbp_clean,ed_first_dbp_out_of_range,24768641,34460476,460,,True,high,2158-12-24 01:56:00
first_dbp,ed_first_dbp,ed_first_dbp_clean,ed_first_dbp_out_of_range,29450181,39525957,9,,True,high,2186-12-31 12:21:00
first_dbp,ed_first_dbp,ed_first_dbp_clean,ed_first_dbp_out_of_range,25895120,39706893,7,,True,high,2137-04-03 12:06:00
