vital_name,raw_column,clean_column,raw_n,clean_n,raw_removed_n,raw_removed_pct,converted_celsius_like_n
triage_temp,ed_triage_temp,ed_triage_temp_f_clean,3364,3364,0,0.0,10
first_temp,ed_first_temp,ed_first_temp_f_clean,2794,2794,0,0.0,39
triage_pain,ed_triage_pain,ed_triage_pain_clean,3293,2975,318,0.0965684785909505,0
first_pain,ed_first_pain,ed_first_pain_clean,2833,2833,0,0.0,0
triage_sbp,ed_triage_sbp,ed_triage_sbp_clean,3608,3604,4,0.0011086474501108647,0
triage_dbp,ed_triage_dbp,ed_triage_dbp_clean,3583,3575,8,0.0022327658386826683,0
first_sbp,ed_first_sbp,ed_first_sbp_clean,3960,3956,4,0.00101010101010101,0
first_dbp,ed_first_dbp,ed_first_dbp_clean,3960,3955,5,0.0012626262626262627,0
triage_o2sat,ed_triage_o2sat,ed_triage_o2sat_clean,3574,3574,0,0.0,0
first_o2sat,ed_first_o2sat,ed_first_o2sat_clean,3871,3871,0,0.0,0
