{
  "row_count": 5702,
  "field_nonnull_counts": {
    "bmi_closest_pre_ed": 3089,
    "height_closest_pre_ed": 3090,
    "weight_closest_pre_ed": 5001
  },
  "field_nonnull_rates": {
    "bmi_closest_pre_ed": 0.5417397404419502,
    "height_closest_pre_ed": 0.5419151175026307,
    "weight_closest_pre_ed": 0.8770606804629955
  },
  "source_counts": {
    "icu_charted": 4994,
    "missing": 701,
    "omr": 7
  },
  "source_rates": {
    "icu_charted": 0.8758330410382322,
    "missing": 0.12293931953700456,
    "omr": 0.001227639424763241
  },
  "timing_basis_counts": {
    "nearest_anytime": 4994,
    "missing": 701,
    "post": 7
  },
  "timing_basis_rates": {
    "nearest_anytime": 0.8758330410382322,
    "missing": 0.12293931953700456,
    "post": 0.001227639424763241
  },
  "omr": {
    "window_days": 365,
    "source_rows_prepared": 46494,
    "parsed_value_rows": 46489,
    "ed_rows": 5702,
    "ed_rows_eligible_for_join": 5702,
    "subject_overlap_count": 279,
    "candidate_rows_after_subject_join": 740,
    "days_before_min": -4034,
    "days_before_max": -291,
    "nonnegative_candidate_rows": 0,
    "pre_window_candidate_rows": 0,
    "post_window_candidate_rows": 7,
    "closest_absolute_candidate_rows": 7,
    "within_window_candidate_rows": 0,
    "eligible_ed_stays_with_candidates": 7,
    "attached_non_null_counts": {
      "bmi_closest_pre_ed": 4,
      "height_closest_pre_ed": 0,
      "weight_closest_pre_ed": 4
    },
    "attached_any_non_null_rows": 7,
    "selected_tier_counts": {
      "pre_ed_365": 0,
      "post_ed_365": 7,
      "missing": 5695
    },
    "selected_tier_rates": {
      "pre_ed_365": 0.0,
      "post_ed_365": 0.001227639424763241,
      "missing": 0.9987723605752368
    },
    "timing_uncertain_count": 7,
    "anthro_source_counts": {
      "missing": 5695,
      "omr": 7
    },
    "source_rows_raw": 46494,
    "prepared_rows": 46494
  },
  "charted_fallback": {
    "charted_rows_input": 49839,
    "charted_rows_usable": 49839,
    "nearest_anytime": true,
    "filled_counts": {
      "bmi_closest_pre_ed": 0,
      "height_closest_pre_ed": 3090,
      "weight_closest_pre_ed": 4997
    },
    "rows_with_any_charted_fill": 5000,
    "subject_overlap_count": 4127,
    "fallback_source_counts": {
      "icu_charted": 4994,
      "omr": 6
    },
    "bmi_filled_from_height_weight": 3085,
    "enabled": true
  },
  "cleaning_audit_path": "/Users/blocke/Box Sync/Residency Personal Files/Scholarly Work/Locke Research Projects/Hypercap-CC-NLP/MIMIC tabular data/prior runs/2026-02-21 anthropometric_cleaning_audit.csv"
}