vital_name,raw_column,clean_column,raw_n_non_missing,raw_missing_pct,raw_min,raw_p1,raw_median,raw_mean,raw_p99,raw_max,clean_n_non_missing,clean_missing_pct,clean_min,clean_p1,clean_median,clean_mean,clean_p99,clean_max,ed_triage_temp_was_celsius_like_count,ed_triage_temp_was_celsius_like_pct,ed_triage_temp_out_of_range_count,ed_triage_temp_out_of_range_pct,ed_first_temp_was_celsius_like_count,ed_first_temp_was_celsius_like_pct,ed_first_temp_out_of_range_count,ed_first_temp_out_of_range_pct,ed_triage_pain_is_sentinel_13_count,ed_triage_pain_is_sentinel_13_pct,ed_triage_pain_out_of_range_count,ed_triage_pain_out_of_range_pct,ed_first_pain_is_sentinel_13_count,ed_first_pain_is_sentinel_13_pct,ed_first_pain_out_of_range_count,ed_first_pain_out_of_range_pct,ed_triage_sbp_out_of_range_count,ed_triage_sbp_out_of_range_pct,ed_triage_dbp_out_of_range_count,ed_triage_dbp_out_of_range_pct,ed_first_sbp_out_of_range_count,ed_first_sbp_out_of_range_pct,ed_first_dbp_out_of_range_count,ed_first_dbp_out_of_range_pct,ed_triage_o2sat_gt_100_count,ed_triage_o2sat_gt_100_pct,ed_triage_o2sat_out_of_range_count,ed_triage_o2sat_out_of_range_pct,ed_triage_o2sat_zero_count,ed_triage_o2sat_zero_pct,ed_first_o2sat_gt_100_count,ed_first_o2sat_gt_100_pct,ed_first_o2sat_out_of_range_count,ed_first_o2sat_out_of_range_pct,ed_first_o2sat_zero_count,ed_first_o2sat_zero_pct
triage_temp,ed_triage_temp,ed_triage_temp_f_clean,3364,41.0,36.0,95.0,98.0,97.89524494649228,102.0,104.4,3364,41.0,82.0,95.2,98.0,98.07907372175981,102.1,104.4,10.0,0.00175377060680463,0.0,0.0,,,,,,,,,,,,,,,,,,,,,,,,,,,,,,,,
first_temp,ed_first_temp,ed_first_temp_f_clean,2794,51.0,31.7,36.686,98.0,97.29755905511811,102.80700000000002,104.9,2794,51.0,82.0,94.6274,98.0,98.14377236936292,102.90700000000002,104.9,,,,,39.0,0.006839705366538057,0.0,0.0,,,,,,,,,,,,,,,,,,,,,,,,,,,,
triage_pain,ed_triage_pain,ed_triage_pain_clean,3293,42.25,0.0,0.0,0.0,3.7175827512906165,13.0,90.0,2975,47.83,0.0,0.0,0.0,2.677983193277311,10.0,10.0,,,,,,,,,315.0,0.05524377411434584,3.0,0.000526131182041389,,,,,,,,,,,,,,,,,,,,,,,,
first_pain,ed_first_pain,ed_first_pain_clean,2833,50.32,0.0,0.0,0.0,2.354571126014825,10.0,10.0,2833,50.32,0.0,0.0,0.0,2.354571126014825,10.0,10.0,,,,,,,,,,,,,0.0,0.0,0.0,0.0,,,,,,,,,,,,,,,,,,,,
triage_sbp,ed_triage_sbp,ed_triage_sbp_clean,3608,36.72,12.0,70.0,128.0,129.21563192904657,209.0,248.0,3604,36.79,24.0,71.0,128.0,129.3432297447281,209.0,248.0,,,,,,,,,,,,,,,,,4.0,0.0007015082427218519,,,,,,,,,,,,,,,,,,
triage_dbp,ed_triage_dbp,ed_triage_dbp_clean,3583,37.16,4.0,35.0,72.0,76.30895897292771,124.0,7110.0,3575,37.3,13.0,36.0,72.0,72.98853146853146,123.25999999999976,173.0,,,,,,,,,,,,,,,,,,,8.0,0.0014030164854437039,,,,,,,,,,,,,,,,
first_sbp,ed_first_sbp,ed_first_sbp_clean,3960,30.55,10.0,69.59,126.0,127.48459595959596,210.0,268.0,3956,30.62,53.0,70.0,126.0,127.60060667340748,210.0,268.0,,,,,,,,,,,,,,,,,,,,,4.0,0.0007015082427218519,,,,,,,,,,,,,,
first_dbp,ed_first_dbp,ed_first_dbp_clean,3960,30.55,7.0,34.0,70.0,74.06085858585858,126.0,7110.0,3955,30.64,20.0,35.0,70.0,72.03994943109987,124.46000000000004,195.0,,,,,,,,,,,,,,,,,,,,,,,5.0,0.000876885303402315,,,,,,,,,,,,
triage_o2sat,ed_triage_o2sat,ed_triage_o2sat_clean,3574,37.32,49.0,72.0,97.0,95.63402350307778,100.0,100.0,3574,37.32,49.0,72.0,97.0,95.63402350307778,100.0,100.0,,,,,,,,,,,,,,,,,,,,,,,,,0.0,0.0,0.0,0.0,0.0,0.0,,,,,,
first_o2sat,ed_first_o2sat,ed_first_o2sat_clean,3871,32.11,10.0,72.7,97.0,95.75484370963575,100.0,100.0,3871,32.11,10.0,72.7,97.0,95.75484370963575,100.0,100.0,,,,,,,,,,,,,,,,,,,,,,,,,,,,,,,0.0,0.0,0.0,0.0,0.0,0.0
