{
  "window_days": 365,
  "source_rows_prepared": 46494,
  "parsed_value_rows": 46489,
  "ed_rows": 5702,
  "ed_rows_eligible_for_join": 5702,
  "subject_overlap_count": 279,
  "candidate_rows_after_subject_join": 740,
  "days_before_min": -4034,
  "days_before_max": -291,
  "nonnegative_candidate_rows": 0,
  "pre_window_candidate_rows": 0,
  "post_window_candidate_rows": 7,
  "closest_absolute_candidate_rows": 7,
  "within_window_candidate_rows": 0,
  "eligible_ed_stays_with_candidates": 7,
  "attached_non_null_counts": {
    "bmi_closest_pre_ed": 4,
    "height_closest_pre_ed": 0,
    "weight_closest_pre_ed": 4
  },
  "attached_any_non_null_rows": 7,
  "selected_tier_counts": {
    "pre_ed_365": 0,
    "post_ed_365": 7,
    "missing": 5695
  },
  "selected_tier_rates": {
    "pre_ed_365": 0.0,
    "post_ed_365": 0.001227639424763241,
    "missing": 0.9987723605752368
  },
  "timing_uncertain_count": 7,
  "anthro_source_counts": {
    "missing": 5695,
    "omr": 7
  },
  "source_rows_raw": 46494,
  "prepared_rows": 46494
}