{
  "ed_spine_rows": 12038,
  "ed_rows": 12038,
  "ed_unique": 12038,
  "hadm_rows": 40629,
  "hadm_cc_rows": 12020,
  "icu_link_rate": 0.7726366506064131,
  "pct_any_gas_0_6h": 0.4184249875394584,
  "pct_any_gas_0_24h": 0.9582987207177271,
  "gas_source_other_rate": 0.6626423339262455,
  "gas_source_other_rate_warn_threshold": 0.5,
  "gas_source_other_rate_fail_threshold": null,
  "source_unknown_rate": 0.6626423339262455,
  "gas_source_audit": {
    "panel_rows": 71399,
    "source_present": true,
    "source_counts": {
      "unknown": 47312,
      "arterial": 14635,
      "venous": 9452
    },
    "source_rates": {
      "unknown": 0.6626423339262455,
      "arterial": 0.20497485959187103,
      "venous": 0.1323828064818835
    },
    "all_other_or_unknown": false,
    "tier_counts": {
      "fallback_unknown": 47312,
      "specimen_text": 24087
    },
    "tier_rates": {
      "fallback_unknown": 0.6626423339262455,
      "specimen_text": 0.33735766607375456
    },
    "mode": "specimen_only",
    "resolved_rows": 24087,
    "resolved_rate": 0.33735766607375456,
    "unresolved_specimen_id_count": 47279,
    "unresolved_specimen_id_examples": [
      1068183,
      2752210,
      12826971,
      39367736,
      45465398,
      54325826,
      95145860,
      97178600,
      9593781,
      81892638,
      18027495,
      29753913,
      39459350,
      75616262,
      50588428,
      86652150,
      88463482,
      45338459,
      62225368,
      65374931
    ],
    "heuristic_reference": {
      "panel_rows": 71399,
      "source_present": true,
      "source_counts": {
        "unknown": 25935,
        "arterial": 25780,
        "venous": 19684
      },
      "source_rates": {
        "unknown": 0.3632403815179484,
        "arterial": 0.3610694827658651,
        "venous": 0.2756901357161865
      },
      "all_other_or_unknown": false,
      "tier_counts": {
        "fallback_unknown": 25935,
        "specimen_text": 24087,
        "cluster_inheritance": 21377
      },
      "tier_rates": {
        "fallback_unknown": 0.3632403815179484,
        "specimen_text": 0.33735766607375456,
        "cluster_inheritance": 0.29940195240829703
      },
      "mode": "metadata_only",
      "resolved_rows": 45464,
      "resolved_rate": 0.6367596184820515,
      "unresolved_specimen_id_count": 25918,
      "unresolved_specimen_id_examples": [
        1068183,
        2752210,
        12826971,
        39367736,
        45465398,
        54325826,
        95145860,
        97178600,
        9593781,
        81892638,
        18027495,
        29753913,
        39459350,
        75616262,
        50588428,
        86652150,
        88463482,
        45338459,
        62225368,
        75880307
      ],
      "unresolved_value_text_top": {
        "___": 4838,
        "0.9": 1064,
        "0.8": 1055,
        "0.7": 960,
        "1.0": 941,
        "138": 867,
        "139": 838,
        "140": 809,
        "141": 793,
        "1.1": 792,
        "103": 766,
        "101": 763,
        "0.6": 757,
        "102": 751,
        "104": 737
      },
      "unresolved_label_top": {
        "Sodium | Blood": 11596,
        "Chloride | Blood": 11489,
        "Creatinine | Blood": 11354,
        "Hemoglobin | Blood": 10290,
        "Lactate | Blood": 2543,
        "pH | Blood": 809,
        "Sodium, Urine | Urine": 800,
        "Creatinine, Urine | Urine": 753,
        "pCO2 | Blood": 710,
        "Calculated Total CO2 | Blood": 709,
        "Specimen Type | Blood": 512,
        "Chloride, Urine | Urine": 483,
        "Sodium, Whole Blood | Blood": 369,
        "Chloride, Whole Blood | Blood": 206,
        "Calculated Bicarbonate, Whole Blood | Blood": 102
      }
    },
    "baseline_other_rate": 0.7711144274014472,
    "baseline_path": "/Users/blocke/Box Sync/Residency Personal Files/Scholarly Work/Locke Research Projects/Hypercap-CC-NLP/MIMIC tabular data/prior runs/2026-02-15 gas_source_audit.json",
    "baseline_mode_mismatch_path": "/Users/blocke/Box Sync/Residency Personal Files/Scholarly Work/Locke Research Projects/Hypercap-CC-NLP/MIMIC tabular data/prior runs/2026-02-16 gas_source_audit.json",
    "relative_reduction_vs_baseline": 0.1406692568841413,
    "relative_reduction_target": 0.1
  },
  "gas_source_overlap_summary": [
    {
      "gas_overlap": "ABG",
      "count": 4635,
      "percent": 38.5
    },
    {
      "gas_overlap": "VBG",
      "count": 3537,
      "percent": 29.38
    },
    {
      "gas_overlap": "ABG+VBG",
      "count": 2076,
      "percent": 17.25
    },
    {
      "gas_overlap": "ABG+VBG+OTHER",
      "count": 576,
      "percent": 4.78
    },
    {
      "gas_overlap": "NO_GAS",
      "count": 437,
      "percent": 3.63
    },
    {
      "gas_overlap": "OTHER",
      "count": 274,
      "percent": 2.28
    },
    {
      "gas_overlap": "ABG+OTHER",
      "count": 258,
      "percent": 2.14
    },
    {
      "gas_overlap": "VBG+OTHER",
      "count": 245,
      "percent": 2.04
    }
  ],
  "blood_gas_manifest": {
    "version": "2026-02-20.1",
    "path": "/Users/blocke/Box Sync/Residency Personal Files/Scholarly Work/Locke Research Projects/Hypercap-CC-NLP/specs/blood_gas_itemids.json"
  },
  "blood_gas_itemid_manifest_audit": [
    {
      "source_branch": "LAB",
      "analyte": "gas_pco2",
      "itemid": 50818,
      "label": "pCO2",
      "category": "Blood Gas",
      "fluid": "Blood",
      "cohort_row_count": 495853,
      "manifest_version": "2026-02-20.1",
      "present_in_dictionary": 1
    },
    {
      "source_branch": "LAB",
      "analyte": "gas_ph",
      "itemid": 50820,
      "label": "pH",
      "category": "Blood Gas",
      "fluid": "Blood",
      "cohort_row_count": 524869,
      "manifest_version": "2026-02-20.1",
      "present_in_dictionary": 1
    },
    {
      "source_branch": "LAB",
      "analyte": "gas_hco3",
      "itemid": 50803,
      "label": "Calculated Bicarbonate, Whole Blood",
      "category": "Blood Gas",
      "fluid": "Blood",
      "cohort_row_count": 5435,
      "manifest_version": "2026-02-20.1",
      "present_in_dictionary": 1
    },
    {
      "source_branch": "LAB",
      "analyte": "gas_specimen",
      "itemid": 52033,
      "label": "Specimen Type",
      "category": "Blood Gas",
      "fluid": "Blood",
      "cohort_row_count": 562910,
      "manifest_version": "2026-02-20.1",
      "present_in_dictionary": 1
    },
    {
      "source_branch": "ICU",
      "analyte": "pco2",
      "itemid": 220235,
      "label": "Arterial CO2 Pressure",
      "category": "Labs",
      "fluid": null,
      "cohort_row_count": 14130,
      "manifest_version": "2026-02-20.1",
      "present_in_dictionary": 1
    },
    {
      "source_branch": "ICU",
      "analyte": "pco2",
      "itemid": 226062,
      "label": "Venous CO2 Pressure",
      "category": "Labs",
      "fluid": null,
      "cohort_row_count": 6402,
      "manifest_version": "2026-02-20.1",
      "present_in_dictionary": 1
    }
  ],
  "pco2_source_distribution_audit": [
    {
      "source_branch": "LAB",
      "source": "arterial",
      "n": 14428,
      "median": 43.0,
      "p95": 73.0,
      "max": 188.0,
      "pct_ge_50": 0.265178819
    },
    {
      "source_branch": "LAB",
      "source": "unknown",
      "n": 912,
      "median": 49.0,
      "p95": 76.0,
      "max": 140.0,
      "pct_ge_50": 0.485745614
    },
    {
      "source_branch": "LAB",
      "source": "venous",
      "n": 8122,
      "median": 51.0,
      "p95": 84.0,
      "max": 233.0,
      "pct_ge_50": 0.5843388328
    },
    {
      "source_branch": "POC",
      "source": "arterial",
      "n": 6934,
      "median": 45.0,
      "p95": 78.0,
      "max": 181.0,
      "pct_ge_50": 0.3417940583
    },
    {
      "source_branch": "POC",
      "source": "venous",
      "n": 5375,
      "median": 51.0,
      "p95": 83.0,
      "max": 189.0,
      "pct_ge_50": 0.5761860465
    }
  ],
  "other_route_quarantine_audit": [
    {
      "poc_other_candidate_n": 0,
      "poc_other_ge50_n": 0,
      "poc_other_ge50_rate": 0.0,
      "poc_unknown_hadm_n": 0,
      "unknown_hypercap_threshold_hadm_n": 1353,
      "unknown_from_poc_detail_hadm_n": 0
    }
  ],
  "first_gas_anchor_audit": [
    {
      "row_count": 12038,
      "first_gas_time_nonnull_n": 7752,
      "first_gas_anchor_has_pco2_n": 7752,
      "first_gas_anchor_source_validated_n": 7752,
      "first_gas_without_pco2_anchor_n": 0
    }
  ],
  "pco2_itemid_qc_audit": [
    {
      "itemid": 220235,
      "label": "Arterial CO2 Pressure",
      "category": "Labs",
      "source_branch": "POC",
      "sample_type_hint": "ABG",
      "row_count": 14130,
      "non_null_count": 14130,
      "units_observed": "mmhg",
      "p50_mmhg": 43.0,
      "p95_mmhg": 73.0,
      "max_mmhg": 181.0,
      "label_include_ok": false,
      "label_exclude_hit": false,
      "unit_ok": true,
      "median_in_expected_range": false,
      "contamination_flag": true,
      "manifest_whitelisted": 1
    },
    {
      "itemid": 226062,
      "label": "Venous CO2 Pressure",
      "category": "Labs",
      "source_branch": "POC",
      "sample_type_hint": "VBG",
      "row_count": 6402,
      "non_null_count": 6402,
      "units_observed": "mmhg",
      "p50_mmhg": 51.0,
      "p95_mmhg": 85.0,
      "max_mmhg": 999998.0,
      "label_include_ok": false,
      "label_exclude_hit": false,
      "unit_ok": true,
      "median_in_expected_range": true,
      "contamination_flag": true,
      "manifest_whitelisted": 1
    }
  ],
  "poc_inclusion_enabled": false,
  "poc_inclusion_reason": "validated_itemids_failed_qc",
  "omr_diagnostics": {
    "window_days": 365,
    "source_rows_prepared": 46494,
    "parsed_value_rows": 46489,
    "ed_rows": 12038,
    "ed_rows_eligible_for_join": 12038,
    "subject_overlap_count": 632,
    "candidate_rows_after_subject_join": 1970,
    "days_before_min": -4034,
    "days_before_max": -275,
    "nonnegative_candidate_rows": 0,
    "pre_window_candidate_rows": 0,
    "post_window_candidate_rows": 21,
    "closest_absolute_candidate_rows": 21,
    "within_window_candidate_rows": 0,
    "eligible_ed_stays_with_candidates": 19,
    "attached_non_null_counts": {
      "bmi_closest_pre_ed": 8,
      "height_closest_pre_ed": 1,
      "weight_closest_pre_ed": 13
    },
    "attached_any_non_null_rows": 19,
    "selected_tier_counts": {
      "pre_ed_365": 0,
      "post_ed_365": 19,
      "missing": 12019
    },
    "selected_tier_rates": {
      "pre_ed_365": 0.0,
      "post_ed_365": 0.0015783352716398074,
      "missing": 0.9984216647283602
    },
    "timing_uncertain_count": 19,
    "anthro_source_counts": {
      "missing": 12019,
      "omr": 19
    },
    "source_rows_raw": 46494,
    "prepared_rows": 46494
  },
  "omr_window_diagnostics": {
    "subject_overlap_count": 632,
    "pre_window_candidate_rows": 0,
    "post_window_candidate_rows": 21,
    "closest_absolute_candidate_rows": 21,
    "within_window_candidate_rows": 0,
    "attached_total_non_null_values": 22,
    "selected_tier_counts": {
      "pre_ed_365": 0,
      "post_ed_365": 19,
      "missing": 12019
    },
    "selected_tier_rates": {
      "pre_ed_365": 0.0,
      "post_ed_365": 0.0015783352716398074,
      "missing": 0.9984216647283602
    }
  },
  "anthro_timing_tier_counts": {
    "pre_ed_365": 0,
    "post_ed_365": 19,
    "missing": 12019
  },
  "anthro_timing_tier_rates": {
    "pre_ed_365": 0.0,
    "post_ed_365": 0.0015783352716398074,
    "missing": 0.9984216647283602
  },
  "anthro_coverage_audit": {
    "row_count": 12038,
    "field_nonnull_counts": {
      "bmi_closest_pre_ed": 7400,
      "height_closest_pre_ed": 7405,
      "weight_closest_pre_ed": 10470
    },
    "field_nonnull_rates": {
      "bmi_closest_pre_ed": 0.6147200531649776,
      "height_closest_pre_ed": 0.6151354045522512,
      "weight_closest_pre_ed": 0.8697458049509885
    },
    "source_counts": {
      "icu_charted": 10452,
      "missing": 1567,
      "omr": 19
    },
    "source_rates": {
      "icu_charted": 0.8682505399568035,
      "missing": 0.13017112477155673,
      "omr": 0.0015783352716398074
    },
    "timing_basis_counts": {
      "nearest_anytime": 10452,
      "missing": 1567,
      "post": 19
    },
    "timing_basis_rates": {
      "nearest_anytime": 0.8682505399568035,
      "missing": 0.13017112477155673,
      "post": 0.0015783352716398074
    },
    "omr": {
      "window_days": 365,
      "source_rows_prepared": 46494,
      "parsed_value_rows": 46489,
      "ed_rows": 12038,
      "ed_rows_eligible_for_join": 12038,
      "subject_overlap_count": 632,
      "candidate_rows_after_subject_join": 1970,
      "days_before_min": -4034,
      "days_before_max": -275,
      "nonnegative_candidate_rows": 0,
      "pre_window_candidate_rows": 0,
      "post_window_candidate_rows": 21,
      "closest_absolute_candidate_rows": 21,
      "within_window_candidate_rows": 0,
      "eligible_ed_stays_with_candidates": 19,
      "attached_non_null_counts": {
        "bmi_closest_pre_ed": 8,
        "height_closest_pre_ed": 1,
        "weight_closest_pre_ed": 13
      },
      "attached_any_non_null_rows": 19,
      "selected_tier_counts": {
        "pre_ed_365": 0,
        "post_ed_365": 19,
        "missing": 12019
      },
      "selected_tier_rates": {
        "pre_ed_365": 0.0,
        "post_ed_365": 0.0015783352716398074,
        "missing": 0.9984216647283602
      },
      "timing_uncertain_count": 19,
      "anthro_source_counts": {
        "missing": 12019,
        "omr": 19
      },
      "source_rows_raw": 46494,
      "prepared_rows": 46494
    },
    "charted_fallback": {
      "charted_rows_input": 424643,
      "charted_rows_usable": 424643,
      "nearest_anytime": true,
      "filled_counts": {
        "bmi_closest_pre_ed": 0,
        "height_closest_pre_ed": 7404,
        "weight_closest_pre_ed": 10457
      },
      "rows_with_any_charted_fill": 10467,
      "subject_overlap_count": 8116,
      "fallback_source_counts": {
        "icu_charted": 10452,
        "omr": 15
      },
      "bmi_filled_from_height_weight": 7392,
      "enabled": true
    },
    "cleaning_audit_path": "/Users/blocke/Box Sync/Residency Personal Files/Scholarly Work/Locke Research Projects/Hypercap-CC-NLP/MIMIC tabular data/prior runs/2026-02-20 anthropometric_cleaning_audit.csv"
  },
  "anthropometric_cleaning_audit": [
    {
      "raw_column": "bmi_closest_pre_ed",
      "model_column": "bmi_closest_pre_ed_model",
      "lower_bound_exclusive": 0.0,
      "upper_bound_inclusive": 100.0,
      "raw_non_missing_n": 7400,
      "outlier_n": 116,
      "model_non_missing_n": 7284
    },
    {
      "raw_column": "height_closest_pre_ed",
      "model_column": "height_closest_pre_ed_model",
      "lower_bound_exclusive": 100.0,
      "upper_bound_inclusive": 250.0,
      "raw_non_missing_n": 7405,
      "outlier_n": 38,
      "model_non_missing_n": 7367
    },
    {
      "raw_column": "weight_closest_pre_ed",
      "model_column": "weight_closest_pre_ed_model",
      "lower_bound_exclusive": 0.0,
      "upper_bound_inclusive": 400.0,
      "raw_non_missing_n": 10470,
      "outlier_n": 81,
      "model_non_missing_n": 10389
    }
  ],
  "hco3_integrity_audit": [
    {
      "first_hco3_source": "missing",
      "row_count": 11761,
      "null_value_count": 11761,
      "nonnull_value_count": 0,
      "null_value_rate": 1.0,
      "source_value_mismatch_n": 0
    },
    {
      "first_hco3_source": "lab_panel_same_specimen",
      "row_count": 137,
      "null_value_count": 0,
      "nonnull_value_count": 137,
      "null_value_rate": 0.0,
      "source_value_mismatch_n": 0
    },
    {
      "first_hco3_source": "lab_nearest_to_anchor",
      "row_count": 112,
      "null_value_count": 0,
      "nonnull_value_count": 112,
      "null_value_rate": 0.0,
      "source_value_mismatch_n": 0
    },
    {
      "first_hco3_source": "lab_first_0_24h",
      "row_count": 28,
      "null_value_count": 0,
      "nonnull_value_count": 28,
      "null_value_rate": 0.0,
      "source_value_mismatch_n": 0
    }
  ],
  "charted_anthro_diagnostics": {
    "charted_rows_input": 424643,
    "charted_rows_usable": 424643,
    "nearest_anytime": true,
    "filled_counts": {
      "bmi_closest_pre_ed": 0,
      "height_closest_pre_ed": 7404,
      "weight_closest_pre_ed": 10457
    },
    "rows_with_any_charted_fill": 10467,
    "subject_overlap_count": 8116,
    "fallback_source_counts": {
      "icu_charted": 10452,
      "omr": 15
    },
    "bmi_filled_from_height_weight": 7392,
    "enabled": true
  },
  "timing_integrity_audit": [
    {
      "rows_total": 12038,
      "time_integrity_any_n": 34,
      "hospital_los_negative_n": 18,
      "admittime_before_ed_intime_n": 16,
      "dischtime_before_admittime_n": 18,
      "qualifying_gas_observed_n": 7752,
      "qualifying_gas_missing_n": 4286
    }
  ],
  "ventilation_timing_audit": [
    {
      "rows_total": 12038,
      "dt_first_imv_hours_negative_n": 6,
      "dt_first_niv_hours_negative_n": 1,
      "imv_time_outside_window_n": 28,
      "niv_time_outside_window_n": 16,
      "dt_first_imv_hours_model_nonnull_n": 6723,
      "dt_first_niv_hours_model_nonnull_n": 5145
    }
  ],
  "unexpected_full_null_fields": [],
  "expected_structural_null_fields": [],
  "uom_expectation_scope": {
    "frame": "final_cc_preview",
    "row_count": 12020
  },
  "uom_expectation_checks": {
    "expected_structural_null_fields": [
      "poc_abg_ph_uom",
      "poc_vbg_ph_uom",
      "poc_other_ph_uom"
    ],
    "structural_null_checks": {
      "poc_abg_ph_uom": {
        "present": true,
        "missing_n": 12020,
        "missing_pct": 1.0,
        "all_null": true
      },
      "poc_vbg_ph_uom": {
        "present": true,
        "missing_n": 12020,
        "missing_pct": 1.0,
        "all_null": true
      },
      "poc_other_ph_uom": {
        "present": true,
        "missing_n": 12020,
        "missing_pct": 1.0,
        "all_null": true
      }
    },
    "paco2_uom_checks": {
      "poc_abg_paco2_uom": {
        "present": true,
        "paired_value_column": "poc_abg_paco2",
        "value_rows": 6934,
        "missing_uom_when_value_present": 0,
        "non_mmhg_uom_when_value_present": 0,
        "passes": true
      },
      "poc_vbg_paco2_uom": {
        "present": true,
        "paired_value_column": "poc_vbg_paco2",
        "value_rows": 5375,
        "missing_uom_when_value_present": 0,
        "non_mmhg_uom_when_value_present": 0,
        "passes": true
      },
      "poc_other_paco2_uom": {
        "present": true,
        "paired_value_column": "poc_other_paco2",
        "value_rows": 0,
        "missing_uom_when_value_present": 0,
        "non_mmhg_uom_when_value_present": 0,
        "passes": true
      }
    }
  },
  "first_other_pco2_audit_scope": "uom_scope_df",
  "first_other_pco2_audit": [
    {
      "source": "LAB_BG_UNKNOWN",
      "count_nonnull": 2520,
      "mean": 49.8424603175,
      "median": 48.0,
      "q25": 41.0,
      "q75": 56.0,
      "p95": 76.0,
      "max": 140.0,
      "pct_ge_80": 0.0353174603,
      "pct_ge_100": 0.005952381,
      "pct_ge_150": 0.0,
      "pct_eq_160": 0.0,
      "top_values": {
        "50.0": 119,
        "44.0": 95,
        "41.0": 95,
        "40.0": 93,
        "43.0": 91,
        "48.0": 89,
        "51.0": 88,
        "42.0": 85,
        "52.0": 84,
        "47.0": 78
      },
      "status": "ok",
      "missing_columns": ""
    }
  ],
  "vitals_outlier_audit": [
    {
      "domain": "vitals",
      "raw_column": "ed_first_dbp",
      "model_column": "ed_first_dbp_model",
      "outlier_flag_column": "ed_first_dbp_outlier_flag",
      "lower_bound": 10.0,
      "upper_bound": 200.0,
      "nonnull_n": 9296,
      "out_of_range_n": 10,
      "out_of_range_pct": 0.0010757315,
      "example_outlier_values": "652; 460; 741; 9; 777"
    },
    {
      "domain": "vitals",
      "raw_column": "ed_first_hr",
      "model_column": "ed_first_hr_model",
      "outlier_flag_column": "ed_first_hr_outlier_flag",
      "lower_bound": 20.0,
      "upper_bound": 250.0,
      "nonnull_n": 9492,
      "out_of_range_n": 1,
      "out_of_range_pct": 0.0001053519,
      "example_outlier_values": "6.0"
    },
    {
      "domain": "vitals",
      "raw_column": "ed_first_o2sat",
      "model_column": "ed_first_o2sat_model",
      "outlier_flag_column": "ed_first_o2sat_outlier_flag",
      "lower_bound": 0.0,
      "upper_bound": 100.0,
      "nonnull_n": 9053,
      "out_of_range_n": 1,
      "out_of_range_pct": 0.0001104606,
      "example_outlier_values": "1000.0"
    },
    {
      "domain": "vitals",
      "raw_column": "ed_first_pain",
      "model_column": "ed_first_pain_model",
      "outlier_flag_column": "ed_first_pain_outlier_flag",
      "lower_bound": 0.0,
      "upper_bound": 10.0,
      "nonnull_n": 7163,
      "out_of_range_n": 0,
      "out_of_range_pct": 0.0,
      "example_outlier_values": ""
    },
    {
      "domain": "vitals",
      "raw_column": "ed_first_rr",
      "model_column": "ed_first_rr_model",
      "outlier_flag_column": "ed_first_rr_outlier_flag",
      "lower_bound": 4.0,
      "upper_bound": 80.0,
      "nonnull_n": 9372,
      "out_of_range_n": 0,
      "out_of_range_pct": 0.0,
      "example_outlier_values": ""
    },
    {
      "domain": "vitals",
      "raw_column": "ed_first_sbp",
      "model_column": "ed_first_sbp_model",
      "outlier_flag_column": "ed_first_sbp_outlier_flag",
      "lower_bound": 20.0,
      "upper_bound": 300.0,
      "nonnull_n": 9296,
      "out_of_range_n": 7,
      "out_of_range_pct": 0.000753012,
      "example_outlier_values": "11; 13; 15; 12; 10"
    },
    {
      "domain": "vitals",
      "raw_column": "ed_first_temp",
      "model_column": "ed_first_temp_model",
      "outlier_flag_column": "ed_first_temp_outlier_flag",
      "lower_bound": 50.0,
      "upper_bound": 120.0,
      "nonnull_n": 6993,
      "out_of_range_n": 5045,
      "out_of_range_pct": 0.7214357214,
      "example_outlier_values": ""
    },
    {
      "domain": "vitals",
      "raw_column": "ed_triage_dbp",
      "model_column": "ed_triage_dbp_model",
      "outlier_flag_column": "ed_triage_dbp_outlier_flag",
      "lower_bound": 10.0,
      "upper_bound": 200.0,
      "nonnull_n": 8842,
      "out_of_range_n": 13,
      "out_of_range_pct": 0.0014702556,
      "example_outlier_values": "4.0; 652.0; 8132.0; 460.0; 9.0"
    },
    {
      "domain": "vitals",
      "raw_column": "ed_triage_hr",
      "model_column": "ed_triage_hr_model",
      "outlier_flag_column": "ed_triage_hr_outlier_flag",
      "lower_bound": 20.0,
      "upper_bound": 250.0,
      "nonnull_n": 8916,
      "out_of_range_n": 0,
      "out_of_range_pct": 0.0,
      "example_outlier_values": ""
    },
    {
      "domain": "vitals",
      "raw_column": "ed_triage_o2sat",
      "model_column": "ed_triage_o2sat_model",
      "outlier_flag_column": "ed_triage_o2sat_outlier_flag",
      "lower_bound": 0.0,
      "upper_bound": 100.0,
      "nonnull_n": 8786,
      "out_of_range_n": 1,
      "out_of_range_pct": 0.0001138174,
      "example_outlier_values": "1000.0"
    },
    {
      "domain": "vitals",
      "raw_column": "ed_triage_pain",
      "model_column": "ed_triage_pain_model",
      "outlier_flag_column": "ed_triage_pain_outlier_flag",
      "lower_bound": 0.0,
      "upper_bound": 10.0,
      "nonnull_n": 8244,
      "out_of_range_n": 570,
      "out_of_range_pct": 0.0691411936,
      "example_outlier_values": "13.0; 30.0; 134.0; 11.0; 90.0"
    },
    {
      "domain": "vitals",
      "raw_column": "ed_triage_rr",
      "model_column": "ed_triage_rr_model",
      "outlier_flag_column": "ed_triage_rr_outlier_flag",
      "lower_bound": 4.0,
      "upper_bound": 80.0,
      "nonnull_n": 8749,
      "out_of_range_n": 0,
      "out_of_range_pct": 0.0,
      "example_outlier_values": ""
    },
    {
      "domain": "vitals",
      "raw_column": "ed_triage_sbp",
      "model_column": "ed_triage_sbp_model",
      "outlier_flag_column": "ed_triage_sbp_outlier_flag",
      "lower_bound": 20.0,
      "upper_bound": 300.0,
      "nonnull_n": 8883,
      "out_of_range_n": 7,
      "out_of_range_pct": 0.0007880221,
      "example_outlier_values": "18.0; 15.0; 9656.0; 12.0; 14.0"
    },
    {
      "domain": "vitals",
      "raw_column": "ed_triage_temp",
      "model_column": "ed_triage_temp_model",
      "outlier_flag_column": "ed_triage_temp_outlier_flag",
      "lower_bound": 50.0,
      "upper_bound": 120.0,
      "nonnull_n": 8435,
      "out_of_range_n": 3604,
      "out_of_range_pct": 0.4272673385,
      "example_outlier_values": "9.1"
    }
  ],
  "ed_vitals_distribution_summary": [
    {
      "vital_name": "triage_temp",
      "raw_column": "ed_triage_temp",
      "clean_column": "ed_triage_temp_f_clean",
      "raw_n_non_missing": 8435,
      "raw_missing_pct": 29.93,
      "raw_min": 9.1,
      "raw_p1": 95.2,
      "raw_median": 98.0,
      "raw_mean": 97.9404237107,
      "raw_p99": 102.066,
      "raw_max": 107.0,
      "clean_n_non_missing": 8434,
      "clean_missing_pct": 29.94,
      "clean_min": 80.0,
      "clean_p1": 95.5,
      "clean_median": 98.0,
      "clean_mean": 98.0961980081,
      "clean_p99": 102.1,
      "clean_max": 107.0,
      "ed_triage_temp_was_celsius_like_count": 20.0,
      "ed_triage_temp_was_celsius_like_pct": 0.0016614055,
      "ed_triage_temp_out_of_range_count": 3604.0,
      "ed_triage_temp_out_of_range_pct": 0.2993852799,
      "ed_first_temp_was_celsius_like_count": null,
      "ed_first_temp_was_celsius_like_pct": null,
      "ed_first_temp_out_of_range_count": null,
      "ed_first_temp_out_of_range_pct": null,
      "ed_triage_pain_is_sentinel_13_count": null,
      "ed_triage_pain_is_sentinel_13_pct": null,
      "ed_triage_pain_out_of_range_count": null,
      "ed_triage_pain_out_of_range_pct": null,
      "ed_first_pain_is_sentinel_13_count": null,
      "ed_first_pain_is_sentinel_13_pct": null,
      "ed_first_pain_out_of_range_count": null,
      "ed_first_pain_out_of_range_pct": null,
      "ed_triage_sbp_out_of_range_count": null,
      "ed_triage_sbp_out_of_range_pct": null,
      "ed_triage_dbp_out_of_range_count": null,
      "ed_triage_dbp_out_of_range_pct": null,
      "ed_first_sbp_out_of_range_count": null,
      "ed_first_sbp_out_of_range_pct": null,
      "ed_first_dbp_out_of_range_count": null,
      "ed_first_dbp_out_of_range_pct": null,
      "ed_triage_o2sat_gt_100_count": null,
      "ed_triage_o2sat_gt_100_pct": null,
      "ed_triage_o2sat_out_of_range_count": null,
      "ed_triage_o2sat_out_of_range_pct": null,
      "ed_triage_o2sat_zero_count": null,
      "ed_triage_o2sat_zero_pct": null,
      "ed_first_o2sat_gt_100_count": null,
      "ed_first_o2sat_gt_100_pct": null,
      "ed_first_o2sat_out_of_range_count": null,
      "ed_first_o2sat_out_of_range_pct": null,
      "ed_first_o2sat_zero_count": null,
      "ed_first_o2sat_zero_pct": null
    },
    {
      "vital_name": "first_temp",
      "raw_column": "ed_first_temp",
      "clean_column": "ed_first_temp_f_clean",
      "raw_n_non_missing": 6993,
      "raw_missing_pct": 41.91,
      "raw_min": 28.6,
      "raw_p1": 90.984,
      "raw_median": 98.0,
      "raw_mean": 97.673958244,
      "raw_p99": 102.7,
      "raw_max": 107.0,
      "clean_n_non_missing": 6993,
      "clean_missing_pct": 41.91,
      "clean_min": 80.0,
      "clean_p1": 95.1,
      "clean_median": 98.0,
      "clean_mean": 98.1576076076,
      "clean_p99": 102.7,
      "clean_max": 107.0,
      "ed_triage_temp_was_celsius_like_count": null,
      "ed_triage_temp_was_celsius_like_pct": null,
      "ed_triage_temp_out_of_range_count": null,
      "ed_triage_temp_out_of_range_pct": null,
      "ed_first_temp_was_celsius_like_count": 56.0,
      "ed_first_temp_was_celsius_like_pct": 0.0046519355,
      "ed_first_temp_out_of_range_count": 5045.0,
      "ed_first_temp_out_of_range_pct": 0.4190895498,
      "ed_triage_pain_is_sentinel_13_count": null,
      "ed_triage_pain_is_sentinel_13_pct": null,
      "ed_triage_pain_out_of_range_count": null,
      "ed_triage_pain_out_of_range_pct": null,
      "ed_first_pain_is_sentinel_13_count": null,
      "ed_first_pain_is_sentinel_13_pct": null,
      "ed_first_pain_out_of_range_count": null,
      "ed_first_pain_out_of_range_pct": null,
      "ed_triage_sbp_out_of_range_count": null,
      "ed_triage_sbp_out_of_range_pct": null,
      "ed_triage_dbp_out_of_range_count": null,
      "ed_triage_dbp_out_of_range_pct": null,
      "ed_first_sbp_out_of_range_count": null,
      "ed_first_sbp_out_of_range_pct": null,
      "ed_first_dbp_out_of_range_count": null,
      "ed_first_dbp_out_of_range_pct": null,
      "ed_triage_o2sat_gt_100_count": null,
      "ed_triage_o2sat_gt_100_pct": null,
      "ed_triage_o2sat_out_of_range_count": null,
      "ed_triage_o2sat_out_of_range_pct": null,
      "ed_triage_o2sat_zero_count": null,
      "ed_triage_o2sat_zero_pct": null,
      "ed_first_o2sat_gt_100_count": null,
      "ed_first_o2sat_gt_100_pct": null,
      "ed_first_o2sat_out_of_range_count": null,
      "ed_first_o2sat_out_of_range_pct": null,
      "ed_first_o2sat_zero_count": null,
      "ed_first_o2sat_zero_pct": null
    },
    {
      "vital_name": "triage_pain",
      "raw_column": "ed_triage_pain",
      "clean_column": "ed_triage_pain_clean",
      "raw_n_non_missing": 8244,
      "raw_missing_pct": 31.52,
      "raw_min": 0.0,
      "raw_p1": 0.0,
      "raw_median": 0.0,
      "raw_mean": 3.6646652111,
      "raw_p99": 13.0,
      "raw_max": 134.0,
      "clean_n_non_missing": 7674,
      "clean_missing_pct": 36.25,
      "clean_min": 0.0,
      "clean_p1": 0.0,
      "clean_median": 0.0,
      "clean_mean": 2.9373859786,
      "clean_p99": 10.0,
      "clean_max": 10.0,
      "ed_triage_temp_was_celsius_like_count": null,
      "ed_triage_temp_was_celsius_like_pct": null,
      "ed_triage_temp_out_of_range_count": null,
      "ed_triage_temp_out_of_range_pct": null,
      "ed_first_temp_was_celsius_like_count": null,
      "ed_first_temp_was_celsius_like_pct": null,
      "ed_first_temp_out_of_range_count": null,
      "ed_first_temp_out_of_range_pct": null,
      "ed_triage_pain_is_sentinel_13_count": 565.0,
      "ed_triage_pain_is_sentinel_13_pct": 0.0469347068,
      "ed_triage_pain_out_of_range_count": 5.0,
      "ed_triage_pain_out_of_range_pct": 0.0004153514,
      "ed_first_pain_is_sentinel_13_count": null,
      "ed_first_pain_is_sentinel_13_pct": null,
      "ed_first_pain_out_of_range_count": null,
      "ed_first_pain_out_of_range_pct": null,
      "ed_triage_sbp_out_of_range_count": null,
      "ed_triage_sbp_out_of_range_pct": null,
      "ed_triage_dbp_out_of_range_count": null,
      "ed_triage_dbp_out_of_range_pct": null,
      "ed_first_sbp_out_of_range_count": null,
      "ed_first_sbp_out_of_range_pct": null,
      "ed_first_dbp_out_of_range_count": null,
      "ed_first_dbp_out_of_range_pct": null,
      "ed_triage_o2sat_gt_100_count": null,
      "ed_triage_o2sat_gt_100_pct": null,
      "ed_triage_o2sat_out_of_range_count": null,
      "ed_triage_o2sat_out_of_range_pct": null,
      "ed_triage_o2sat_zero_count": null,
      "ed_triage_o2sat_zero_pct": null,
      "ed_first_o2sat_gt_100_count": null,
      "ed_first_o2sat_gt_100_pct": null,
      "ed_first_o2sat_out_of_range_count": null,
      "ed_first_o2sat_out_of_range_pct": null,
      "ed_first_o2sat_zero_count": null,
      "ed_first_o2sat_zero_pct": null
    },
    {
      "vital_name": "first_pain",
      "raw_column": "ed_first_pain",
      "clean_column": "ed_first_pain_clean",
      "raw_n_non_missing": 7163,
      "raw_missing_pct": 40.5,
      "raw_min": 0.0,
      "raw_p1": 0.0,
      "raw_median": 0.0,
      "raw_mean": 2.6664805249,
      "raw_p99": 10.0,
      "raw_max": 10.0,
      "clean_n_non_missing": 7163,
      "clean_missing_pct": 40.5,
      "clean_min": 0.0,
      "clean_p1": 0.0,
      "clean_median": 0.0,
      "clean_mean": 2.6664805249,
      "clean_p99": 10.0,
      "clean_max": 10.0,
      "ed_triage_temp_was_celsius_like_count": null,
      "ed_triage_temp_was_celsius_like_pct": null,
      "ed_triage_temp_out_of_range_count": null,
      "ed_triage_temp_out_of_range_pct": null,
      "ed_first_temp_was_celsius_like_count": null,
      "ed_first_temp_was_celsius_like_pct": null,
      "ed_first_temp_out_of_range_count": null,
      "ed_first_temp_out_of_range_pct": null,
      "ed_triage_pain_is_sentinel_13_count": null,
      "ed_triage_pain_is_sentinel_13_pct": null,
      "ed_triage_pain_out_of_range_count": null,
      "ed_triage_pain_out_of_range_pct": null,
      "ed_first_pain_is_sentinel_13_count": 0.0,
      "ed_first_pain_is_sentinel_13_pct": 0.0,
      "ed_first_pain_out_of_range_count": 0.0,
      "ed_first_pain_out_of_range_pct": 0.0,
      "ed_triage_sbp_out_of_range_count": null,
      "ed_triage_sbp_out_of_range_pct": null,
      "ed_triage_dbp_out_of_range_count": null,
      "ed_triage_dbp_out_of_range_pct": null,
      "ed_first_sbp_out_of_range_count": null,
      "ed_first_sbp_out_of_range_pct": null,
      "ed_first_dbp_out_of_range_count": null,
      "ed_first_dbp_out_of_range_pct": null,
      "ed_triage_o2sat_gt_100_count": null,
      "ed_triage_o2sat_gt_100_pct": null,
      "ed_triage_o2sat_out_of_range_count": null,
      "ed_triage_o2sat_out_of_range_pct": null,
      "ed_triage_o2sat_zero_count": null,
      "ed_triage_o2sat_zero_pct": null,
      "ed_first_o2sat_gt_100_count": null,
      "ed_first_o2sat_gt_100_pct": null,
      "ed_first_o2sat_out_of_range_count": null,
      "ed_first_o2sat_out_of_range_pct": null,
      "ed_first_o2sat_zero_count": null,
      "ed_first_o2sat_zero_pct": null
    },
    {
      "vital_name": "triage_sbp",
      "raw_column": "ed_triage_sbp",
      "clean_column": "ed_triage_sbp_clean",
      "raw_n_non_missing": 8883,
      "raw_missing_pct": 26.21,
      "raw_min": 12.0,
      "raw_p1": 74.0,
      "raw_median": 128.0,
      "raw_mean": 131.06979624,
      "raw_p99": 204.0,
      "raw_max": 9656.0,
      "clean_n_non_missing": 8876,
      "clean_missing_pct": 26.27,
      "clean_min": 24.0,
      "clean_p1": 75.0,
      "clean_median": 128.0,
      "clean_mean": 130.0751464624,
      "clean_p99": 203.25,
      "clean_max": 256.0,
      "ed_triage_temp_was_celsius_like_count": null,
      "ed_triage_temp_was_celsius_like_pct": null,
      "ed_triage_temp_out_of_range_count": null,
      "ed_triage_temp_out_of_range_pct": null,
      "ed_first_temp_was_celsius_like_count": null,
      "ed_first_temp_was_celsius_like_pct": null,
      "ed_first_temp_out_of_range_count": null,
      "ed_first_temp_out_of_range_pct": null,
      "ed_triage_pain_is_sentinel_13_count": null,
      "ed_triage_pain_is_sentinel_13_pct": null,
      "ed_triage_pain_out_of_range_count": null,
      "ed_triage_pain_out_of_range_pct": null,
      "ed_first_pain_is_sentinel_13_count": null,
      "ed_first_pain_is_sentinel_13_pct": null,
      "ed_first_pain_out_of_range_count": null,
      "ed_first_pain_out_of_range_pct": null,
      "ed_triage_sbp_out_of_range_count": 7.0,
      "ed_triage_sbp_out_of_range_pct": 0.0005814919,
      "ed_triage_dbp_out_of_range_count": null,
      "ed_triage_dbp_out_of_range_pct": null,
      "ed_first_sbp_out_of_range_count": null,
      "ed_first_sbp_out_of_range_pct": null,
      "ed_first_dbp_out_of_range_count": null,
      "ed_first_dbp_out_of_range_pct": null,
      "ed_triage_o2sat_gt_100_count": null,
      "ed_triage_o2sat_gt_100_pct": null,
      "ed_triage_o2sat_out_of_range_count": null,
      "ed_triage_o2sat_out_of_range_pct": null,
      "ed_triage_o2sat_zero_count": null,
      "ed_triage_o2sat_zero_pct": null,
      "ed_first_o2sat_gt_100_count": null,
      "ed_first_o2sat_gt_100_pct": null,
      "ed_first_o2sat_out_of_range_count": null,
      "ed_first_o2sat_out_of_range_pct": null,
      "ed_first_o2sat_zero_count": null,
      "ed_first_o2sat_zero_pct": null
    },
    {
      "vital_name": "triage_dbp",
      "raw_column": "ed_triage_dbp",
      "clean_column": "ed_triage_dbp_clean",
      "raw_n_non_missing": 8842,
      "raw_missing_pct": 26.55,
      "raw_min": 4.0,
      "raw_p1": 37.0,
      "raw_median": 72.0,
      "raw_mean": 75.4928749152,
      "raw_p99": 120.0,
      "raw_max": 8132.0,
      "clean_n_non_missing": 8829,
      "clean_missing_pct": 26.66,
      "clean_min": 13.0,
      "clean_p1": 37.0,
      "clean_median": 72.0,
      "clean_mean": 73.0496092423,
      "clean_p99": 120.0,
      "clean_max": 173.0,
      "ed_triage_temp_was_celsius_like_count": null,
      "ed_triage_temp_was_celsius_like_pct": null,
      "ed_triage_temp_out_of_range_count": null,
      "ed_triage_temp_out_of_range_pct": null,
      "ed_first_temp_was_celsius_like_count": null,
      "ed_first_temp_was_celsius_like_pct": null,
      "ed_first_temp_out_of_range_count": null,
      "ed_first_temp_out_of_range_pct": null,
      "ed_triage_pain_is_sentinel_13_count": null,
      "ed_triage_pain_is_sentinel_13_pct": null,
      "ed_triage_pain_out_of_range_count": null,
      "ed_triage_pain_out_of_range_pct": null,
      "ed_first_pain_is_sentinel_13_count": null,
      "ed_first_pain_is_sentinel_13_pct": null,
      "ed_first_pain_out_of_range_count": null,
      "ed_first_pain_out_of_range_pct": null,
      "ed_triage_sbp_out_of_range_count": null,
      "ed_triage_sbp_out_of_range_pct": null,
      "ed_triage_dbp_out_of_range_count": 13.0,
      "ed_triage_dbp_out_of_range_pct": 0.0010799136,
      "ed_first_sbp_out_of_range_count": null,
      "ed_first_sbp_out_of_range_pct": null,
      "ed_first_dbp_out_of_range_count": null,
      "ed_first_dbp_out_of_range_pct": null,
      "ed_triage_o2sat_gt_100_count": null,
      "ed_triage_o2sat_gt_100_pct": null,
      "ed_triage_o2sat_out_of_range_count": null,
      "ed_triage_o2sat_out_of_range_pct": null,
      "ed_triage_o2sat_zero_count": null,
      "ed_triage_o2sat_zero_pct": null,
      "ed_first_o2sat_gt_100_count": null,
      "ed_first_o2sat_gt_100_pct": null,
      "ed_first_o2sat_out_of_range_count": null,
      "ed_first_o2sat_out_of_range_pct": null,
      "ed_first_o2sat_zero_count": null,
      "ed_first_o2sat_zero_pct": null
    },
    {
      "vital_name": "first_sbp",
      "raw_column": "ed_first_sbp",
      "clean_column": "ed_first_sbp_clean",
      "raw_n_non_missing": 9296,
      "raw_missing_pct": 22.78,
      "raw_min": 10.0,
      "raw_p1": 73.0,
      "raw_median": 127.0,
      "raw_mean": 128.7321428571,
      "raw_p99": 204.0,
      "raw_max": 268.0,
      "clean_n_non_missing": 9289,
      "clean_missing_pct": 22.84,
      "clean_min": 20.0,
      "clean_p1": 74.0,
      "clean_median": 127.0,
      "clean_mean": 128.819463882,
      "clean_p99": 204.0,
      "clean_max": 268.0,
      "ed_triage_temp_was_celsius_like_count": null,
      "ed_triage_temp_was_celsius_like_pct": null,
      "ed_triage_temp_out_of_range_count": null,
      "ed_triage_temp_out_of_range_pct": null,
      "ed_first_temp_was_celsius_like_count": null,
      "ed_first_temp_was_celsius_like_pct": null,
      "ed_first_temp_out_of_range_count": null,
      "ed_first_temp_out_of_range_pct": null,
      "ed_triage_pain_is_sentinel_13_count": null,
      "ed_triage_pain_is_sentinel_13_pct": null,
      "ed_triage_pain_out_of_range_count": null,
      "ed_triage_pain_out_of_range_pct": null,
      "ed_first_pain_is_sentinel_13_count": null,
      "ed_first_pain_is_sentinel_13_pct": null,
      "ed_first_pain_out_of_range_count": null,
      "ed_first_pain_out_of_range_pct": null,
      "ed_triage_sbp_out_of_range_count": null,
      "ed_triage_sbp_out_of_range_pct": null,
      "ed_triage_dbp_out_of_range_count": null,
      "ed_triage_dbp_out_of_range_pct": null,
      "ed_first_sbp_out_of_range_count": 7.0,
      "ed_first_sbp_out_of_range_pct": 0.0005814919,
      "ed_first_dbp_out_of_range_count": null,
      "ed_first_dbp_out_of_range_pct": null,
      "ed_triage_o2sat_gt_100_count": null,
      "ed_triage_o2sat_gt_100_pct": null,
      "ed_triage_o2sat_out_of_range_count": null,
      "ed_triage_o2sat_out_of_range_pct": null,
      "ed_triage_o2sat_zero_count": null,
      "ed_triage_o2sat_zero_pct": null,
      "ed_first_o2sat_gt_100_count": null,
      "ed_first_o2sat_gt_100_pct": null,
      "ed_first_o2sat_out_of_range_count": null,
      "ed_first_o2sat_out_of_range_pct": null,
      "ed_first_o2sat_zero_count": null,
      "ed_first_o2sat_zero_pct": null
    },
    {
      "vital_name": "first_dbp",
      "raw_column": "ed_first_dbp",
      "clean_column": "ed_first_dbp_clean",
      "raw_n_non_missing": 9296,
      "raw_missing_pct": 22.78,
      "raw_min": 7.0,
      "raw_p1": 36.0,
      "raw_median": 71.0,
      "raw_mean": 73.2475258176,
      "raw_p99": 121.0,
      "raw_max": 7110.0,
      "clean_n_non_missing": 9286,
      "clean_missing_pct": 22.86,
      "clean_min": 19.0,
      "clean_p1": 36.0,
      "clean_median": 71.0,
      "clean_mean": 72.1370880896,
      "clean_p99": 120.0,
      "clean_max": 195.0,
      "ed_triage_temp_was_celsius_like_count": null,
      "ed_triage_temp_was_celsius_like_pct": null,
      "ed_triage_temp_out_of_range_count": null,
      "ed_triage_temp_out_of_range_pct": null,
      "ed_first_temp_was_celsius_like_count": null,
      "ed_first_temp_was_celsius_like_pct": null,
      "ed_first_temp_out_of_range_count": null,
      "ed_first_temp_out_of_range_pct": null,
      "ed_triage_pain_is_sentinel_13_count": null,
      "ed_triage_pain_is_sentinel_13_pct": null,
      "ed_triage_pain_out_of_range_count": null,
      "ed_triage_pain_out_of_range_pct": null,
      "ed_first_pain_is_sentinel_13_count": null,
      "ed_first_pain_is_sentinel_13_pct": null,
      "ed_first_pain_out_of_range_count": null,
      "ed_first_pain_out_of_range_pct": null,
      "ed_triage_sbp_out_of_range_count": null,
      "ed_triage_sbp_out_of_range_pct": null,
      "ed_triage_dbp_out_of_range_count": null,
      "ed_triage_dbp_out_of_range_pct": null,
      "ed_first_sbp_out_of_range_count": null,
      "ed_first_sbp_out_of_range_pct": null,
      "ed_first_dbp_out_of_range_count": 10.0,
      "ed_first_dbp_out_of_range_pct": 0.0008307028,
      "ed_triage_o2sat_gt_100_count": null,
      "ed_triage_o2sat_gt_100_pct": null,
      "ed_triage_o2sat_out_of_range_count": null,
      "ed_triage_o2sat_out_of_range_pct": null,
      "ed_triage_o2sat_zero_count": null,
      "ed_triage_o2sat_zero_pct": null,
      "ed_first_o2sat_gt_100_count": null,
      "ed_first_o2sat_gt_100_pct": null,
      "ed_first_o2sat_out_of_range_count": null,
      "ed_first_o2sat_out_of_range_pct": null,
      "ed_first_o2sat_zero_count": null,
      "ed_first_o2sat_zero_pct": null
    },
    {
      "vital_name": "triage_o2sat",
      "raw_column": "ed_triage_o2sat",
      "clean_column": "ed_triage_o2sat_clean",
      "raw_n_non_missing": 8786,
      "raw_missing_pct": 27.01,
      "raw_min": 9.0,
      "raw_p1": 77.85,
      "raw_median": 97.0,
      "raw_mean": 96.3002503984,
      "raw_p99": 100.0,
      "raw_max": 1000.0,
      "clean_n_non_missing": 8785,
      "clean_missing_pct": 27.02,
      "clean_min": 9.0,
      "clean_p1": 77.84,
      "clean_median": 97.0,
      "clean_mean": 96.197381901,
      "clean_p99": 100.0,
      "clean_max": 100.0,
      "ed_triage_temp_was_celsius_like_count": null,
      "ed_triage_temp_was_celsius_like_pct": null,
      "ed_triage_temp_out_of_range_count": null,
      "ed_triage_temp_out_of_range_pct": null,
      "ed_first_temp_was_celsius_like_count": null,
      "ed_first_temp_was_celsius_like_pct": null,
      "ed_first_temp_out_of_range_count": null,
      "ed_first_temp_out_of_range_pct": null,
      "ed_triage_pain_is_sentinel_13_count": null,
      "ed_triage_pain_is_sentinel_13_pct": null,
      "ed_triage_pain_out_of_range_count": null,
      "ed_triage_pain_out_of_range_pct": null,
      "ed_first_pain_is_sentinel_13_count": null,
      "ed_first_pain_is_sentinel_13_pct": null,
      "ed_first_pain_out_of_range_count": null,
      "ed_first_pain_out_of_range_pct": null,
      "ed_triage_sbp_out_of_range_count": null,
      "ed_triage_sbp_out_of_range_pct": null,
      "ed_triage_dbp_out_of_range_count": null,
      "ed_triage_dbp_out_of_range_pct": null,
      "ed_first_sbp_out_of_range_count": null,
      "ed_first_sbp_out_of_range_pct": null,
      "ed_first_dbp_out_of_range_count": null,
      "ed_first_dbp_out_of_range_pct": null,
      "ed_triage_o2sat_gt_100_count": 1.0,
      "ed_triage_o2sat_gt_100_pct": 8.30703e-05,
      "ed_triage_o2sat_out_of_range_count": 0.0,
      "ed_triage_o2sat_out_of_range_pct": 0.0,
      "ed_triage_o2sat_zero_count": 0.0,
      "ed_triage_o2sat_zero_pct": 0.0,
      "ed_first_o2sat_gt_100_count": null,
      "ed_first_o2sat_gt_100_pct": null,
      "ed_first_o2sat_out_of_range_count": null,
      "ed_first_o2sat_out_of_range_pct": null,
      "ed_first_o2sat_zero_count": null,
      "ed_first_o2sat_zero_pct": null
    },
    {
      "vital_name": "first_o2sat",
      "raw_column": "ed_first_o2sat",
      "clean_column": "ed_first_o2sat_clean",
      "raw_n_non_missing": 9053,
      "raw_missing_pct": 24.8,
      "raw_min": 10.0,
      "raw_p1": 77.0,
      "raw_median": 97.0,
      "raw_mean": 96.3327073898,
      "raw_p99": 100.0,
      "raw_max": 1000.0,
      "clean_n_non_missing": 9052,
      "clean_missing_pct": 24.8,
      "clean_min": 10.0,
      "clean_p1": 77.0,
      "clean_median": 97.0,
      "clean_mean": 96.2328767123,
      "clean_p99": 100.0,
      "clean_max": 100.0,
      "ed_triage_temp_was_celsius_like_count": null,
      "ed_triage_temp_was_celsius_like_pct": null,
      "ed_triage_temp_out_of_range_count": null,
      "ed_triage_temp_out_of_range_pct": null,
      "ed_first_temp_was_celsius_like_count": null,
      "ed_first_temp_was_celsius_like_pct": null,
      "ed_first_temp_out_of_range_count": null,
      "ed_first_temp_out_of_range_pct": null,
      "ed_triage_pain_is_sentinel_13_count": null,
      "ed_triage_pain_is_sentinel_13_pct": null,
      "ed_triage_pain_out_of_range_count": null,
      "ed_triage_pain_out_of_range_pct": null,
      "ed_first_pain_is_sentinel_13_count": null,
      "ed_first_pain_is_sentinel_13_pct": null,
      "ed_first_pain_out_of_range_count": null,
      "ed_first_pain_out_of_range_pct": null,
      "ed_triage_sbp_out_of_range_count": null,
      "ed_triage_sbp_out_of_range_pct": null,
      "ed_triage_dbp_out_of_range_count": null,
      "ed_triage_dbp_out_of_range_pct": null,
      "ed_first_sbp_out_of_range_count": null,
      "ed_first_sbp_out_of_range_pct": null,
      "ed_first_dbp_out_of_range_count": null,
      "ed_first_dbp_out_of_range_pct": null,
      "ed_triage_o2sat_gt_100_count": null,
      "ed_triage_o2sat_gt_100_pct": null,
      "ed_triage_o2sat_out_of_range_count": null,
      "ed_triage_o2sat_out_of_range_pct": null,
      "ed_triage_o2sat_zero_count": null,
      "ed_triage_o2sat_zero_pct": null,
      "ed_first_o2sat_gt_100_count": 1.0,
      "ed_first_o2sat_gt_100_pct": 8.30703e-05,
      "ed_first_o2sat_out_of_range_count": 0.0,
      "ed_first_o2sat_out_of_range_pct": 0.0,
      "ed_first_o2sat_zero_count": 0.0,
      "ed_first_o2sat_zero_pct": 0.0
    }
  ],
  "ed_vitals_model_delta": [
    {
      "vital_name": "triage_temp",
      "raw_column": "ed_triage_temp",
      "clean_column": "ed_triage_temp_f_clean",
      "raw_n": 8435,
      "clean_n": 8434,
      "raw_removed_n": 1,
      "raw_removed_pct": 0.0001185536,
      "converted_celsius_like_n": 20
    },
    {
      "vital_name": "first_temp",
      "raw_column": "ed_first_temp",
      "clean_column": "ed_first_temp_f_clean",
      "raw_n": 6993,
      "clean_n": 6993,
      "raw_removed_n": 0,
      "raw_removed_pct": 0.0,
      "converted_celsius_like_n": 56
    },
    {
      "vital_name": "triage_pain",
      "raw_column": "ed_triage_pain",
      "clean_column": "ed_triage_pain_clean",
      "raw_n": 8244,
      "clean_n": 7674,
      "raw_removed_n": 570,
      "raw_removed_pct": 0.0691411936,
      "converted_celsius_like_n": 0
    },
    {
      "vital_name": "first_pain",
      "raw_column": "ed_first_pain",
      "clean_column": "ed_first_pain_clean",
      "raw_n": 7163,
      "clean_n": 7163,
      "raw_removed_n": 0,
      "raw_removed_pct": 0.0,
      "converted_celsius_like_n": 0
    },
    {
      "vital_name": "triage_sbp",
      "raw_column": "ed_triage_sbp",
      "clean_column": "ed_triage_sbp_clean",
      "raw_n": 8883,
      "clean_n": 8876,
      "raw_removed_n": 7,
      "raw_removed_pct": 0.0007880221,
      "converted_celsius_like_n": 0
    },
    {
      "vital_name": "triage_dbp",
      "raw_column": "ed_triage_dbp",
      "clean_column": "ed_triage_dbp_clean",
      "raw_n": 8842,
      "clean_n": 8829,
      "raw_removed_n": 13,
      "raw_removed_pct": 0.0014702556,
      "converted_celsius_like_n": 0
    },
    {
      "vital_name": "first_sbp",
      "raw_column": "ed_first_sbp",
      "clean_column": "ed_first_sbp_clean",
      "raw_n": 9296,
      "clean_n": 9289,
      "raw_removed_n": 7,
      "raw_removed_pct": 0.000753012,
      "converted_celsius_like_n": 0
    },
    {
      "vital_name": "first_dbp",
      "raw_column": "ed_first_dbp",
      "clean_column": "ed_first_dbp_clean",
      "raw_n": 9296,
      "clean_n": 9286,
      "raw_removed_n": 10,
      "raw_removed_pct": 0.0010757315,
      "converted_celsius_like_n": 0
    },
    {
      "vital_name": "triage_o2sat",
      "raw_column": "ed_triage_o2sat",
      "clean_column": "ed_triage_o2sat_clean",
      "raw_n": 8786,
      "clean_n": 8785,
      "raw_removed_n": 1,
      "raw_removed_pct": 0.0001138174,
      "converted_celsius_like_n": 0
    },
    {
      "vital_name": "first_o2sat",
      "raw_column": "ed_first_o2sat",
      "clean_column": "ed_first_o2sat_clean",
      "raw_n": 9053,
      "clean_n": 9052,
      "raw_removed_n": 1,
      "raw_removed_pct": 0.0001104606,
      "converted_celsius_like_n": 0
    }
  ],
  "outliers_audit": [
    {
      "domain": "vitals",
      "raw_column": "ed_first_dbp",
      "model_column": "ed_first_dbp_model",
      "outlier_flag_column": "ed_first_dbp_outlier_flag",
      "lower_bound": 10.0,
      "upper_bound": 200.0,
      "nonnull_n": 9296,
      "out_of_range_n": 10,
      "out_of_range_pct": 0.0010757315,
      "example_outlier_values": "652; 460; 741; 9; 777"
    },
    {
      "domain": "vitals",
      "raw_column": "ed_first_hr",
      "model_column": "ed_first_hr_model",
      "outlier_flag_column": "ed_first_hr_outlier_flag",
      "lower_bound": 20.0,
      "upper_bound": 250.0,
      "nonnull_n": 9492,
      "out_of_range_n": 1,
      "out_of_range_pct": 0.0001053519,
      "example_outlier_values": "6.0"
    },
    {
      "domain": "vitals",
      "raw_column": "ed_first_o2sat",
      "model_column": "ed_first_o2sat_model",
      "outlier_flag_column": "ed_first_o2sat_outlier_flag",
      "lower_bound": 0.0,
      "upper_bound": 100.0,
      "nonnull_n": 9053,
      "out_of_range_n": 1,
      "out_of_range_pct": 0.0001104606,
      "example_outlier_values": "1000.0"
    },
    {
      "domain": "vitals",
      "raw_column": "ed_first_pain",
      "model_column": "ed_first_pain_model",
      "outlier_flag_column": "ed_first_pain_outlier_flag",
      "lower_bound": 0.0,
      "upper_bound": 10.0,
      "nonnull_n": 7163,
      "out_of_range_n": 0,
      "out_of_range_pct": 0.0,
      "example_outlier_values": ""
    },
    {
      "domain": "vitals",
      "raw_column": "ed_first_rr",
      "model_column": "ed_first_rr_model",
      "outlier_flag_column": "ed_first_rr_outlier_flag",
      "lower_bound": 4.0,
      "upper_bound": 80.0,
      "nonnull_n": 9372,
      "out_of_range_n": 0,
      "out_of_range_pct": 0.0,
      "example_outlier_values": ""
    },
    {
      "domain": "vitals",
      "raw_column": "ed_first_sbp",
      "model_column": "ed_first_sbp_model",
      "outlier_flag_column": "ed_first_sbp_outlier_flag",
      "lower_bound": 20.0,
      "upper_bound": 300.0,
      "nonnull_n": 9296,
      "out_of_range_n": 7,
      "out_of_range_pct": 0.000753012,
      "example_outlier_values": "11; 13; 15; 12; 10"
    },
    {
      "domain": "vitals",
      "raw_column": "ed_first_temp",
      "model_column": "ed_first_temp_model",
      "outlier_flag_column": "ed_first_temp_outlier_flag",
      "lower_bound": 50.0,
      "upper_bound": 120.0,
      "nonnull_n": 6993,
      "out_of_range_n": 5045,
      "out_of_range_pct": 0.7214357214,
      "example_outlier_values": ""
    },
    {
      "domain": "vitals",
      "raw_column": "ed_triage_dbp",
      "model_column": "ed_triage_dbp_model",
      "outlier_flag_column": "ed_triage_dbp_outlier_flag",
      "lower_bound": 10.0,
      "upper_bound": 200.0,
      "nonnull_n": 8842,
      "out_of_range_n": 13,
      "out_of_range_pct": 0.0014702556,
      "example_outlier_values": "4.0; 652.0; 8132.0; 460.0; 9.0"
    },
    {
      "domain": "vitals",
      "raw_column": "ed_triage_hr",
      "model_column": "ed_triage_hr_model",
      "outlier_flag_column": "ed_triage_hr_outlier_flag",
      "lower_bound": 20.0,
      "upper_bound": 250.0,
      "nonnull_n": 8916,
      "out_of_range_n": 0,
      "out_of_range_pct": 0.0,
      "example_outlier_values": ""
    },
    {
      "domain": "vitals",
      "raw_column": "ed_triage_o2sat",
      "model_column": "ed_triage_o2sat_model",
      "outlier_flag_column": "ed_triage_o2sat_outlier_flag",
      "lower_bound": 0.0,
      "upper_bound": 100.0,
      "nonnull_n": 8786,
      "out_of_range_n": 1,
      "out_of_range_pct": 0.0001138174,
      "example_outlier_values": "1000.0"
    },
    {
      "domain": "vitals",
      "raw_column": "ed_triage_pain",
      "model_column": "ed_triage_pain_model",
      "outlier_flag_column": "ed_triage_pain_outlier_flag",
      "lower_bound": 0.0,
      "upper_bound": 10.0,
      "nonnull_n": 8244,
      "out_of_range_n": 570,
      "out_of_range_pct": 0.0691411936,
      "example_outlier_values": "13.0; 30.0; 134.0; 11.0; 90.0"
    },
    {
      "domain": "vitals",
      "raw_column": "ed_triage_rr",
      "model_column": "ed_triage_rr_model",
      "outlier_flag_column": "ed_triage_rr_outlier_flag",
      "lower_bound": 4.0,
      "upper_bound": 80.0,
      "nonnull_n": 8749,
      "out_of_range_n": 0,
      "out_of_range_pct": 0.0,
      "example_outlier_values": ""
    },
    {
      "domain": "vitals",
      "raw_column": "ed_triage_sbp",
      "model_column": "ed_triage_sbp_model",
      "outlier_flag_column": "ed_triage_sbp_outlier_flag",
      "lower_bound": 20.0,
      "upper_bound": 300.0,
      "nonnull_n": 8883,
      "out_of_range_n": 7,
      "out_of_range_pct": 0.0007880221,
      "example_outlier_values": "18.0; 15.0; 9656.0; 12.0; 14.0"
    },
    {
      "domain": "vitals",
      "raw_column": "ed_triage_temp",
      "model_column": "ed_triage_temp_model",
      "outlier_flag_column": "ed_triage_temp_outlier_flag",
      "lower_bound": 50.0,
      "upper_bound": 120.0,
      "nonnull_n": 8435,
      "out_of_range_n": 3604,
      "out_of_range_pct": 0.4272673385,
      "example_outlier_values": "9.1"
    },
    {
      "domain": "gas",
      "raw_column": "first_lactate",
      "model_column": "first_lactate_model",
      "outlier_flag_column": "first_lactate_outlier_flag",
      "lower_bound": 0.0,
      "upper_bound": 30.0,
      "nonnull_n": 6334,
      "out_of_range_n": 0,
      "out_of_range_pct": 0.0,
      "example_outlier_values": ""
    },
    {
      "domain": "gas",
      "raw_column": "first_pco2",
      "model_column": "first_pco2_model",
      "outlier_flag_column": "first_pco2_outlier_flag",
      "lower_bound": 10.0,
      "upper_bound": 200.0,
      "nonnull_n": 7752,
      "out_of_range_n": 2,
      "out_of_range_pct": 0.0002579979,
      "example_outlier_values": "9.0"
    },
    {
      "domain": "gas",
      "raw_column": "first_ph",
      "model_column": "first_ph_model",
      "outlier_flag_column": "first_ph_outlier_flag",
      "lower_bound": 6.8,
      "upper_bound": 7.8,
      "nonnull_n": 7752,
      "out_of_range_n": 9,
      "out_of_range_pct": 0.0011609907,
      "example_outlier_values": "6.66; 6.6; 6.69; 6.73; 6.76"
    }
  ],
  "ed_vitals_audit_paths": {
    "distribution_summary": "/Users/blocke/Box Sync/Residency Personal Files/Scholarly Work/Locke Research Projects/Hypercap-CC-NLP/MIMIC tabular data/prior runs/2026-02-20 ed_vitals_distribution_summary.csv",
    "extreme_examples": "/Users/blocke/Box Sync/Residency Personal Files/Scholarly Work/Locke Research Projects/Hypercap-CC-NLP/MIMIC tabular data/prior runs/2026-02-20 ed_vitals_extreme_examples.csv",
    "model_delta": "/Users/blocke/Box Sync/Residency Personal Files/Scholarly Work/Locke Research Projects/Hypercap-CC-NLP/MIMIC tabular data/prior runs/2026-02-20 ed_vitals_model_delta.csv"
  },
  "blood_gas_audit_paths": {
    "manifest_itemids": "/Users/blocke/Box Sync/Residency Personal Files/Scholarly Work/Locke Research Projects/Hypercap-CC-NLP/MIMIC tabular data/prior runs/2026-02-20 blood_gas_itemid_manifest_audit.csv",
    "pco2_itemid_qc": "/Users/blocke/Box Sync/Residency Personal Files/Scholarly Work/Locke Research Projects/Hypercap-CC-NLP/MIMIC tabular data/prior runs/2026-02-20 pco2_itemid_qc_audit.csv",
    "pco2_source_distribution": "/Users/blocke/Box Sync/Residency Personal Files/Scholarly Work/Locke Research Projects/Hypercap-CC-NLP/MIMIC tabular data/prior runs/2026-02-20 pco2_source_distribution_audit.csv",
    "other_route_quarantine": "/Users/blocke/Box Sync/Residency Personal Files/Scholarly Work/Locke Research Projects/Hypercap-CC-NLP/MIMIC tabular data/prior runs/2026-02-20 other_route_quarantine_audit.csv",
    "first_gas_anchor": "/Users/blocke/Box Sync/Residency Personal Files/Scholarly Work/Locke Research Projects/Hypercap-CC-NLP/MIMIC tabular data/prior runs/2026-02-20 first_gas_anchor_audit.csv",
    "hco3_integrity": "/Users/blocke/Box Sync/Residency Personal Files/Scholarly Work/Locke Research Projects/Hypercap-CC-NLP/MIMIC tabular data/prior runs/2026-02-20 hco3_integrity_audit.csv"
  },
  "timing_integrity_audit_path": "/Users/blocke/Box Sync/Residency Personal Files/Scholarly Work/Locke Research Projects/Hypercap-CC-NLP/MIMIC tabular data/prior runs/2026-02-20 timing_integrity_audit.csv",
  "ventilation_timing_audit_path": "/Users/blocke/Box Sync/Residency Personal Files/Scholarly Work/Locke Research Projects/Hypercap-CC-NLP/MIMIC tabular data/prior runs/2026-02-20 ventilation_timing_audit.csv",
  "anthropometric_cleaning_audit_path": "/Users/blocke/Box Sync/Residency Personal Files/Scholarly Work/Locke Research Projects/Hypercap-CC-NLP/MIMIC tabular data/prior runs/2026-02-20 anthropometric_cleaning_audit.csv",
  "qa_status": "pass",
  "qa_warnings": [],
  "qa_infos": [
    "omr_pre_window_empty_post_window_fallback_used",
    "gas_source_other_rate_high"
  ],
  "run_metadata": {
    "run_utc": "2026-02-20T19:27:59.449747+00:00",
    "work_project": "mimic-hypercapnia",
    "physionet_project": "physionet-data",
    "datasets": {
      "hosp": "mimiciv_3_1_hosp",
      "icu": "mimiciv_3_1_icu",
      "ed": "mimiciv_ed"
    },
    "dataset_probes": {
      "hosp": "physionet-data.mimiciv_3_1_hosp.admissions",
      "icu": "physionet-data.mimiciv_3_1_icu.icustays",
      "ed": "physionet-data.mimiciv_ed.edstays"
    },
    "notebook": "MIMICIV_hypercap_EXT_cohort.ipynb",
    "blood_gas_manifest_path": "/Users/blocke/Box Sync/Residency Personal Files/Scholarly Work/Locke Research Projects/Hypercap-CC-NLP/specs/blood_gas_itemids.json",
    "blood_gas_manifest_version": "2026-02-20.1"
  }
}