{
  "annotation_path": "/Users/blocke/Box Sync/Residency Personal Files/Scholarly Work/Locke Research Projects/Hypercap-CC-NLP/Annotation/Final 2025-10-14 Annotation Sample.xlsx",
  "annotation_sheet": "cohort_cc_sample",
  "nlp_path": "/Users/blocke/Box Sync/Residency Personal Files/Scholarly Work/Locke Research Projects/Hypercap-CC-NLP/MIMIC tabular data/MIMICIV all with CC_with_NLP.xlsx",
  "nlp_sheet": 0,
  "row_counts": {
    "annotation_r3_rows": 160,
    "nlp_rows": 11769,
    "matched_rows": 60,
    "unmatched_adjudicated_rows": 100,
    "unmatched_nlp_rows": 11709
  },
  "key_columns": [
    "hadm_id",
    "subject_id"
  ],
  "join_audit": {
    "key_columns": [
      "hadm_id",
      "subject_id"
    ],
    "r3_rows": 160,
    "nlp_rows": 11769,
    "matched_rows": 60,
    "unmatched_adjudicated_rows": 100,
    "unmatched_nlp_rows": 11709,
    "matched_rate_vs_adjudicated": 0.375,
    "unmatched_rate_vs_adjudicated": 0.625,
    "unmatched_rate_vs_nlp": 0.9949018608208005,
    "join_interpretation": "partial_adjudicated_overlap",
    "severity": "warning"
  },
  "matched_key_hash_count": 60
}