{
  "ed_spine_rows": 5702,
  "ed_rows": 5702,
  "ed_unique": 5702,
  "hadm_rows": 5693,
  "hadm_cc_rows": 5693,
  "icu_link_rate": 0.8325149070501578,
  "pct_any_gas_0_6h": 0.5445457734128376,
  "pct_any_gas_0_24h": 0.9964924587863907,
  "pco2_threshold_0_24h_n": 5702,
  "pco2_threshold_0_24h_rate": 1.0,
  "gas_source_other_rate": 0.5860883723033784,
  "gas_source_unknown_rate": 0.5860883723033784,
  "gas_source_other_rate_warn_threshold": 0.5,
  "gas_source_other_rate_fail_threshold": null,
  "source_unknown_rate": 0.5860883723033784,
  "gas_source_audit": {
    "panel_rows": 44222,
    "source_present": true,
    "source_counts": {
      "unknown": 25918,
      "arterial": 11479,
      "venous": 6825
    },
    "source_rates": {
      "unknown": 0.5860883723033784,
      "arterial": 0.2595766812898557,
      "venous": 0.15433494640676587
    },
    "all_other_or_unknown": false,
    "tier_counts": {
      "fallback_unknown": 25918,
      "specimen_text": 18304
    },
    "tier_rates": {
      "fallback_unknown": 0.5860883723033784,
      "specimen_text": 0.4139116276966216
    },
    "mode": "specimen_only",
    "resolved_rows": 18304,
    "resolved_rate": 0.4139116276966216,
    "unresolved_specimen_id_count": 25896,
    "unresolved_specimen_id_examples": [
      18027495,
      29753913,
      39459350,
      75616262,
      4345288,
      7737845,
      10503009,
      17704428,
      20476643,
      20641624,
      22347482,
      37135911,
      45817134,
      45888789,
      56541320,
      60441070,
      70135446,
      85653180,
      12289636,
      16057045
    ],
    "heuristic_reference": {
      "panel_rows": 44222,
      "source_present": true,
      "source_counts": {
        "arterial": 19790,
        "venous": 14062,
        "unknown": 10370
      },
      "source_rates": {
        "arterial": 0.44751481163221923,
        "venous": 0.31798652254533943,
        "unknown": 0.23449866582244133
      },
      "all_other_or_unknown": false,
      "tier_counts": {
        "specimen_text": 18304,
        "cluster_inheritance": 15548,
        "fallback_unknown": 10370
      },
      "tier_rates": {
        "specimen_text": 0.4139116276966216,
        "cluster_inheritance": 0.35158970648093707,
        "fallback_unknown": 0.23449866582244133
      },
      "mode": "metadata_only",
      "resolved_rows": 33852,
      "resolved_rate": 0.7655013341775587,
      "unresolved_specimen_id_count": 10361,
      "unresolved_specimen_id_examples": [
        18027495,
        29753913,
        39459350,
        75616262,
        16057045,
        25566767,
        27065657,
        59804837,
        84206263,
        85376158,
        92043098,
        347918,
        88185227,
        60977610,
        62402889,
        17832545,
        71021938,
        26084151,
        56358776,
        57124557
      ],
      "unresolved_value_text_top": {
        "___": 2105,
        "0.9": 422,
        "0.8": 397,
        "0.7": 379,
        "1.0": 375,
        "139": 359,
        "138": 340,
        "mix.": 338,
        "141": 332,
        "1.1": 320,
        "140": 319,
        "0.6": 312,
        "101": 298,
        "103": 288,
        "142": 287
      },
      "unresolved_label_top": {
        "Sodium | Blood": 4564,
        "Chloride | Blood": 4514,
        "Creatinine | Blood": 4462,
        "Hemoglobin | Blood": 3914,
        "Lactate | Blood": 1142,
        "pH | Blood": 578,
        "Calculated Total CO2 | Blood": 530,
        "pCO2 | Blood": 530,
        "Sodium, Urine | Urine": 353,
        "Specimen Type | Blood": 338,
        "Creatinine, Urine | Urine": 315,
        "Chloride, Urine | Urine": 214,
        "Sodium, Whole Blood | Blood": 204,
        "Chloride, Whole Blood | Blood": 134,
        "Calculated Bicarbonate, Whole Blood | Blood": 56
      }
    },
    "baseline_other_rate": 0.6626423339262455,
    "baseline_path": "/Users/blocke/Box Sync/Residency Personal Files/Scholarly Work/Locke Research Projects/Hypercap-CC-NLP/MIMIC tabular data/prior runs/2026-02-20 gas_source_audit.json",
    "baseline_mode_mismatch_path": null,
    "relative_reduction_vs_baseline": 0.11552832909010584,
    "relative_reduction_target": 0.1
  },
  "gas_source_overlap_summary": [
    {
      "gas_overlap": "VBG",
      "count": 2818,
      "percent": 49.42
    },
    {
      "gas_overlap": "ABG",
      "count": 2673,
      "percent": 46.88
    },
    {
      "gas_overlap": "OTHER",
      "count": 211,
      "percent": 3.7
    }
  ],
  "blood_gas_manifest": {
    "version": "2026-02-20.1",
    "path": "/Users/blocke/Box Sync/Residency Personal Files/Scholarly Work/Locke Research Projects/Hypercap-CC-NLP/specs/blood_gas_itemids.json"
  },
  "blood_gas_itemid_manifest_audit": [
    {
      "source_branch": "LAB",
      "analyte": "gas_pco2",
      "itemid": 50818,
      "label": "pCO2",
      "category": "Blood Gas",
      "fluid": "Blood",
      "cohort_row_count": 56326,
      "manifest_version": "2026-02-20.1",
      "present_in_dictionary": 1
    },
    {
      "source_branch": "LAB",
      "analyte": "gas_ph",
      "itemid": 50820,
      "label": "pH",
      "category": "Blood Gas",
      "fluid": "Blood",
      "cohort_row_count": 58811,
      "manifest_version": "2026-02-20.1",
      "present_in_dictionary": 1
    },
    {
      "source_branch": "LAB",
      "analyte": "gas_hco3",
      "itemid": 50803,
      "label": "Calculated Bicarbonate, Whole Blood",
      "category": "Blood Gas",
      "fluid": "Blood",
      "cohort_row_count": 359,
      "manifest_version": "2026-02-20.1",
      "present_in_dictionary": 1
    },
    {
      "source_branch": "LAB",
      "analyte": "gas_specimen",
      "itemid": 52033,
      "label": "Specimen Type",
      "category": "Blood Gas",
      "fluid": "Blood",
      "cohort_row_count": 61533,
      "manifest_version": "2026-02-20.1",
      "present_in_dictionary": 1
    },
    {
      "source_branch": "ICU",
      "analyte": "pco2",
      "itemid": 220235,
      "label": "Arterial CO2 Pressure",
      "category": "Labs",
      "fluid": null,
      "cohort_row_count": 11149,
      "manifest_version": "2026-02-20.1",
      "present_in_dictionary": 1
    },
    {
      "source_branch": "ICU",
      "analyte": "pco2",
      "itemid": 226062,
      "label": "Venous CO2 Pressure",
      "category": "Labs",
      "fluid": null,
      "cohort_row_count": 4817,
      "manifest_version": "2026-02-20.1",
      "present_in_dictionary": 1
    }
  ],
  "pco2_source_distribution_audit": [
    {
      "source_branch": "LAB",
      "source": "arterial",
      "n": 11335,
      "median": 45.0,
      "p95": 77.0,
      "max": 188.0,
      "pct_ge_50": 0.3375385973
    },
    {
      "source_branch": "LAB",
      "source": "unknown",
      "n": 697,
      "median": 52.0,
      "p95": 80.0,
      "max": 140.0,
      "pct_ge_50": 0.6054519369
    },
    {
      "source_branch": "LAB",
      "source": "venous",
      "n": 6105,
      "median": 55.0,
      "p95": 88.0,
      "max": 233.0,
      "pct_ge_50": 0.7326781327
    },
    {
      "source_branch": "POC",
      "source": "arterial",
      "n": 3530,
      "median": 49.0,
      "p95": 84.0,
      "max": 181.0,
      "pct_ge_50": 0.4915014164
    },
    {
      "source_branch": "POC",
      "source": "venous",
      "n": 2932,
      "median": 55.0,
      "p95": 90.0,
      "max": 189.0,
      "pct_ge_50": 0.7575034106
    }
  ],
  "other_route_quarantine_audit": [
    {
      "poc_other_candidate_n": 0,
      "poc_other_ge50_n": 0,
      "poc_other_ge50_rate": 0.0,
      "poc_unknown_hadm_n": 0,
      "unknown_hypercap_threshold_hadm_n": 211,
      "unknown_from_poc_detail_hadm_n": 0
    }
  ],
  "first_gas_anchor_audit": [
    {
      "row_count": 5702,
      "first_gas_time_nonnull_n": 5702,
      "first_gas_anchor_has_pco2_n": 5702,
      "first_gas_anchor_source_validated_n": 5702,
      "first_gas_without_pco2_anchor_n": 0
    }
  ],
  "pco2_itemid_qc_audit": [
    {
      "itemid": 220235,
      "label": "Arterial CO2 Pressure",
      "category": "Labs",
      "source_branch": "POC",
      "sample_type_hint": "ABG",
      "row_count": 11149,
      "non_null_count": 11149,
      "units_observed": "mmhg",
      "p50_mmhg": 45.0,
      "p95_mmhg": 76.0,
      "max_mmhg": 181.0,
      "label_include_ok": false,
      "label_exclude_hit": false,
      "unit_ok": true,
      "median_in_expected_range": true,
      "contamination_flag": true,
      "manifest_whitelisted": 1
    },
    {
      "itemid": 226062,
      "label": "Venous CO2 Pressure",
      "category": "Labs",
      "source_branch": "POC",
      "sample_type_hint": "VBG",
      "row_count": 4817,
      "non_null_count": 4817,
      "units_observed": "mmhg",
      "p50_mmhg": 55.0,
      "p95_mmhg": 90.0,
      "max_mmhg": 999998.0,
      "label_include_ok": false,
      "label_exclude_hit": false,
      "unit_ok": true,
      "median_in_expected_range": true,
      "contamination_flag": true,
      "manifest_whitelisted": 1
    }
  ],
  "poc_inclusion_enabled": false,
  "poc_inclusion_reason": "validated_itemids_failed_qc",
  "qualifying_source_branch_counts": {
    "LAB": 4899,
    "POC": 803
  },
  "omr_diagnostics": {
    "window_days": 365,
    "source_rows_prepared": 46494,
    "parsed_value_rows": 46489,
    "ed_rows": 5702,
    "ed_rows_eligible_for_join": 5702,
    "subject_overlap_count": 279,
    "candidate_rows_after_subject_join": 740,
    "days_before_min": -4034,
    "days_before_max": -291,
    "nonnegative_candidate_rows": 0,
    "pre_window_candidate_rows": 0,
    "post_window_candidate_rows": 7,
    "closest_absolute_candidate_rows": 7,
    "within_window_candidate_rows": 0,
    "eligible_ed_stays_with_candidates": 7,
    "attached_non_null_counts": {
      "bmi_closest_pre_ed": 4,
      "height_closest_pre_ed": 0,
      "weight_closest_pre_ed": 4
    },
    "attached_any_non_null_rows": 7,
    "selected_tier_counts": {
      "pre_ed_365": 0,
      "post_ed_365": 7,
      "missing": 5695
    },
    "selected_tier_rates": {
      "pre_ed_365": 0.0,
      "post_ed_365": 0.001227639424763241,
      "missing": 0.9987723605752368
    },
    "timing_uncertain_count": 7,
    "anthro_source_counts": {
      "missing": 5695,
      "omr": 7
    },
    "source_rows_raw": 46494,
    "prepared_rows": 46494
  },
  "omr_window_diagnostics": {
    "subject_overlap_count": 279,
    "pre_window_candidate_rows": 0,
    "post_window_candidate_rows": 7,
    "closest_absolute_candidate_rows": 7,
    "within_window_candidate_rows": 0,
    "attached_total_non_null_values": 8,
    "selected_tier_counts": {
      "pre_ed_365": 0,
      "post_ed_365": 7,
      "missing": 5695
    },
    "selected_tier_rates": {
      "pre_ed_365": 0.0,
      "post_ed_365": 0.001227639424763241,
      "missing": 0.9987723605752368
    }
  },
  "anthro_timing_tier_counts": {
    "pre_ed_365": 0,
    "post_ed_365": 7,
    "missing": 5695
  },
  "anthro_timing_tier_rates": {
    "pre_ed_365": 0.0,
    "post_ed_365": 0.001227639424763241,
    "missing": 0.9987723605752368
  },
  "anthro_coverage_audit": {
    "row_count": 5702,
    "field_nonnull_counts": {
      "bmi_closest_pre_ed": 3089,
      "height_closest_pre_ed": 3090,
      "weight_closest_pre_ed": 5001
    },
    "field_nonnull_rates": {
      "bmi_closest_pre_ed": 0.5417397404419502,
      "height_closest_pre_ed": 0.5419151175026307,
      "weight_closest_pre_ed": 0.8770606804629955
    },
    "source_counts": {
      "icu_charted": 4994,
      "missing": 701,
      "omr": 7
    },
    "source_rates": {
      "icu_charted": 0.8758330410382322,
      "missing": 0.12293931953700456,
      "omr": 0.001227639424763241
    },
    "timing_basis_counts": {
      "nearest_anytime": 4994,
      "missing": 701,
      "post": 7
    },
    "timing_basis_rates": {
      "nearest_anytime": 0.8758330410382322,
      "missing": 0.12293931953700456,
      "post": 0.001227639424763241
    },
    "omr": {
      "window_days": 365,
      "source_rows_prepared": 46494,
      "parsed_value_rows": 46489,
      "ed_rows": 5702,
      "ed_rows_eligible_for_join": 5702,
      "subject_overlap_count": 279,
      "candidate_rows_after_subject_join": 740,
      "days_before_min": -4034,
      "days_before_max": -291,
      "nonnegative_candidate_rows": 0,
      "pre_window_candidate_rows": 0,
      "post_window_candidate_rows": 7,
      "closest_absolute_candidate_rows": 7,
      "within_window_candidate_rows": 0,
      "eligible_ed_stays_with_candidates": 7,
      "attached_non_null_counts": {
        "bmi_closest_pre_ed": 4,
        "height_closest_pre_ed": 0,
        "weight_closest_pre_ed": 4
      },
      "attached_any_non_null_rows": 7,
      "selected_tier_counts": {
        "pre_ed_365": 0,
        "post_ed_365": 7,
        "missing": 5695
      },
      "selected_tier_rates": {
        "pre_ed_365": 0.0,
        "post_ed_365": 0.001227639424763241,
        "missing": 0.9987723605752368
      },
      "timing_uncertain_count": 7,
      "anthro_source_counts": {
        "missing": 5695,
        "omr": 7
      },
      "source_rows_raw": 46494,
      "prepared_rows": 46494
    },
    "charted_fallback": {
      "charted_rows_input": 49839,
      "charted_rows_usable": 49839,
      "nearest_anytime": true,
      "filled_counts": {
        "bmi_closest_pre_ed": 0,
        "height_closest_pre_ed": 3090,
        "weight_closest_pre_ed": 4997
      },
      "rows_with_any_charted_fill": 5000,
      "subject_overlap_count": 4127,
      "fallback_source_counts": {
        "icu_charted": 4994,
        "omr": 6
      },
      "bmi_filled_from_height_weight": 3085,
      "enabled": true
    },
    "cleaning_audit_path": "/Users/blocke/Box Sync/Residency Personal Files/Scholarly Work/Locke Research Projects/Hypercap-CC-NLP/MIMIC tabular data/prior runs/2026-02-21 anthropometric_cleaning_audit.csv"
  },
  "anthropometric_cleaning_audit": [
    {
      "raw_column": "bmi_closest_pre_ed",
      "model_column": "bmi_closest_pre_ed_model",
      "lower_bound_exclusive": 0.0,
      "upper_bound_inclusive": 100.0,
      "raw_non_missing_n": 3089,
      "outlier_n": 36,
      "model_non_missing_n": 3053
    },
    {
      "raw_column": "height_closest_pre_ed",
      "model_column": "height_closest_pre_ed_model",
      "lower_bound_exclusive": 100.0,
      "upper_bound_inclusive": 250.0,
      "raw_non_missing_n": 3090,
      "outlier_n": 18,
      "model_non_missing_n": 3072
    },
    {
      "raw_column": "weight_closest_pre_ed",
      "model_column": "weight_closest_pre_ed_model",
      "lower_bound_exclusive": 0.0,
      "upper_bound_inclusive": 400.0,
      "raw_non_missing_n": 5001,
      "outlier_n": 18,
      "model_non_missing_n": 4983
    }
  ],
  "hco3_integrity_audit": [
    {
      "first_hco3_source": "missing",
      "row_count": 5533,
      "null_value_count": 5533,
      "nonnull_value_count": 0,
      "null_value_rate": 1.0,
      "source_value_mismatch_n": 0
    },
    {
      "first_hco3_source": "lab_panel_same_specimen",
      "row_count": 85,
      "null_value_count": 0,
      "nonnull_value_count": 85,
      "null_value_rate": 0.0,
      "source_value_mismatch_n": 0
    },
    {
      "first_hco3_source": "lab_nearest_to_anchor",
      "row_count": 81,
      "null_value_count": 0,
      "nonnull_value_count": 81,
      "null_value_rate": 0.0,
      "source_value_mismatch_n": 0
    },
    {
      "first_hco3_source": "lab_first_0_24h",
      "row_count": 3,
      "null_value_count": 0,
      "nonnull_value_count": 3,
      "null_value_rate": 0.0,
      "source_value_mismatch_n": 0
    }
  ],
  "charted_anthro_diagnostics": {
    "charted_rows_input": 49839,
    "charted_rows_usable": 49839,
    "nearest_anytime": true,
    "filled_counts": {
      "bmi_closest_pre_ed": 0,
      "height_closest_pre_ed": 3090,
      "weight_closest_pre_ed": 4997
    },
    "rows_with_any_charted_fill": 5000,
    "subject_overlap_count": 4127,
    "fallback_source_counts": {
      "icu_charted": 4994,
      "omr": 6
    },
    "bmi_filled_from_height_weight": 3085,
    "enabled": true
  },
  "timing_integrity_audit": [
    {
      "rows_total": 5702,
      "time_integrity_any_n": 25,
      "timing_usable_for_model_n": 5677,
      "hospital_los_negative_n": 16,
      "admittime_before_ed_intime_n": 9,
      "dischtime_before_admittime_n": 16,
      "qualifying_gas_observed_n": 5702,
      "qualifying_gas_missing_n": 0
    }
  ],
  "ventilation_timing_audit": [
    {
      "rows_total": 5702,
      "dt_first_imv_hours_negative_n": 4,
      "dt_first_niv_hours_negative_n": 1,
      "imv_time_outside_window_n": 22,
      "niv_time_outside_window_n": 9,
      "dt_first_imv_hours_model_nonnull_n": 3405,
      "dt_first_niv_hours_model_nonnull_n": 2670
    }
  ],
  "unexpected_full_null_fields": [],
  "expected_structural_null_fields": [],
  "uom_expectation_scope": {
    "frame": "final_cc_preview",
    "row_count": 5693
  },
  "uom_expectation_checks": {
    "expected_structural_null_fields": [
      "poc_abg_ph_uom",
      "poc_vbg_ph_uom",
      "poc_other_ph_uom"
    ],
    "structural_null_checks": {
      "poc_abg_ph_uom": {
        "present": true,
        "missing_n": 5693,
        "missing_pct": 1.0,
        "all_null": true
      },
      "poc_vbg_ph_uom": {
        "present": true,
        "missing_n": 5693,
        "missing_pct": 1.0,
        "all_null": true
      },
      "poc_other_ph_uom": {
        "present": true,
        "missing_n": 5693,
        "missing_pct": 1.0,
        "all_null": true
      }
    },
    "paco2_uom_checks": {
      "poc_abg_paco2_uom": {
        "present": true,
        "paired_value_column": "poc_abg_paco2",
        "value_rows": 3530,
        "missing_uom_when_value_present": 0,
        "non_mmhg_uom_when_value_present": 0,
        "passes": true
      },
      "poc_vbg_paco2_uom": {
        "present": true,
        "paired_value_column": "poc_vbg_paco2",
        "value_rows": 2932,
        "missing_uom_when_value_present": 0,
        "non_mmhg_uom_when_value_present": 0,
        "passes": true
      },
      "poc_other_paco2_uom": {
        "present": true,
        "paired_value_column": "poc_other_paco2",
        "value_rows": 0,
        "missing_uom_when_value_present": 0,
        "non_mmhg_uom_when_value_present": 0,
        "passes": true
      }
    }
  },
  "first_other_pco2_audit_scope": "uom_scope_df",
  "first_other_pco2_audit": [
    {
      "source": "LAB_BG_UNKNOWN",
      "count_nonnull": 1070,
      "mean": 53.8280373832,
      "median": 52.0,
      "q25": 44.0,
      "q75": 61.0,
      "p95": 81.0,
      "max": 140.0,
      "pct_ge_80": 0.0607476636,
      "pct_ge_100": 0.0121495327,
      "pct_ge_150": 0.0,
      "pct_eq_160": 0.0,
      "top_values": {
        "51.0": 49,
        "55.0": 46,
        "52.0": 43,
        "50.0": 39,
        "44.0": 37,
        "48.0": 36,
        "53.0": 34,
        "54.0": 33,
        "57.0": 33,
        "56.0": 28
      },
      "status": "ok",
      "missing_columns": ""
    }
  ],
  "vitals_outlier_audit": [
    {
      "domain": "vitals",
      "raw_column": "ed_first_dbp",
      "model_column": "ed_first_dbp_model",
      "outlier_flag_column": "ed_first_dbp_outlier_flag",
      "lower_bound": 10.0,
      "upper_bound": 200.0,
      "nonnull_n": 3960,
      "out_of_range_n": 5,
      "out_of_range_pct": 0.0012626263,
      "example_outlier_values": "460; 9; 777; 7110; 7"
    },
    {
      "domain": "vitals",
      "raw_column": "ed_first_hr",
      "model_column": "ed_first_hr_model",
      "outlier_flag_column": "ed_first_hr_outlier_flag",
      "lower_bound": 20.0,
      "upper_bound": 250.0,
      "nonnull_n": 4074,
      "out_of_range_n": 0,
      "out_of_range_pct": 0.0,
      "example_outlier_values": ""
    },
    {
      "domain": "vitals",
      "raw_column": "ed_first_o2sat",
      "model_column": "ed_first_o2sat_model",
      "outlier_flag_column": "ed_first_o2sat_outlier_flag",
      "lower_bound": 0.0,
      "upper_bound": 100.0,
      "nonnull_n": 3871,
      "out_of_range_n": 0,
      "out_of_range_pct": 0.0,
      "example_outlier_values": ""
    },
    {
      "domain": "vitals",
      "raw_column": "ed_first_pain",
      "model_column": "ed_first_pain_model",
      "outlier_flag_column": "ed_first_pain_outlier_flag",
      "lower_bound": 0.0,
      "upper_bound": 10.0,
      "nonnull_n": 2833,
      "out_of_range_n": 0,
      "out_of_range_pct": 0.0,
      "example_outlier_values": ""
    },
    {
      "domain": "vitals",
      "raw_column": "ed_first_rr",
      "model_column": "ed_first_rr_model",
      "outlier_flag_column": "ed_first_rr_outlier_flag",
      "lower_bound": 4.0,
      "upper_bound": 80.0,
      "nonnull_n": 4012,
      "out_of_range_n": 0,
      "out_of_range_pct": 0.0,
      "example_outlier_values": ""
    },
    {
      "domain": "vitals",
      "raw_column": "ed_first_sbp",
      "model_column": "ed_first_sbp_model",
      "outlier_flag_column": "ed_first_sbp_outlier_flag",
      "lower_bound": 20.0,
      "upper_bound": 300.0,
      "nonnull_n": 3960,
      "out_of_range_n": 4,
      "out_of_range_pct": 0.001010101,
      "example_outlier_values": "11; 12; 10; 18"
    },
    {
      "domain": "vitals",
      "raw_column": "ed_first_temp",
      "model_column": "ed_first_temp_model",
      "outlier_flag_column": "ed_first_temp_outlier_flag",
      "lower_bound": 50.0,
      "upper_bound": 120.0,
      "nonnull_n": 2794,
      "out_of_range_n": 0,
      "out_of_range_pct": 0.0,
      "example_outlier_values": ""
    },
    {
      "domain": "vitals",
      "raw_column": "ed_triage_dbp",
      "model_column": "ed_triage_dbp_model",
      "outlier_flag_column": "ed_triage_dbp_outlier_flag",
      "lower_bound": 10.0,
      "upper_bound": 200.0,
      "nonnull_n": 3583,
      "out_of_range_n": 8,
      "out_of_range_pct": 0.0022327658,
      "example_outlier_values": "4.0; 460.0; 9.0; 777.0; 7110.0"
    },
    {
      "domain": "vitals",
      "raw_column": "ed_triage_hr",
      "model_column": "ed_triage_hr_model",
      "outlier_flag_column": "ed_triage_hr_outlier_flag",
      "lower_bound": 20.0,
      "upper_bound": 250.0,
      "nonnull_n": 3632,
      "out_of_range_n": 0,
      "out_of_range_pct": 0.0,
      "example_outlier_values": ""
    },
    {
      "domain": "vitals",
      "raw_column": "ed_triage_o2sat",
      "model_column": "ed_triage_o2sat_model",
      "outlier_flag_column": "ed_triage_o2sat_outlier_flag",
      "lower_bound": 0.0,
      "upper_bound": 100.0,
      "nonnull_n": 3574,
      "out_of_range_n": 0,
      "out_of_range_pct": 0.0,
      "example_outlier_values": ""
    },
    {
      "domain": "vitals",
      "raw_column": "ed_triage_pain",
      "model_column": "ed_triage_pain_model",
      "outlier_flag_column": "ed_triage_pain_outlier_flag",
      "lower_bound": 0.0,
      "upper_bound": 10.0,
      "nonnull_n": 3293,
      "out_of_range_n": 318,
      "out_of_range_pct": 0.0965684786,
      "example_outlier_values": "13.0; 30.0; 90.0; 60.0"
    },
    {
      "domain": "vitals",
      "raw_column": "ed_triage_rr",
      "model_column": "ed_triage_rr_model",
      "outlier_flag_column": "ed_triage_rr_outlier_flag",
      "lower_bound": 4.0,
      "upper_bound": 80.0,
      "nonnull_n": 3562,
      "out_of_range_n": 0,
      "out_of_range_pct": 0.0,
      "example_outlier_values": ""
    },
    {
      "domain": "vitals",
      "raw_column": "ed_triage_sbp",
      "model_column": "ed_triage_sbp_model",
      "outlier_flag_column": "ed_triage_sbp_outlier_flag",
      "lower_bound": 20.0,
      "upper_bound": 300.0,
      "nonnull_n": 3608,
      "out_of_range_n": 4,
      "out_of_range_pct": 0.0011086475,
      "example_outlier_values": "12.0; 18.0; 14.0; 13.0"
    },
    {
      "domain": "vitals",
      "raw_column": "ed_triage_temp",
      "model_column": "ed_triage_temp_model",
      "outlier_flag_column": "ed_triage_temp_outlier_flag",
      "lower_bound": 50.0,
      "upper_bound": 120.0,
      "nonnull_n": 3364,
      "out_of_range_n": 0,
      "out_of_range_pct": 0.0,
      "example_outlier_values": ""
    }
  ],
  "ed_vitals_distribution_summary": [
    {
      "vital_name": "triage_temp",
      "raw_column": "ed_triage_temp",
      "clean_column": "ed_triage_temp_f_clean",
      "raw_n_non_missing": 3364,
      "raw_missing_pct": 41.0,
      "raw_min": 36.0,
      "raw_p1": 95.0,
      "raw_median": 98.0,
      "raw_mean": 97.8952449465,
      "raw_p99": 102.0,
      "raw_max": 104.4,
      "clean_n_non_missing": 3364,
      "clean_missing_pct": 41.0,
      "clean_min": 82.0,
      "clean_p1": 95.2,
      "clean_median": 98.0,
      "clean_mean": 98.0790737218,
      "clean_p99": 102.1,
      "clean_max": 104.4,
      "ed_triage_temp_was_celsius_like_count": 10.0,
      "ed_triage_temp_was_celsius_like_pct": 0.0017537706,
      "ed_triage_temp_out_of_range_count": 0.0,
      "ed_triage_temp_out_of_range_pct": 0.0,
      "ed_first_temp_was_celsius_like_count": null,
      "ed_first_temp_was_celsius_like_pct": null,
      "ed_first_temp_out_of_range_count": null,
      "ed_first_temp_out_of_range_pct": null,
      "ed_triage_pain_is_sentinel_13_count": null,
      "ed_triage_pain_is_sentinel_13_pct": null,
      "ed_triage_pain_out_of_range_count": null,
      "ed_triage_pain_out_of_range_pct": null,
      "ed_first_pain_is_sentinel_13_count": null,
      "ed_first_pain_is_sentinel_13_pct": null,
      "ed_first_pain_out_of_range_count": null,
      "ed_first_pain_out_of_range_pct": null,
      "ed_triage_sbp_out_of_range_count": null,
      "ed_triage_sbp_out_of_range_pct": null,
      "ed_triage_dbp_out_of_range_count": null,
      "ed_triage_dbp_out_of_range_pct": null,
      "ed_first_sbp_out_of_range_count": null,
      "ed_first_sbp_out_of_range_pct": null,
      "ed_first_dbp_out_of_range_count": null,
      "ed_first_dbp_out_of_range_pct": null,
      "ed_triage_o2sat_gt_100_count": null,
      "ed_triage_o2sat_gt_100_pct": null,
      "ed_triage_o2sat_out_of_range_count": null,
      "ed_triage_o2sat_out_of_range_pct": null,
      "ed_triage_o2sat_zero_count": null,
      "ed_triage_o2sat_zero_pct": null,
      "ed_first_o2sat_gt_100_count": null,
      "ed_first_o2sat_gt_100_pct": null,
      "ed_first_o2sat_out_of_range_count": null,
      "ed_first_o2sat_out_of_range_pct": null,
      "ed_first_o2sat_zero_count": null,
      "ed_first_o2sat_zero_pct": null
    },
    {
      "vital_name": "first_temp",
      "raw_column": "ed_first_temp",
      "clean_column": "ed_first_temp_f_clean",
      "raw_n_non_missing": 2794,
      "raw_missing_pct": 51.0,
      "raw_min": 31.7,
      "raw_p1": 36.686,
      "raw_median": 98.0,
      "raw_mean": 97.2975590551,
      "raw_p99": 102.807,
      "raw_max": 104.9,
      "clean_n_non_missing": 2794,
      "clean_missing_pct": 51.0,
      "clean_min": 82.0,
      "clean_p1": 94.6274,
      "clean_median": 98.0,
      "clean_mean": 98.1437723694,
      "clean_p99": 102.907,
      "clean_max": 104.9,
      "ed_triage_temp_was_celsius_like_count": null,
      "ed_triage_temp_was_celsius_like_pct": null,
      "ed_triage_temp_out_of_range_count": null,
      "ed_triage_temp_out_of_range_pct": null,
      "ed_first_temp_was_celsius_like_count": 39.0,
      "ed_first_temp_was_celsius_like_pct": 0.0068397054,
      "ed_first_temp_out_of_range_count": 0.0,
      "ed_first_temp_out_of_range_pct": 0.0,
      "ed_triage_pain_is_sentinel_13_count": null,
      "ed_triage_pain_is_sentinel_13_pct": null,
      "ed_triage_pain_out_of_range_count": null,
      "ed_triage_pain_out_of_range_pct": null,
      "ed_first_pain_is_sentinel_13_count": null,
      "ed_first_pain_is_sentinel_13_pct": null,
      "ed_first_pain_out_of_range_count": null,
      "ed_first_pain_out_of_range_pct": null,
      "ed_triage_sbp_out_of_range_count": null,
      "ed_triage_sbp_out_of_range_pct": null,
      "ed_triage_dbp_out_of_range_count": null,
      "ed_triage_dbp_out_of_range_pct": null,
      "ed_first_sbp_out_of_range_count": null,
      "ed_first_sbp_out_of_range_pct": null,
      "ed_first_dbp_out_of_range_count": null,
      "ed_first_dbp_out_of_range_pct": null,
      "ed_triage_o2sat_gt_100_count": null,
      "ed_triage_o2sat_gt_100_pct": null,
      "ed_triage_o2sat_out_of_range_count": null,
      "ed_triage_o2sat_out_of_range_pct": null,
      "ed_triage_o2sat_zero_count": null,
      "ed_triage_o2sat_zero_pct": null,
      "ed_first_o2sat_gt_100_count": null,
      "ed_first_o2sat_gt_100_pct": null,
      "ed_first_o2sat_out_of_range_count": null,
      "ed_first_o2sat_out_of_range_pct": null,
      "ed_first_o2sat_zero_count": null,
      "ed_first_o2sat_zero_pct": null
    },
    {
      "vital_name": "triage_pain",
      "raw_column": "ed_triage_pain",
      "clean_column": "ed_triage_pain_clean",
      "raw_n_non_missing": 3293,
      "raw_missing_pct": 42.25,
      "raw_min": 0.0,
      "raw_p1": 0.0,
      "raw_median": 0.0,
      "raw_mean": 3.7175827513,
      "raw_p99": 13.0,
      "raw_max": 90.0,
      "clean_n_non_missing": 2975,
      "clean_missing_pct": 47.83,
      "clean_min": 0.0,
      "clean_p1": 0.0,
      "clean_median": 0.0,
      "clean_mean": 2.6779831933,
      "clean_p99": 10.0,
      "clean_max": 10.0,
      "ed_triage_temp_was_celsius_like_count": null,
      "ed_triage_temp_was_celsius_like_pct": null,
      "ed_triage_temp_out_of_range_count": null,
      "ed_triage_temp_out_of_range_pct": null,
      "ed_first_temp_was_celsius_like_count": null,
      "ed_first_temp_was_celsius_like_pct": null,
      "ed_first_temp_out_of_range_count": null,
      "ed_first_temp_out_of_range_pct": null,
      "ed_triage_pain_is_sentinel_13_count": 315.0,
      "ed_triage_pain_is_sentinel_13_pct": 0.0552437741,
      "ed_triage_pain_out_of_range_count": 3.0,
      "ed_triage_pain_out_of_range_pct": 0.0005261312,
      "ed_first_pain_is_sentinel_13_count": null,
      "ed_first_pain_is_sentinel_13_pct": null,
      "ed_first_pain_out_of_range_count": null,
      "ed_first_pain_out_of_range_pct": null,
      "ed_triage_sbp_out_of_range_count": null,
      "ed_triage_sbp_out_of_range_pct": null,
      "ed_triage_dbp_out_of_range_count": null,
      "ed_triage_dbp_out_of_range_pct": null,
      "ed_first_sbp_out_of_range_count": null,
      "ed_first_sbp_out_of_range_pct": null,
      "ed_first_dbp_out_of_range_count": null,
      "ed_first_dbp_out_of_range_pct": null,
      "ed_triage_o2sat_gt_100_count": null,
      "ed_triage_o2sat_gt_100_pct": null,
      "ed_triage_o2sat_out_of_range_count": null,
      "ed_triage_o2sat_out_of_range_pct": null,
      "ed_triage_o2sat_zero_count": null,
      "ed_triage_o2sat_zero_pct": null,
      "ed_first_o2sat_gt_100_count": null,
      "ed_first_o2sat_gt_100_pct": null,
      "ed_first_o2sat_out_of_range_count": null,
      "ed_first_o2sat_out_of_range_pct": null,
      "ed_first_o2sat_zero_count": null,
      "ed_first_o2sat_zero_pct": null
    },
    {
      "vital_name": "first_pain",
      "raw_column": "ed_first_pain",
      "clean_column": "ed_first_pain_clean",
      "raw_n_non_missing": 2833,
      "raw_missing_pct": 50.32,
      "raw_min": 0.0,
      "raw_p1": 0.0,
      "raw_median": 0.0,
      "raw_mean": 2.354571126,
      "raw_p99": 10.0,
      "raw_max": 10.0,
      "clean_n_non_missing": 2833,
      "clean_missing_pct": 50.32,
      "clean_min": 0.0,
      "clean_p1": 0.0,
      "clean_median": 0.0,
      "clean_mean": 2.354571126,
      "clean_p99": 10.0,
      "clean_max": 10.0,
      "ed_triage_temp_was_celsius_like_count": null,
      "ed_triage_temp_was_celsius_like_pct": null,
      "ed_triage_temp_out_of_range_count": null,
      "ed_triage_temp_out_of_range_pct": null,
      "ed_first_temp_was_celsius_like_count": null,
      "ed_first_temp_was_celsius_like_pct": null,
      "ed_first_temp_out_of_range_count": null,
      "ed_first_temp_out_of_range_pct": null,
      "ed_triage_pain_is_sentinel_13_count": null,
      "ed_triage_pain_is_sentinel_13_pct": null,
      "ed_triage_pain_out_of_range_count": null,
      "ed_triage_pain_out_of_range_pct": null,
      "ed_first_pain_is_sentinel_13_count": 0.0,
      "ed_first_pain_is_sentinel_13_pct": 0.0,
      "ed_first_pain_out_of_range_count": 0.0,
      "ed_first_pain_out_of_range_pct": 0.0,
      "ed_triage_sbp_out_of_range_count": null,
      "ed_triage_sbp_out_of_range_pct": null,
      "ed_triage_dbp_out_of_range_count": null,
      "ed_triage_dbp_out_of_range_pct": null,
      "ed_first_sbp_out_of_range_count": null,
      "ed_first_sbp_out_of_range_pct": null,
      "ed_first_dbp_out_of_range_count": null,
      "ed_first_dbp_out_of_range_pct": null,
      "ed_triage_o2sat_gt_100_count": null,
      "ed_triage_o2sat_gt_100_pct": null,
      "ed_triage_o2sat_out_of_range_count": null,
      "ed_triage_o2sat_out_of_range_pct": null,
      "ed_triage_o2sat_zero_count": null,
      "ed_triage_o2sat_zero_pct": null,
      "ed_first_o2sat_gt_100_count": null,
      "ed_first_o2sat_gt_100_pct": null,
      "ed_first_o2sat_out_of_range_count": null,
      "ed_first_o2sat_out_of_range_pct": null,
      "ed_first_o2sat_zero_count": null,
      "ed_first_o2sat_zero_pct": null
    },
    {
      "vital_name": "triage_sbp",
      "raw_column": "ed_triage_sbp",
      "clean_column": "ed_triage_sbp_clean",
      "raw_n_non_missing": 3608,
      "raw_missing_pct": 36.72,
      "raw_min": 12.0,
      "raw_p1": 70.0,
      "raw_median": 128.0,
      "raw_mean": 129.215631929,
      "raw_p99": 209.0,
      "raw_max": 248.0,
      "clean_n_non_missing": 3604,
      "clean_missing_pct": 36.79,
      "clean_min": 24.0,
      "clean_p1": 71.0,
      "clean_median": 128.0,
      "clean_mean": 129.3432297447,
      "clean_p99": 209.0,
      "clean_max": 248.0,
      "ed_triage_temp_was_celsius_like_count": null,
      "ed_triage_temp_was_celsius_like_pct": null,
      "ed_triage_temp_out_of_range_count": null,
      "ed_triage_temp_out_of_range_pct": null,
      "ed_first_temp_was_celsius_like_count": null,
      "ed_first_temp_was_celsius_like_pct": null,
      "ed_first_temp_out_of_range_count": null,
      "ed_first_temp_out_of_range_pct": null,
      "ed_triage_pain_is_sentinel_13_count": null,
      "ed_triage_pain_is_sentinel_13_pct": null,
      "ed_triage_pain_out_of_range_count": null,
      "ed_triage_pain_out_of_range_pct": null,
      "ed_first_pain_is_sentinel_13_count": null,
      "ed_first_pain_is_sentinel_13_pct": null,
      "ed_first_pain_out_of_range_count": null,
      "ed_first_pain_out_of_range_pct": null,
      "ed_triage_sbp_out_of_range_count": 4.0,
      "ed_triage_sbp_out_of_range_pct": 0.0007015082,
      "ed_triage_dbp_out_of_range_count": null,
      "ed_triage_dbp_out_of_range_pct": null,
      "ed_first_sbp_out_of_range_count": null,
      "ed_first_sbp_out_of_range_pct": null,
      "ed_first_dbp_out_of_range_count": null,
      "ed_first_dbp_out_of_range_pct": null,
      "ed_triage_o2sat_gt_100_count": null,
      "ed_triage_o2sat_gt_100_pct": null,
      "ed_triage_o2sat_out_of_range_count": null,
      "ed_triage_o2sat_out_of_range_pct": null,
      "ed_triage_o2sat_zero_count": null,
      "ed_triage_o2sat_zero_pct": null,
      "ed_first_o2sat_gt_100_count": null,
      "ed_first_o2sat_gt_100_pct": null,
      "ed_first_o2sat_out_of_range_count": null,
      "ed_first_o2sat_out_of_range_pct": null,
      "ed_first_o2sat_zero_count": null,
      "ed_first_o2sat_zero_pct": null
    },
    {
      "vital_name": "triage_dbp",
      "raw_column": "ed_triage_dbp",
      "clean_column": "ed_triage_dbp_clean",
      "raw_n_non_missing": 3583,
      "raw_missing_pct": 37.16,
      "raw_min": 4.0,
      "raw_p1": 35.0,
      "raw_median": 72.0,
      "raw_mean": 76.3089589729,
      "raw_p99": 124.0,
      "raw_max": 7110.0,
      "clean_n_non_missing": 3575,
      "clean_missing_pct": 37.3,
      "clean_min": 13.0,
      "clean_p1": 36.0,
      "clean_median": 72.0,
      "clean_mean": 72.9885314685,
      "clean_p99": 123.26,
      "clean_max": 173.0,
      "ed_triage_temp_was_celsius_like_count": null,
      "ed_triage_temp_was_celsius_like_pct": null,
      "ed_triage_temp_out_of_range_count": null,
      "ed_triage_temp_out_of_range_pct": null,
      "ed_first_temp_was_celsius_like_count": null,
      "ed_first_temp_was_celsius_like_pct": null,
      "ed_first_temp_out_of_range_count": null,
      "ed_first_temp_out_of_range_pct": null,
      "ed_triage_pain_is_sentinel_13_count": null,
      "ed_triage_pain_is_sentinel_13_pct": null,
      "ed_triage_pain_out_of_range_count": null,
      "ed_triage_pain_out_of_range_pct": null,
      "ed_first_pain_is_sentinel_13_count": null,
      "ed_first_pain_is_sentinel_13_pct": null,
      "ed_first_pain_out_of_range_count": null,
      "ed_first_pain_out_of_range_pct": null,
      "ed_triage_sbp_out_of_range_count": null,
      "ed_triage_sbp_out_of_range_pct": null,
      "ed_triage_dbp_out_of_range_count": 8.0,
      "ed_triage_dbp_out_of_range_pct": 0.0014030165,
      "ed_first_sbp_out_of_range_count": null,
      "ed_first_sbp_out_of_range_pct": null,
      "ed_first_dbp_out_of_range_count": null,
      "ed_first_dbp_out_of_range_pct": null,
      "ed_triage_o2sat_gt_100_count": null,
      "ed_triage_o2sat_gt_100_pct": null,
      "ed_triage_o2sat_out_of_range_count": null,
      "ed_triage_o2sat_out_of_range_pct": null,
      "ed_triage_o2sat_zero_count": null,
      "ed_triage_o2sat_zero_pct": null,
      "ed_first_o2sat_gt_100_count": null,
      "ed_first_o2sat_gt_100_pct": null,
      "ed_first_o2sat_out_of_range_count": null,
      "ed_first_o2sat_out_of_range_pct": null,
      "ed_first_o2sat_zero_count": null,
      "ed_first_o2sat_zero_pct": null
    },
    {
      "vital_name": "first_sbp",
      "raw_column": "ed_first_sbp",
      "clean_column": "ed_first_sbp_clean",
      "raw_n_non_missing": 3960,
      "raw_missing_pct": 30.55,
      "raw_min": 10.0,
      "raw_p1": 69.59,
      "raw_median": 126.0,
      "raw_mean": 127.4845959596,
      "raw_p99": 210.0,
      "raw_max": 268.0,
      "clean_n_non_missing": 3956,
      "clean_missing_pct": 30.62,
      "clean_min": 53.0,
      "clean_p1": 70.0,
      "clean_median": 126.0,
      "clean_mean": 127.6006066734,
      "clean_p99": 210.0,
      "clean_max": 268.0,
      "ed_triage_temp_was_celsius_like_count": null,
      "ed_triage_temp_was_celsius_like_pct": null,
      "ed_triage_temp_out_of_range_count": null,
      "ed_triage_temp_out_of_range_pct": null,
      "ed_first_temp_was_celsius_like_count": null,
      "ed_first_temp_was_celsius_like_pct": null,
      "ed_first_temp_out_of_range_count": null,
      "ed_first_temp_out_of_range_pct": null,
      "ed_triage_pain_is_sentinel_13_count": null,
      "ed_triage_pain_is_sentinel_13_pct": null,
      "ed_triage_pain_out_of_range_count": null,
      "ed_triage_pain_out_of_range_pct": null,
      "ed_first_pain_is_sentinel_13_count": null,
      "ed_first_pain_is_sentinel_13_pct": null,
      "ed_first_pain_out_of_range_count": null,
      "ed_first_pain_out_of_range_pct": null,
      "ed_triage_sbp_out_of_range_count": null,
      "ed_triage_sbp_out_of_range_pct": null,
      "ed_triage_dbp_out_of_range_count": null,
      "ed_triage_dbp_out_of_range_pct": null,
      "ed_first_sbp_out_of_range_count": 4.0,
      "ed_first_sbp_out_of_range_pct": 0.0007015082,
      "ed_first_dbp_out_of_range_count": null,
      "ed_first_dbp_out_of_range_pct": null,
      "ed_triage_o2sat_gt_100_count": null,
      "ed_triage_o2sat_gt_100_pct": null,
      "ed_triage_o2sat_out_of_range_count": null,
      "ed_triage_o2sat_out_of_range_pct": null,
      "ed_triage_o2sat_zero_count": null,
      "ed_triage_o2sat_zero_pct": null,
      "ed_first_o2sat_gt_100_count": null,
      "ed_first_o2sat_gt_100_pct": null,
      "ed_first_o2sat_out_of_range_count": null,
      "ed_first_o2sat_out_of_range_pct": null,
      "ed_first_o2sat_zero_count": null,
      "ed_first_o2sat_zero_pct": null
    },
    {
      "vital_name": "first_dbp",
      "raw_column": "ed_first_dbp",
      "clean_column": "ed_first_dbp_clean",
      "raw_n_non_missing": 3960,
      "raw_missing_pct": 30.55,
      "raw_min": 7.0,
      "raw_p1": 34.0,
      "raw_median": 70.0,
      "raw_mean": 74.0608585859,
      "raw_p99": 126.0,
      "raw_max": 7110.0,
      "clean_n_non_missing": 3955,
      "clean_missing_pct": 30.64,
      "clean_min": 20.0,
      "clean_p1": 35.0,
      "clean_median": 70.0,
      "clean_mean": 72.0399494311,
      "clean_p99": 124.46,
      "clean_max": 195.0,
      "ed_triage_temp_was_celsius_like_count": null,
      "ed_triage_temp_was_celsius_like_pct": null,
      "ed_triage_temp_out_of_range_count": null,
      "ed_triage_temp_out_of_range_pct": null,
      "ed_first_temp_was_celsius_like_count": null,
      "ed_first_temp_was_celsius_like_pct": null,
      "ed_first_temp_out_of_range_count": null,
      "ed_first_temp_out_of_range_pct": null,
      "ed_triage_pain_is_sentinel_13_count": null,
      "ed_triage_pain_is_sentinel_13_pct": null,
      "ed_triage_pain_out_of_range_count": null,
      "ed_triage_pain_out_of_range_pct": null,
      "ed_first_pain_is_sentinel_13_count": null,
      "ed_first_pain_is_sentinel_13_pct": null,
      "ed_first_pain_out_of_range_count": null,
      "ed_first_pain_out_of_range_pct": null,
      "ed_triage_sbp_out_of_range_count": null,
      "ed_triage_sbp_out_of_range_pct": null,
      "ed_triage_dbp_out_of_range_count": null,
      "ed_triage_dbp_out_of_range_pct": null,
      "ed_first_sbp_out_of_range_count": null,
      "ed_first_sbp_out_of_range_pct": null,
      "ed_first_dbp_out_of_range_count": 5.0,
      "ed_first_dbp_out_of_range_pct": 0.0008768853,
      "ed_triage_o2sat_gt_100_count": null,
      "ed_triage_o2sat_gt_100_pct": null,
      "ed_triage_o2sat_out_of_range_count": null,
      "ed_triage_o2sat_out_of_range_pct": null,
      "ed_triage_o2sat_zero_count": null,
      "ed_triage_o2sat_zero_pct": null,
      "ed_first_o2sat_gt_100_count": null,
      "ed_first_o2sat_gt_100_pct": null,
      "ed_first_o2sat_out_of_range_count": null,
      "ed_first_o2sat_out_of_range_pct": null,
      "ed_first_o2sat_zero_count": null,
      "ed_first_o2sat_zero_pct": null
    },
    {
      "vital_name": "triage_o2sat",
      "raw_column": "ed_triage_o2sat",
      "clean_column": "ed_triage_o2sat_clean",
      "raw_n_non_missing": 3574,
      "raw_missing_pct": 37.32,
      "raw_min": 49.0,
      "raw_p1": 72.0,
      "raw_median": 97.0,
      "raw_mean": 95.6340235031,
      "raw_p99": 100.0,
      "raw_max": 100.0,
      "clean_n_non_missing": 3574,
      "clean_missing_pct": 37.32,
      "clean_min": 49.0,
      "clean_p1": 72.0,
      "clean_median": 97.0,
      "clean_mean": 95.6340235031,
      "clean_p99": 100.0,
      "clean_max": 100.0,
      "ed_triage_temp_was_celsius_like_count": null,
      "ed_triage_temp_was_celsius_like_pct": null,
      "ed_triage_temp_out_of_range_count": null,
      "ed_triage_temp_out_of_range_pct": null,
      "ed_first_temp_was_celsius_like_count": null,
      "ed_first_temp_was_celsius_like_pct": null,
      "ed_first_temp_out_of_range_count": null,
      "ed_first_temp_out_of_range_pct": null,
      "ed_triage_pain_is_sentinel_13_count": null,
      "ed_triage_pain_is_sentinel_13_pct": null,
      "ed_triage_pain_out_of_range_count": null,
      "ed_triage_pain_out_of_range_pct": null,
      "ed_first_pain_is_sentinel_13_count": null,
      "ed_first_pain_is_sentinel_13_pct": null,
      "ed_first_pain_out_of_range_count": null,
      "ed_first_pain_out_of_range_pct": null,
      "ed_triage_sbp_out_of_range_count": null,
      "ed_triage_sbp_out_of_range_pct": null,
      "ed_triage_dbp_out_of_range_count": null,
      "ed_triage_dbp_out_of_range_pct": null,
      "ed_first_sbp_out_of_range_count": null,
      "ed_first_sbp_out_of_range_pct": null,
      "ed_first_dbp_out_of_range_count": null,
      "ed_first_dbp_out_of_range_pct": null,
      "ed_triage_o2sat_gt_100_count": 0.0,
      "ed_triage_o2sat_gt_100_pct": 0.0,
      "ed_triage_o2sat_out_of_range_count": 0.0,
      "ed_triage_o2sat_out_of_range_pct": 0.0,
      "ed_triage_o2sat_zero_count": 0.0,
      "ed_triage_o2sat_zero_pct": 0.0,
      "ed_first_o2sat_gt_100_count": null,
      "ed_first_o2sat_gt_100_pct": null,
      "ed_first_o2sat_out_of_range_count": null,
      "ed_first_o2sat_out_of_range_pct": null,
      "ed_first_o2sat_zero_count": null,
      "ed_first_o2sat_zero_pct": null
    },
    {
      "vital_name": "first_o2sat",
      "raw_column": "ed_first_o2sat",
      "clean_column": "ed_first_o2sat_clean",
      "raw_n_non_missing": 3871,
      "raw_missing_pct": 32.11,
      "raw_min": 10.0,
      "raw_p1": 72.7,
      "raw_median": 97.0,
      "raw_mean": 95.7548437096,
      "raw_p99": 100.0,
      "raw_max": 100.0,
      "clean_n_non_missing": 3871,
      "clean_missing_pct": 32.11,
      "clean_min": 10.0,
      "clean_p1": 72.7,
      "clean_median": 97.0,
      "clean_mean": 95.7548437096,
      "clean_p99": 100.0,
      "clean_max": 100.0,
      "ed_triage_temp_was_celsius_like_count": null,
      "ed_triage_temp_was_celsius_like_pct": null,
      "ed_triage_temp_out_of_range_count": null,
      "ed_triage_temp_out_of_range_pct": null,
      "ed_first_temp_was_celsius_like_count": null,
      "ed_first_temp_was_celsius_like_pct": null,
      "ed_first_temp_out_of_range_count": null,
      "ed_first_temp_out_of_range_pct": null,
      "ed_triage_pain_is_sentinel_13_count": null,
      "ed_triage_pain_is_sentinel_13_pct": null,
      "ed_triage_pain_out_of_range_count": null,
      "ed_triage_pain_out_of_range_pct": null,
      "ed_first_pain_is_sentinel_13_count": null,
      "ed_first_pain_is_sentinel_13_pct": null,
      "ed_first_pain_out_of_range_count": null,
      "ed_first_pain_out_of_range_pct": null,
      "ed_triage_sbp_out_of_range_count": null,
      "ed_triage_sbp_out_of_range_pct": null,
      "ed_triage_dbp_out_of_range_count": null,
      "ed_triage_dbp_out_of_range_pct": null,
      "ed_first_sbp_out_of_range_count": null,
      "ed_first_sbp_out_of_range_pct": null,
      "ed_first_dbp_out_of_range_count": null,
      "ed_first_dbp_out_of_range_pct": null,
      "ed_triage_o2sat_gt_100_count": null,
      "ed_triage_o2sat_gt_100_pct": null,
      "ed_triage_o2sat_out_of_range_count": null,
      "ed_triage_o2sat_out_of_range_pct": null,
      "ed_triage_o2sat_zero_count": null,
      "ed_triage_o2sat_zero_pct": null,
      "ed_first_o2sat_gt_100_count": 0.0,
      "ed_first_o2sat_gt_100_pct": 0.0,
      "ed_first_o2sat_out_of_range_count": 0.0,
      "ed_first_o2sat_out_of_range_pct": 0.0,
      "ed_first_o2sat_zero_count": 0.0,
      "ed_first_o2sat_zero_pct": 0.0
    }
  ],
  "ed_vitals_model_delta": [
    {
      "vital_name": "triage_temp",
      "raw_column": "ed_triage_temp",
      "clean_column": "ed_triage_temp_f_clean",
      "raw_n": 3364,
      "clean_n": 3364,
      "raw_removed_n": 0,
      "raw_removed_pct": 0.0,
      "converted_celsius_like_n": 10
    },
    {
      "vital_name": "first_temp",
      "raw_column": "ed_first_temp",
      "clean_column": "ed_first_temp_f_clean",
      "raw_n": 2794,
      "clean_n": 2794,
      "raw_removed_n": 0,
      "raw_removed_pct": 0.0,
      "converted_celsius_like_n": 39
    },
    {
      "vital_name": "triage_pain",
      "raw_column": "ed_triage_pain",
      "clean_column": "ed_triage_pain_clean",
      "raw_n": 3293,
      "clean_n": 2975,
      "raw_removed_n": 318,
      "raw_removed_pct": 0.0965684786,
      "converted_celsius_like_n": 0
    },
    {
      "vital_name": "first_pain",
      "raw_column": "ed_first_pain",
      "clean_column": "ed_first_pain_clean",
      "raw_n": 2833,
      "clean_n": 2833,
      "raw_removed_n": 0,
      "raw_removed_pct": 0.0,
      "converted_celsius_like_n": 0
    },
    {
      "vital_name": "triage_sbp",
      "raw_column": "ed_triage_sbp",
      "clean_column": "ed_triage_sbp_clean",
      "raw_n": 3608,
      "clean_n": 3604,
      "raw_removed_n": 4,
      "raw_removed_pct": 0.0011086475,
      "converted_celsius_like_n": 0
    },
    {
      "vital_name": "triage_dbp",
      "raw_column": "ed_triage_dbp",
      "clean_column": "ed_triage_dbp_clean",
      "raw_n": 3583,
      "clean_n": 3575,
      "raw_removed_n": 8,
      "raw_removed_pct": 0.0022327658,
      "converted_celsius_like_n": 0
    },
    {
      "vital_name": "first_sbp",
      "raw_column": "ed_first_sbp",
      "clean_column": "ed_first_sbp_clean",
      "raw_n": 3960,
      "clean_n": 3956,
      "raw_removed_n": 4,
      "raw_removed_pct": 0.001010101,
      "converted_celsius_like_n": 0
    },
    {
      "vital_name": "first_dbp",
      "raw_column": "ed_first_dbp",
      "clean_column": "ed_first_dbp_clean",
      "raw_n": 3960,
      "clean_n": 3955,
      "raw_removed_n": 5,
      "raw_removed_pct": 0.0012626263,
      "converted_celsius_like_n": 0
    },
    {
      "vital_name": "triage_o2sat",
      "raw_column": "ed_triage_o2sat",
      "clean_column": "ed_triage_o2sat_clean",
      "raw_n": 3574,
      "clean_n": 3574,
      "raw_removed_n": 0,
      "raw_removed_pct": 0.0,
      "converted_celsius_like_n": 0
    },
    {
      "vital_name": "first_o2sat",
      "raw_column": "ed_first_o2sat",
      "clean_column": "ed_first_o2sat_clean",
      "raw_n": 3871,
      "clean_n": 3871,
      "raw_removed_n": 0,
      "raw_removed_pct": 0.0,
      "converted_celsius_like_n": 0
    }
  ],
  "outliers_audit": [
    {
      "domain": "vitals",
      "raw_column": "ed_first_dbp",
      "model_column": "ed_first_dbp_model",
      "outlier_flag_column": "ed_first_dbp_outlier_flag",
      "lower_bound": 10.0,
      "upper_bound": 200.0,
      "nonnull_n": 3960,
      "out_of_range_n": 5,
      "out_of_range_pct": 0.0012626263,
      "example_outlier_values": "460; 9; 777; 7110; 7"
    },
    {
      "domain": "vitals",
      "raw_column": "ed_first_hr",
      "model_column": "ed_first_hr_model",
      "outlier_flag_column": "ed_first_hr_outlier_flag",
      "lower_bound": 20.0,
      "upper_bound": 250.0,
      "nonnull_n": 4074,
      "out_of_range_n": 0,
      "out_of_range_pct": 0.0,
      "example_outlier_values": ""
    },
    {
      "domain": "vitals",
      "raw_column": "ed_first_o2sat",
      "model_column": "ed_first_o2sat_model",
      "outlier_flag_column": "ed_first_o2sat_outlier_flag",
      "lower_bound": 0.0,
      "upper_bound": 100.0,
      "nonnull_n": 3871,
      "out_of_range_n": 0,
      "out_of_range_pct": 0.0,
      "example_outlier_values": ""
    },
    {
      "domain": "vitals",
      "raw_column": "ed_first_pain",
      "model_column": "ed_first_pain_model",
      "outlier_flag_column": "ed_first_pain_outlier_flag",
      "lower_bound": 0.0,
      "upper_bound": 10.0,
      "nonnull_n": 2833,
      "out_of_range_n": 0,
      "out_of_range_pct": 0.0,
      "example_outlier_values": ""
    },
    {
      "domain": "vitals",
      "raw_column": "ed_first_rr",
      "model_column": "ed_first_rr_model",
      "outlier_flag_column": "ed_first_rr_outlier_flag",
      "lower_bound": 4.0,
      "upper_bound": 80.0,
      "nonnull_n": 4012,
      "out_of_range_n": 0,
      "out_of_range_pct": 0.0,
      "example_outlier_values": ""
    },
    {
      "domain": "vitals",
      "raw_column": "ed_first_sbp",
      "model_column": "ed_first_sbp_model",
      "outlier_flag_column": "ed_first_sbp_outlier_flag",
      "lower_bound": 20.0,
      "upper_bound": 300.0,
      "nonnull_n": 3960,
      "out_of_range_n": 4,
      "out_of_range_pct": 0.001010101,
      "example_outlier_values": "11; 12; 10; 18"
    },
    {
      "domain": "vitals",
      "raw_column": "ed_first_temp",
      "model_column": "ed_first_temp_model",
      "outlier_flag_column": "ed_first_temp_outlier_flag",
      "lower_bound": 50.0,
      "upper_bound": 120.0,
      "nonnull_n": 2794,
      "out_of_range_n": 0,
      "out_of_range_pct": 0.0,
      "example_outlier_values": ""
    },
    {
      "domain": "vitals",
      "raw_column": "ed_triage_dbp",
      "model_column": "ed_triage_dbp_model",
      "outlier_flag_column": "ed_triage_dbp_outlier_flag",
      "lower_bound": 10.0,
      "upper_bound": 200.0,
      "nonnull_n": 3583,
      "out_of_range_n": 8,
      "out_of_range_pct": 0.0022327658,
      "example_outlier_values": "4.0; 460.0; 9.0; 777.0; 7110.0"
    },
    {
      "domain": "vitals",
      "raw_column": "ed_triage_hr",
      "model_column": "ed_triage_hr_model",
      "outlier_flag_column": "ed_triage_hr_outlier_flag",
      "lower_bound": 20.0,
      "upper_bound": 250.0,
      "nonnull_n": 3632,
      "out_of_range_n": 0,
      "out_of_range_pct": 0.0,
      "example_outlier_values": ""
    },
    {
      "domain": "vitals",
      "raw_column": "ed_triage_o2sat",
      "model_column": "ed_triage_o2sat_model",
      "outlier_flag_column": "ed_triage_o2sat_outlier_flag",
      "lower_bound": 0.0,
      "upper_bound": 100.0,
      "nonnull_n": 3574,
      "out_of_range_n": 0,
      "out_of_range_pct": 0.0,
      "example_outlier_values": ""
    },
    {
      "domain": "vitals",
      "raw_column": "ed_triage_pain",
      "model_column": "ed_triage_pain_model",
      "outlier_flag_column": "ed_triage_pain_outlier_flag",
      "lower_bound": 0.0,
      "upper_bound": 10.0,
      "nonnull_n": 3293,
      "out_of_range_n": 318,
      "out_of_range_pct": 0.0965684786,
      "example_outlier_values": "13.0; 30.0; 90.0; 60.0"
    },
    {
      "domain": "vitals",
      "raw_column": "ed_triage_rr",
      "model_column": "ed_triage_rr_model",
      "outlier_flag_column": "ed_triage_rr_outlier_flag",
      "lower_bound": 4.0,
      "upper_bound": 80.0,
      "nonnull_n": 3562,
      "out_of_range_n": 0,
      "out_of_range_pct": 0.0,
      "example_outlier_values": ""
    },
    {
      "domain": "vitals",
      "raw_column": "ed_triage_sbp",
      "model_column": "ed_triage_sbp_model",
      "outlier_flag_column": "ed_triage_sbp_outlier_flag",
      "lower_bound": 20.0,
      "upper_bound": 300.0,
      "nonnull_n": 3608,
      "out_of_range_n": 4,
      "out_of_range_pct": 0.0011086475,
      "example_outlier_values": "12.0; 18.0; 14.0; 13.0"
    },
    {
      "domain": "vitals",
      "raw_column": "ed_triage_temp",
      "model_column": "ed_triage_temp_model",
      "outlier_flag_column": "ed_triage_temp_outlier_flag",
      "lower_bound": 50.0,
      "upper_bound": 120.0,
      "nonnull_n": 3364,
      "out_of_range_n": 0,
      "out_of_range_pct": 0.0,
      "example_outlier_values": ""
    },
    {
      "domain": "gas",
      "raw_column": "first_lactate",
      "model_column": "first_lactate_model",
      "outlier_flag_column": "first_lactate_outlier_flag",
      "lower_bound": 0.0,
      "upper_bound": 30.0,
      "nonnull_n": 4554,
      "out_of_range_n": 0,
      "out_of_range_pct": 0.0,
      "example_outlier_values": ""
    },
    {
      "domain": "gas",
      "raw_column": "first_pco2",
      "model_column": "first_pco2_model",
      "outlier_flag_column": "first_pco2_outlier_flag",
      "lower_bound": 10.0,
      "upper_bound": 200.0,
      "nonnull_n": 5702,
      "out_of_range_n": 0,
      "out_of_range_pct": 0.0,
      "example_outlier_values": ""
    },
    {
      "domain": "gas",
      "raw_column": "first_ph",
      "model_column": "first_ph_model",
      "outlier_flag_column": "first_ph_outlier_flag",
      "lower_bound": 6.8,
      "upper_bound": 7.8,
      "nonnull_n": 5598,
      "out_of_range_n": 9,
      "out_of_range_pct": 0.001607717,
      "example_outlier_values": "6.66; 6.6; 6.69; 6.73; 6.76"
    }
  ],
  "ed_vitals_audit_paths": {
    "distribution_summary": "/Users/blocke/Box Sync/Residency Personal Files/Scholarly Work/Locke Research Projects/Hypercap-CC-NLP/MIMIC tabular data/prior runs/2026-02-21 ed_vitals_distribution_summary.csv",
    "extreme_examples": "/Users/blocke/Box Sync/Residency Personal Files/Scholarly Work/Locke Research Projects/Hypercap-CC-NLP/MIMIC tabular data/prior runs/2026-02-21 ed_vitals_extreme_examples.csv",
    "model_delta": "/Users/blocke/Box Sync/Residency Personal Files/Scholarly Work/Locke Research Projects/Hypercap-CC-NLP/MIMIC tabular data/prior runs/2026-02-21 ed_vitals_model_delta.csv"
  },
  "blood_gas_audit_paths": {
    "manifest_itemids": "/Users/blocke/Box Sync/Residency Personal Files/Scholarly Work/Locke Research Projects/Hypercap-CC-NLP/MIMIC tabular data/prior runs/2026-02-21 blood_gas_itemid_manifest_audit.csv",
    "pco2_itemid_qc": "/Users/blocke/Box Sync/Residency Personal Files/Scholarly Work/Locke Research Projects/Hypercap-CC-NLP/MIMIC tabular data/prior runs/2026-02-21 pco2_itemid_qc_audit.csv",
    "pco2_source_distribution": "/Users/blocke/Box Sync/Residency Personal Files/Scholarly Work/Locke Research Projects/Hypercap-CC-NLP/MIMIC tabular data/prior runs/2026-02-21 pco2_source_distribution_audit.csv",
    "other_route_quarantine": "/Users/blocke/Box Sync/Residency Personal Files/Scholarly Work/Locke Research Projects/Hypercap-CC-NLP/MIMIC tabular data/prior runs/2026-02-21 other_route_quarantine_audit.csv",
    "first_gas_anchor": "/Users/blocke/Box Sync/Residency Personal Files/Scholarly Work/Locke Research Projects/Hypercap-CC-NLP/MIMIC tabular data/prior runs/2026-02-21 first_gas_anchor_audit.csv",
    "hco3_integrity": "/Users/blocke/Box Sync/Residency Personal Files/Scholarly Work/Locke Research Projects/Hypercap-CC-NLP/MIMIC tabular data/prior runs/2026-02-21 hco3_integrity_audit.csv"
  },
  "timing_integrity_audit_path": "/Users/blocke/Box Sync/Residency Personal Files/Scholarly Work/Locke Research Projects/Hypercap-CC-NLP/MIMIC tabular data/prior runs/2026-02-21 timing_integrity_audit.csv",
  "ventilation_timing_audit_path": "/Users/blocke/Box Sync/Residency Personal Files/Scholarly Work/Locke Research Projects/Hypercap-CC-NLP/MIMIC tabular data/prior runs/2026-02-21 ventilation_timing_audit.csv",
  "anthropometric_cleaning_audit_path": "/Users/blocke/Box Sync/Residency Personal Files/Scholarly Work/Locke Research Projects/Hypercap-CC-NLP/MIMIC tabular data/prior runs/2026-02-21 anthropometric_cleaning_audit.csv",
  "qa_status": "pass",
  "qa_warnings": [],
  "qa_infos": [
    "omr_pre_window_empty_post_window_fallback_used",
    "gas_source_other_rate_high"
  ],
  "run_metadata": {
    "run_utc": "2026-02-21T20:06:28.939127+00:00",
    "work_project": "mimic-hypercapnia",
    "physionet_project": "physionet-data",
    "datasets": {
      "hosp": "mimiciv_3_1_hosp",
      "icu": "mimiciv_3_1_icu",
      "ed": "mimiciv_ed"
    },
    "dataset_probes": {
      "hosp": "physionet-data.mimiciv_3_1_hosp.admissions",
      "icu": "physionet-data.mimiciv_3_1_icu.icustays",
      "ed": "physionet-data.mimiciv_ed.edstays"
    },
    "notebook": "MIMICIV_hypercap_EXT_cohort.ipynb",
    "blood_gas_manifest_path": "/Users/blocke/Box Sync/Residency Personal Files/Scholarly Work/Locke Research Projects/Hypercap-CC-NLP/specs/blood_gas_itemids.json",
    "blood_gas_manifest_version": "2026-02-20.1"
  },
  "contract_status": "warning",
  "contract_warning_codes": [
    "gas_source_other_rate_high",
    "first_hco3_coverage_low"
  ],
  "contract_error_codes": [],
  "qa_status_final": "warning",
  "cohort_contract_report_path": "/Users/blocke/Box Sync/Residency Personal Files/Scholarly Work/Locke Research Projects/Hypercap-CC-NLP/debug/contracts/20260221_200741/contract_report.json"
}