{
  "annotation_path": "/Users/blocke/Box Sync/Residency Personal Files/Scholarly Work/Locke Research Projects/Hypercap-CC-NLP/Annotation/Final 2025-10-14 Annotation Sample.xlsx",
  "annotation_sheet": "cohort_cc_sample",
  "nlp_path": "/Users/blocke/Box Sync/Residency Personal Files/Scholarly Work/Locke Research Projects/Hypercap-CC-NLP/MIMIC tabular data/MIMICIV all with CC_with_NLP.xlsx",
  "nlp_sheet": 0,
  "row_counts": {
    "annotation_r3_rows": 160,
    "nlp_rows": 11945,
    "matched_rows": 61,
    "unmatched_adjudicated_rows": 99,
    "unmatched_nlp_rows": 11884
  },
  "key_columns": [
    "hadm_id",
    "subject_id"
  ],
  "key_strategy": "hadm_id_subject_id",
  "join_audit": {
    "key_columns": [
      "hadm_id",
      "subject_id"
    ],
    "key_strategy": "hadm_id_subject_id",
    "target_sample_n": 160,
    "gate_policy": "warn_below_target_fail_on_zero",
    "r3_rows": 160,
    "nlp_rows": 11945,
    "matched_rows": 61,
    "unmatched_adjudicated_rows": 99,
    "unmatched_nlp_rows": 11884,
    "matched_rate_vs_adjudicated": 0.38125,
    "unmatched_rate_vs_adjudicated": 0.61875,
    "unmatched_rate_vs_nlp": 0.9948932607785684,
    "coverage_status": "warning",
    "join_interpretation": "below_target_overlap_nonzero",
    "severity": "warning"
  },
  "matched_key_hash_count": 61,
  "unmapped_label_count": 0
}