source,column,raw_label,normalized_label,canonical_code,canonical_label,mapped,row_count
adjudicated_r3,annot3_rvs1_cat,Symptom – Respiratory,Symptom – Respiratory,RVC-SYM-RESP,Symptom – Respiratory,True,30
adjudicated_r3,annot3_rvs1_cat,Diseases (patient-stated diagnosis),Diseases (patient–stated diagnosis),RVC-DIS,Diseases (patient-stated),True,24
adjudicated_r3,annot3_rvs1_cat,Injuries & adverse effects,Injuries & adverse effects,RVC-INJ,Injuries & adverse effects,True,23
adjudicated_r3,annot3_rvs1_cat,Symptom – Nervous,Symptom – Nervous,RVC-SYM-NERV,Symptom – Nervous,True,21
adjudicated_r3,annot3_rvs2_cat,Administrative,Administrative,RVC-ADMIN,Administrative,True,20
adjudicated_r3,annot3_rvs1_cat,Symptom – Digestive,Symptom – Digestive,RVC-SYM-DIG,Symptom – Digestive,True,19
adjudicated_r3,annot3_rvs2_cat,Symptom – Digestive,Symptom – Digestive,RVC-SYM-DIG,Symptom – Digestive,True,13
adjudicated_r3,annot3_rvs1_cat,Symptom – General,Symptom – General,RVC-SYM-GEN,Symptom – General,True,13
adjudicated_r3,annot3_rvs2_cat,Symptom – Nervous,Symptom – Nervous,RVC-SYM-NERV,Symptom – Nervous,True,11
adjudicated_r3,annot3_rvs1_cat,Symptom – Circulatory,Symptom – Circulatory,RVC-SYM-CIRC,Symptom – Circulatory,True,10
adjudicated_r3,annot3_rvs2_cat,Abnormal test result,Abnormal test result,RVC-TEST,Abnormal test result,True,9
adjudicated_r3,annot3_rvs1_cat,Symptom – Musculoskeletal,Symptom – Musculoskeletal,RVC-SYM-MSK,Symptom – Musculoskeletal,True,9
adjudicated_r3,annot3_rvs3_cat,Administrative,Administrative,RVC-ADMIN,Administrative,True,7
adjudicated_r3,annot3_rvs2_cat,Symptom – Respiratory,Symptom – Respiratory,RVC-SYM-RESP,Symptom – Respiratory,True,7
adjudicated_r3,annot3_rvs2_cat,Diseases (patient-stated diagnosis),Diseases (patient–stated diagnosis),RVC-DIS,Diseases (patient-stated),True,5
adjudicated_r3,annot3_rvs2_cat,Injuries & adverse effects,Injuries & adverse effects,RVC-INJ,Injuries & adverse effects,True,4
adjudicated_r3,annot3_rvs2_cat,Symptom – General,Symptom – General,RVC-SYM-GEN,Symptom – General,True,4
adjudicated_r3,annot3_rvs3_cat,Symptom – General,Symptom – General,RVC-SYM-GEN,Symptom – General,True,4
adjudicated_r3,annot3_rvs1_cat,Abnormal test result,Abnormal test result,RVC-TEST,Abnormal test result,True,3
adjudicated_r3,annot3_rvs4_cat,Administrative,Administrative,RVC-ADMIN,Administrative,True,3
adjudicated_r3,annot3_rvs3_cat,Symptom – Digestive,Symptom – Digestive,RVC-SYM-DIG,Symptom – Digestive,True,3
adjudicated_r3,annot3_rvs1_cat,Treatment/Medication,Treatment/Medication,RVC-TREAT,Treatment/Medication,True,3
adjudicated_r3,annot3_rvs1_cat,Administrative,Administrative,RVC-ADMIN,Administrative,True,2
adjudicated_r3,annot3_rvs2_cat,Symptom – Circulatory,Symptom – Circulatory,RVC-SYM-CIRC,Symptom – Circulatory,True,2
adjudicated_r3,annot3_rvs1_cat,Uncodable/Unknown,Uncodable/Unknown,RVC-UNCL,Uncodable/Unknown,True,2
adjudicated_r3,annot3_rvs3_cat,Injuries & adverse effects,Injuries & adverse effects,RVC-INJ,Injuries & adverse effects,True,1
adjudicated_r3,annot3_rvs3_cat,Symptom – Circulatory,Symptom – Circulatory,RVC-SYM-CIRC,Symptom – Circulatory,True,1
adjudicated_r3,annot3_rvs2_cat,Symptom – Genitourinary,Symptom – Genitourinary,RVC-SYM-GU,Symptom – Genitourinary,True,1
adjudicated_r3,annot3_rvs3_cat,Symptom – Genitourinary,Symptom – Genitourinary,RVC-SYM-GU,Symptom – Genitourinary,True,1
adjudicated_r3,annot3_rvs2_cat,Symptom – Musculoskeletal,Symptom – Musculoskeletal,RVC-SYM-MSK,Symptom – Musculoskeletal,True,1
adjudicated_r3,annot3_rvs3_cat,Symptom – Nervous,Symptom – Nervous,RVC-SYM-NERV,Symptom – Nervous,True,1
adjudicated_r3,annot3_rvs3_cat,Symptom – Respiratory,Symptom – Respiratory,RVC-SYM-RESP,Symptom – Respiratory,True,1
adjudicated_r3,annot3_rvs1_cat,Symptom – Skin/Hair/Nails,Symptom – Skin/Hair/Nails,RVC-SYM-SKIN,Symptom – Skin/Hair/Nails,True,1
adjudicated_r3,annot3_rvs2_cat,Treatment/Medication,Treatment/Medication,RVC-TREAT,Treatment/Medication,True,1
nlp_output,RFV1_name,Symptom – Respiratory,Symptom – Respiratory,RVC-SYM-RESP,Symptom – Respiratory,True,3599
nlp_output,RFV1_name,Injuries & adverse effects,Injuries & adverse effects,RVC-INJ,Injuries & adverse effects,True,1669
nlp_output,RFV2_name,Administrative,Administrative,RVC-ADMIN,Administrative,True,1541
nlp_output,RFV1_name,Symptom – Digestive,Symptom – Digestive,RVC-SYM-DIG,Symptom – Digestive,True,1402
nlp_output,RFV1_name,Symptom – Nervous,Symptom – Nervous,RVC-SYM-NERV,Symptom – Nervous,True,1327
nlp_output,RFV1_name,Symptom – Circulatory,Symptom – Circulatory,RVC-SYM-CIRC,Symptom – Circulatory,True,1132
nlp_output,RFV1_name,Diseases (patient-stated),Diseases (patient–stated),RVC-DIS,Diseases (patient-stated),True,655
nlp_output,RFV2_name,Symptom – General,Symptom – General,RVC-SYM-GEN,Symptom – General,True,608
nlp_output,RFV1_name,Symptom – General,Symptom – General,RVC-SYM-GEN,Symptom – General,True,546
nlp_output,RFV2_name,Symptom – Circulatory,Symptom – Circulatory,RVC-SYM-CIRC,Symptom – Circulatory,True,369
nlp_output,RFV3_name,Administrative,Administrative,RVC-ADMIN,Administrative,True,346
nlp_output,RFV2_name,Symptom – Nervous,Symptom – Nervous,RVC-SYM-NERV,Symptom – Nervous,True,302
nlp_output,RFV2_name,Diseases (patient-stated),Diseases (patient–stated),RVC-DIS,Diseases (patient-stated),True,299
nlp_output,RFV2_name,Symptom – Digestive,Symptom – Digestive,RVC-SYM-DIG,Symptom – Digestive,True,285
nlp_output,RFV1_name,Uncodable/Unknown,Uncodable/Unknown,RVC-UNCL,Uncodable/Unknown,True,273
nlp_output,RFV1_name,Symptom – Musculoskeletal,Symptom – Musculoskeletal,RVC-SYM-MSK,Symptom – Musculoskeletal,True,272
nlp_output,RFV1_name,Symptom – Skin/Hair/Nails,Symptom – Skin/Hair/Nails,RVC-SYM-SKIN,Symptom – Skin/Hair/Nails,True,268
nlp_output,RFV2_name,Abnormal test result,Abnormal test result,RVC-TEST,Abnormal test result,True,244
nlp_output,RFV1_name,Abnormal test result,Abnormal test result,RVC-TEST,Abnormal test result,True,220
nlp_output,RFV1_name,Administrative,Administrative,RVC-ADMIN,Administrative,True,186
nlp_output,RFV2_name,Symptom – Musculoskeletal,Symptom – Musculoskeletal,RVC-SYM-MSK,Symptom – Musculoskeletal,True,166
nlp_output,RFV1_name,Symptom – Genitourinary,Symptom – Genitourinary,RVC-SYM-GU,Symptom – Genitourinary,True,160
nlp_output,RFV2_name,Symptom – Skin/Hair/Nails,Symptom – Skin/Hair/Nails,RVC-SYM-SKIN,Symptom – Skin/Hair/Nails,True,99
nlp_output,RFV1_name,Diagnostic/Screening/Preventive,Diagnostic/Screening/Preventive,RVC-DIAG,Diagnostic/Screening/Preventive,True,79
nlp_output,RFV2_name,Symptom – Genitourinary,Symptom – Genitourinary,RVC-SYM-GU,Symptom – Genitourinary,True,75
nlp_output,RFV3_name,Symptom – General,Symptom – General,RVC-SYM-GEN,Symptom – General,True,71
nlp_output,RFV2_name,Diagnostic/Screening/Preventive,Diagnostic/Screening/Preventive,RVC-DIAG,Diagnostic/Screening/Preventive,True,70
nlp_output,RFV2_name,Symptom – Psychological,Symptom – Psychological,RVC-SYM-PSY,Symptom – Psychological,True,68
nlp_output,RFV1_name,Symptom – Psychological,Symptom – Psychological,RVC-SYM-PSY,Symptom – Psychological,True,58
nlp_output,RFV1_name,Symptom – Eye/Ear,Symptom – Eye/Ear,RVC-SYM-EYE,Symptom – Eye/Ear,True,50
nlp_output,RFV1_name,Treatment/Medication,Treatment/Medication,RVC-TREAT,Treatment/Medication,True,49
nlp_output,RFV2_name,Treatment/Medication,Treatment/Medication,RVC-TREAT,Treatment/Medication,True,48
nlp_output,RFV3_name,Abnormal test result,Abnormal test result,RVC-TEST,Abnormal test result,True,42
nlp_output,RFV3_name,Diseases (patient-stated),Diseases (patient–stated),RVC-DIS,Diseases (patient-stated),True,38
nlp_output,RFV2_name,Symptom – Respiratory,Symptom – Respiratory,RVC-SYM-RESP,Symptom – Respiratory,True,33
nlp_output,RFV4_name,Administrative,Administrative,RVC-ADMIN,Administrative,True,32
nlp_output,RFV2_name,Symptom – Eye/Ear,Symptom – Eye/Ear,RVC-SYM-EYE,Symptom – Eye/Ear,True,21
nlp_output,RFV3_name,Symptom – Digestive,Symptom – Digestive,RVC-SYM-DIG,Symptom – Digestive,True,17
nlp_output,RFV3_name,Symptom – Nervous,Symptom – Nervous,RVC-SYM-NERV,Symptom – Nervous,True,13
nlp_output,RFV3_name,Symptom – Musculoskeletal,Symptom – Musculoskeletal,RVC-SYM-MSK,Symptom – Musculoskeletal,True,12
nlp_output,RFV3_name,Diagnostic/Screening/Preventive,Diagnostic/Screening/Preventive,RVC-DIAG,Diagnostic/Screening/Preventive,True,11
nlp_output,RFV3_name,Symptom – Psychological,Symptom – Psychological,RVC-SYM-PSY,Symptom – Psychological,True,7
nlp_output,RFV3_name,Symptom – Skin/Hair/Nails,Symptom – Skin/Hair/Nails,RVC-SYM-SKIN,Symptom – Skin/Hair/Nails,True,7
nlp_output,RFV3_name,Symptom – Genitourinary,Symptom – Genitourinary,RVC-SYM-GU,Symptom – Genitourinary,True,6
nlp_output,RFV4_name,Symptom – General,Symptom – General,RVC-SYM-GEN,Symptom – General,True,5
nlp_output,RFV3_name,Treatment/Medication,Treatment/Medication,RVC-TREAT,Treatment/Medication,True,5
nlp_output,RFV4_name,Diseases (patient-stated),Diseases (patient–stated),RVC-DIS,Diseases (patient-stated),True,4
nlp_output,RFV3_name,Symptom – Eye/Ear,Symptom – Eye/Ear,RVC-SYM-EYE,Symptom – Eye/Ear,True,3
nlp_output,RFV4_name,Abnormal test result,Abnormal test result,RVC-TEST,Abnormal test result,True,1
nlp_output,RFV5_name,Administrative,Administrative,RVC-ADMIN,Administrative,True,1
nlp_output,RFV3_name,Symptom – Circulatory,Symptom – Circulatory,RVC-SYM-CIRC,Symptom – Circulatory,True,1
