{
  "gas_pco2": {
    "pattern": "\\bp\\s*co2\\b|pco2|pco\u2082",
    "items": [
      {
        "itemid": 50818,
        "label": "pCO2",
        "category": "Blood Gas",
        "n": 100692
      }
    ]
  },
  "gas_po2": {
    "pattern": "\\bp\\s*o2\\b|po2|pao2|po\u2082",
    "items": [
      {
        "itemid": 50821,
        "label": "pO2",
        "category": "Blood Gas",
        "n": 100741
      }
    ]
  },
  "gas_ph": {
    "pattern": "\\bph\\b",
    "items": [
      {
        "itemid": 50820,
        "label": "pH",
        "category": "Blood Gas",
        "n": 104132
      }
    ]
  },
  "gas_hco3": {
    "pattern": "hco3|bicarbonate",
    "items": [
      {
        "itemid": 50803,
        "label": "Calculated Bicarbonate, Whole Blood",
        "category": "Blood Gas",
        "n": 851
      }
    ]
  },
  "gas_lactate": {
    "pattern": "lactate",
    "items": [
      {
        "itemid": 50813,
        "label": "Lactate",
        "category": "Blood Gas",
        "n": 59983
      },
      {
        "itemid": 52442,
        "label": "Lactate",
        "category": "Blood Gas",
        "n": 0
      }
    ]
  },
  "gas_specimen": {
    "pattern": "specimen|source|type",
    "items": [
      {
        "itemid": 52033,
        "label": "Specimen Type",
        "category": "Blood Gas",
        "n": 109616
      }
    ]
  },
  "chem_hco3_serum": {
    "pattern": "bicarbonate|total\\s*co2|carbon\\s*dioxide|\\bco2\\b",
    "items": [
      {
        "itemid": 50882,
        "label": "Bicarbonate",
        "category": "Chemistry",
        "n": 146683
      },
      {
        "itemid": 51076,
        "label": "Bicarbonate, Urine",
        "category": "Chemistry",
        "n": 301
      },
      {
        "itemid": 51027,
        "label": "Bicarbonate, Other Fluid",
        "category": "Chemistry",
        "n": 2
      },
      {
        "itemid": 51061,
        "label": "Bicarbonate, Stool",
        "category": "Chemistry",
        "n": 1
      },
      {
        "itemid": 51739,
        "label": "Total CO2",
        "category": "Chemistry",
        "n": 0
      },
      {
        "itemid": 50837,
        "label": "Bicarbonate, Ascites",
        "category": "Chemistry",
        "n": 0
      },
      {
        "itemid": 51048,
        "label": "Bicarbonate, Pleural",
        "category": "Chemistry",
        "n": 0
      },
      {
        "itemid": 51811,
        "label": "Bicarbonate,Joint Fluid",
        "category": "Chemistry",
        "n": 0
      },
      {
        "itemid": 51782,
        "label": "Bicarbonate, CSF",
        "category": "Chemistry",
        "n": 0
      }
    ]
  },
  "chem_creatinine": {
    "pattern": "creatinine",
    "items": [
      {
        "itemid": 50912,
        "label": "Creatinine",
        "category": "Chemistry",
        "n": 146315
      },
      {
        "itemid": 51082,
        "label": "Creatinine, Urine",
        "category": "Chemistry",
        "n": 3524
      },
      {
        "itemid": 52024,
        "label": "Creatinine, Whole Blood",
        "category": "Blood Gas",
        "n": 713
      },
      {
        "itemid": 51099,
        "label": "Protein/Creatinine Ratio",
        "category": "Chemistry",
        "n": 469
      },
      {
        "itemid": 51052,
        "label": "Creatinine, Pleural",
        "category": "Chemistry",
        "n": 112
      },
      {
        "itemid": 51070,
        "label": "Albumin/Creatinine, Urine",
        "category": "Chemistry",
        "n": 92
      },
      {
        "itemid": 50841,
        "label": "Creatinine, Ascites",
        "category": "Chemistry",
        "n": 82
      },
      {
        "itemid": 51067,
        "label": "24 hr Creatinine",
        "category": "Chemistry",
        "n": 63
      },
      {
        "itemid": 51032,
        "label": "Creatinine, Body Fluid",
        "category": "Chemistry",
        "n": 17
      },
      {
        "itemid": 51080,
        "label": "Creatinine Clearance",
        "category": "Chemistry",
        "n": 8
      },
      {
        "itemid": 51081,
        "label": "Creatinine, Serum",
        "category": "Chemistry",
        "n": 8
      },
      {
        "itemid": 51106,
        "label": "Urine Creatinine",
        "category": "Chemistry",
        "n": 8
      },
      {
        "itemid": 51073,
        "label": "Amylase/Creatinine Ratio, Urine",
        "category": "Chemistry",
        "n": 2
      },
      {
        "itemid": 51937,
        "label": "Creatinine, Stool",
        "category": "Chemistry",
        "n": 0
      },
      {
        "itemid": 52546,
        "label": "Creatinine",
        "category": "Chemistry",
        "n": 0
      },
      {
        "itemid": 51963,
        "label": "Amylase/Creatinine Clearance",
        "category": "Chemistry",
        "n": 0
      },
      {
        "itemid": 51977,
        "label": "Creatinine, Blood",
        "category": "Chemistry",
        "n": 0
      },
      {
        "itemid": 52000,
        "label": "Urine  Creatinine",
        "category": "Chemistry",
        "n": 0
      },
      {
        "itemid": 51021,
        "label": "Creatinine, Joint Fluid",
        "category": "Chemistry",
        "n": 0
      },
      {
        "itemid": 51787,
        "label": "Creatinine, CSF",
        "category": "Chemistry",
        "n": 0
      }
    ]
  },
  "chem_sodium": {
    "pattern": "\\bsodium\\b",
    "items": [
      {
        "itemid": 50983,
        "label": "Sodium",
        "category": "Chemistry",
        "n": 150977
      },
      {
        "itemid": 50824,
        "label": "Sodium, Whole Blood",
        "category": "Blood Gas",
        "n": 8328
      },
      {
        "itemid": 51100,
        "label": "Sodium, Urine",
        "category": "Chemistry",
        "n": 3886
      },
      {
        "itemid": 51065,
        "label": "Sodium, Stool",
        "category": "Chemistry",
        "n": 5
      },
      {
        "itemid": 51042,
        "label": "Sodium, Body Fluid",
        "category": "Chemistry",
        "n": 2
      },
      {
        "itemid": 52455,
        "label": "Sodium, Whole Blood",
        "category": "Blood Gas",
        "n": 0
      },
      {
        "itemid": 52047,
        "label": "Sodium, Urine",
        "category": "Blood Gas",
        "n": 0
      },
      {
        "itemid": 50834,
        "label": "Sodium, Body Fluid",
        "category": "Blood Gas",
        "n": 0
      },
      {
        "itemid": 52623,
        "label": "Sodium",
        "category": "Chemistry",
        "n": 0
      },
      {
        "itemid": 50848,
        "label": "Sodium, Ascites",
        "category": "Chemistry",
        "n": 0
      },
      {
        "itemid": 51058,
        "label": "Sodium, Pleural",
        "category": "Chemistry",
        "n": 0
      },
      {
        "itemid": 51823,
        "label": "Sodium, Joint Fluid",
        "category": "Chemistry",
        "n": 0
      },
      {
        "itemid": 51801,
        "label": "Sodium, CSF",
        "category": "Chemistry",
        "n": 0
      }
    ]
  },
  "chem_chloride": {
    "pattern": "\\bchloride\\b",
    "items": [
      {
        "itemid": 50902,
        "label": "Chloride",
        "category": "Chemistry",
        "n": 149396
      },
      {
        "itemid": 50806,
        "label": "Chloride, Whole Blood",
        "category": "Blood Gas",
        "n": 4964
      },
      {
        "itemid": 51078,
        "label": "Chloride, Urine",
        "category": "Chemistry",
        "n": 2004
      },
      {
        "itemid": 51062,
        "label": "Chloride, Stool",
        "category": "Chemistry",
        "n": 3
      },
      {
        "itemid": 51030,
        "label": "Chloride, Body Fluid",
        "category": "Chemistry",
        "n": 2
      },
      {
        "itemid": 52434,
        "label": "Chloride, Whole Blood",
        "category": "Blood Gas",
        "n": 0
      },
      {
        "itemid": 52535,
        "label": "Chloride",
        "category": "Chemistry",
        "n": 0
      },
      {
        "itemid": 50839,
        "label": "Chloride, Ascites",
        "category": "Chemistry",
        "n": 0
      },
      {
        "itemid": 51050,
        "label": "Chloride, Pleural",
        "category": "Chemistry",
        "n": 0
      },
      {
        "itemid": 51813,
        "label": "Chloride, Joint Fluid",
        "category": "Chemistry",
        "n": 0
      },
      {
        "itemid": 51784,
        "label": "Chloride, CSF",
        "category": "Chemistry",
        "n": 0
      }
    ]
  },
  "chem_total_co2": {
    "pattern": "carbon dioxide|total co2|\\bco2\\b",
    "items": [
      {
        "itemid": 50804,
        "label": "Calculated Total CO2",
        "category": "Blood Gas",
        "n": 100699
      },
      {
        "itemid": 51739,
        "label": "Total CO2",
        "category": "Chemistry",
        "n": 0
      }
    ]
  },
  "cbc_hemoglobin": {
    "pattern": "hemoglobin",
    "items": [
      {
        "itemid": 51222,
        "label": "Hemoglobin",
        "category": "Hematology",
        "n": 125403
      },
      {
        "itemid": 51224,
        "label": "Hemoglobin C",
        "category": "Hematology",
        "n": 17
      },
      {
        "itemid": 51223,
        "label": "Hemoglobin A2",
        "category": "Hematology",
        "n": 16
      },
      {
        "itemid": 51225,
        "label": "Hemoglobin F",
        "category": "Hematology",
        "n": 16
      },
      {
        "itemid": 51212,
        "label": "Fetal Hemoglobin",
        "category": "Hematology",
        "n": 1
      },
      {
        "itemid": 51285,
        "label": "Reticulocyte, Cellular Hemoglobin",
        "category": "Hematology",
        "n": 0
      },
      {
        "itemid": 52128,
        "label": "Hemoglobin H Inclusion",
        "category": "Hematology",
        "n": 0
      },
      {
        "itemid": 52129,
        "label": "Hemoglobin Other",
        "category": "Hematology",
        "n": 0
      },
      {
        "itemid": 52144,
        "label": "Methemoglobin",
        "category": "Hematology",
        "n": 0
      },
      {
        "itemid": 52157,
        "label": "Plasma Hemoglobin",
        "category": "Hematology",
        "n": 0
      }
    ]
  }
}