{
  "ed_spine_rows": 7166,
  "ed_rows": 7166,
  "ed_unique": 7166,
  "hadm_rows": 9406,
  "hadm_cc_rows": 7152,
  "icu_link_rate": 0.7933296120569355,
  "pct_any_gas_0_6h": 0.504605079542283,
  "pct_any_gas_0_24h": 0.9832542562098799,
  "pco2_threshold_0_24h_n": 6256,
  "pco2_threshold_0_24h_rate": 0.8730114429249233,
  "max_pco2_0_24h_lt_qualifying_n": 0,
  "max_pco2_0_6h_lt_qualifying_n": 0,
  "enrolled_any_n": 7166,
  "enrolled_any_rate": 1.0,
  "enrollment_route_counts": {
    "GAS_ONLY": 5179,
    "ICD+GAS": 1077,
    "ICD_ONLY": 910
  },
  "gas_source_other_rate": 0.6051565953950586,
  "gas_source_unknown_rate": 0.6051565953950586,
  "hadm_other_rate_0_24h": 0.08668903803131991,
  "gas_source_other_rate_warn_threshold": 0.5,
  "gas_source_other_rate_fail_threshold": null,
  "source_unknown_rate": 0.6051565953950586,
  "gas_source_audit": {
    "panel_rows": 51119,
    "source_present": true,
    "source_counts": {
      "unknown": 30935,
      "arterial": 12424,
      "venous": 7760
    },
    "source_rates": {
      "unknown": 0.6051565953950586,
      "arterial": 0.24304074805845186,
      "venous": 0.15180265654648956
    },
    "all_other_or_unknown": false,
    "tier_counts": {
      "fallback_unknown": 30935,
      "specimen_text": 20184
    },
    "tier_rates": {
      "fallback_unknown": 0.6051565953950586,
      "specimen_text": 0.3948434046049414
    },
    "mode": "specimen_only",
    "resolved_rows": 20184,
    "resolved_rate": 0.3948434046049414,
    "unresolved_specimen_id_count": 30904,
    "unresolved_specimen_id_examples": [
      1068183,
      2752210,
      12826971,
      39367736,
      45465398,
      54325826,
      95145860,
      97178600,
      18027495,
      29753913,
      39459350,
      75616262,
      63486270,
      94071711,
      4345288,
      7737845,
      10503009,
      17704428,
      20476643,
      20641624
    ],
    "heuristic_reference": {
      "panel_rows": 51119,
      "source_present": true,
      "source_counts": {
        "arterial": 21505,
        "venous": 16050,
        "unknown": 13564
      },
      "source_rates": {
        "arterial": 0.42068506817426005,
        "venous": 0.3139732780375203,
        "unknown": 0.26534165378821967
      },
      "all_other_or_unknown": false,
      "tier_counts": {
        "specimen_text": 20184,
        "cluster_inheritance": 17371,
        "fallback_unknown": 13564
      },
      "tier_rates": {
        "specimen_text": 0.3948434046049414,
        "cluster_inheritance": 0.33981494160683895,
        "fallback_unknown": 0.26534165378821967
      },
      "mode": "metadata_only",
      "resolved_rows": 37555,
      "resolved_rate": 0.7346583462117804,
      "unresolved_specimen_id_count": 13549,
      "unresolved_specimen_id_examples": [
        1068183,
        2752210,
        12826971,
        39367736,
        45465398,
        54325826,
        95145860,
        97178600,
        18027495,
        29753913,
        39459350,
        75616262,
        63486270,
        94071711,
        16057045,
        25566767,
        27065657,
        59804837,
        84206263,
        85376158
      ],
      "unresolved_value_text_top": {
        "___": 3254,
        "0.9": 544,
        "0.8": 539,
        "25": 514,
        "0.7": 507,
        "24": 500,
        "26": 487,
        "1.0": 476,
        "27": 456,
        "139": 451,
        "23": 443,
        "138": 442,
        "141": 428,
        "22": 415,
        "1.1": 414
      },
      "unresolved_label_top": {
        "Sodium | Blood": 6004,
        "Chloride | Blood": 5949,
        "Creatinine | Blood": 5878,
        "Bicarbonate | Blood": 5790,
        "Hemoglobin | Blood": 5217,
        "Lactate | Blood": 1437,
        "pH | Blood": 650,
        "pO2 | Blood": 592,
        "pCO2 | Blood": 591,
        "Calculated Total CO2 | Blood": 591,
        "Sodium, Urine | Urine": 448,
        "Creatinine, Urine | Urine": 407,
        "Specimen Type | Blood": 386,
        "Chloride, Urine | Urine": 262,
        "Sodium, Whole Blood | Blood": 228
      }
    },
    "panel_unknown_rate": 0.6051565953950586,
    "hadm_other_rate_0_24h": 0.08668903803131991,
    "hadm_other_rate_0_24h_numerator": 620,
    "hadm_other_rate_0_24h_denominator": 7152,
    "baseline_other_rate": 0.08668903803131991,
    "baseline_path": "/Users/blocke/Box Sync/Residency Personal Files/Scholarly Work/Locke Research Projects/Hypercap-CC-NLP/MIMIC tabular data/prior runs/2026-02-23 gas_source_audit.json",
    "baseline_mode_mismatch_path": null,
    "relative_reduction_vs_baseline": 0.0,
    "relative_reduction_target": 0.0,
    "hadm_other_rate_0_24h_delta_vs_baseline": 0.0
  },
  "gas_source_overlap_summary": [
    {
      "gas_overlap": "VBG",
      "count": 2516,
      "percent": 35.11
    },
    {
      "gas_overlap": "ABG",
      "count": 2467,
      "percent": 34.43
    },
    {
      "gas_overlap": "NO_GAS",
      "count": 910,
      "percent": 12.7
    },
    {
      "gas_overlap": "ABG+VBG",
      "count": 875,
      "percent": 12.21
    },
    {
      "gas_overlap": "OTHER",
      "count": 159,
      "percent": 2.22
    },
    {
      "gas_overlap": "ABG+OTHER",
      "count": 119,
      "percent": 1.66
    },
    {
      "gas_overlap": "VBG+OTHER",
      "count": 64,
      "percent": 0.89
    },
    {
      "gas_overlap": "ABG+VBG+OTHER",
      "count": 56,
      "percent": 0.78
    }
  ],
  "blood_gas_manifest": {
    "version": "2026-02-20.1",
    "path": "/Users/blocke/Box Sync/Residency Personal Files/Scholarly Work/Locke Research Projects/Hypercap-CC-NLP/specs/blood_gas_itemids.json"
  },
  "blood_gas_itemid_manifest_audit": [
    {
      "source_branch": "LAB",
      "analyte": "gas_pco2",
      "itemid": 50818,
      "label": "pCO2",
      "category": "Blood Gas",
      "fluid": "Blood",
      "cohort_row_count": 100692,
      "manifest_version": "2026-02-20.1",
      "present_in_dictionary": 1
    },
    {
      "source_branch": "LAB",
      "analyte": "gas_po2",
      "itemid": 50821,
      "label": "pO2",
      "category": "Blood Gas",
      "fluid": "Blood",
      "cohort_row_count": 100741,
      "manifest_version": "2026-02-20.1",
      "present_in_dictionary": 1
    },
    {
      "source_branch": "LAB",
      "analyte": "gas_ph",
      "itemid": 50820,
      "label": "pH",
      "category": "Blood Gas",
      "fluid": "Blood",
      "cohort_row_count": 104132,
      "manifest_version": "2026-02-20.1",
      "present_in_dictionary": 1
    },
    {
      "source_branch": "LAB",
      "analyte": "gas_hco3",
      "itemid": 50803,
      "label": "Calculated Bicarbonate, Whole Blood",
      "category": "Blood Gas",
      "fluid": "Blood",
      "cohort_row_count": 851,
      "manifest_version": "2026-02-20.1",
      "present_in_dictionary": 1
    },
    {
      "source_branch": "LAB",
      "analyte": "gas_specimen",
      "itemid": 52033,
      "label": "Specimen Type",
      "category": "Blood Gas",
      "fluid": "Blood",
      "cohort_row_count": 109616,
      "manifest_version": "2026-02-20.1",
      "present_in_dictionary": 1
    },
    {
      "source_branch": "ICU",
      "analyte": "pco2",
      "itemid": 220235,
      "label": "Arterial CO2 Pressure",
      "category": "Labs",
      "fluid": null,
      "cohort_row_count": 12037,
      "manifest_version": "2026-02-20.1",
      "present_in_dictionary": 1
    },
    {
      "source_branch": "ICU",
      "analyte": "pco2",
      "itemid": 226062,
      "label": "Venous CO2 Pressure",
      "category": "Labs",
      "fluid": null,
      "cohort_row_count": 5454,
      "manifest_version": "2026-02-20.1",
      "present_in_dictionary": 1
    },
    {
      "source_branch": "ICU",
      "analyte": "po2",
      "itemid": 220224,
      "label": "Arterial O2 pressure",
      "category": "Labs",
      "fluid": null,
      "cohort_row_count": 12036,
      "manifest_version": "2026-02-20.1",
      "present_in_dictionary": 1
    },
    {
      "source_branch": "ICU",
      "analyte": "po2",
      "itemid": 226063,
      "label": "Venous O2 Pressure",
      "category": "Labs",
      "fluid": null,
      "cohort_row_count": 5458,
      "manifest_version": "2026-02-20.1",
      "present_in_dictionary": 1
    },
    {
      "source_branch": "ICU",
      "analyte": "ph",
      "itemid": 220274,
      "label": "PH (Venous)",
      "category": "Labs",
      "fluid": null,
      "cohort_row_count": 5677,
      "manifest_version": "2026-02-20.1",
      "present_in_dictionary": 1
    },
    {
      "source_branch": "ICU",
      "analyte": "ph",
      "itemid": 223830,
      "label": "PH (Arterial)",
      "category": "Labs",
      "fluid": null,
      "cohort_row_count": 12129,
      "manifest_version": "2026-02-20.1",
      "present_in_dictionary": 1
    }
  ],
  "pco2_source_distribution_audit": [
    {
      "scope": "ALL_CANDIDATE_PCO2_LAB_POC",
      "source_branch": "LAB",
      "source": "arterial",
      "n": 12264,
      "median": 45.0,
      "p95": 76.0,
      "max": 188.0,
      "pct_ge_50": 0.3119699935
    },
    {
      "scope": "ALL_CANDIDATE_PCO2_LAB_POC",
      "source_branch": "LAB",
      "source": "unknown",
      "n": 770,
      "median": 51.0,
      "p95": 79.0,
      "max": 140.0,
      "pct_ge_50": 0.5753246753
    },
    {
      "scope": "ALL_CANDIDATE_PCO2_LAB_POC",
      "source_branch": "LAB",
      "source": "venous",
      "n": 6916,
      "median": 53.0,
      "p95": 86.0,
      "max": 233.0,
      "pct_ge_50": 0.6862348178
    },
    {
      "scope": "ALL_CANDIDATE_PCO2_LAB_POC",
      "source_branch": "POC",
      "source": "arterial",
      "n": 4097,
      "median": 48.0,
      "p95": 84.0,
      "max": 181.0,
      "pct_ge_50": 0.4556992922
    },
    {
      "scope": "ALL_CANDIDATE_PCO2_LAB_POC",
      "source_branch": "POC",
      "source": "venous",
      "n": 3562,
      "median": 54.0,
      "p95": 88.0,
      "max": 189.0,
      "pct_ge_50": 0.709713644
    }
  ],
  "pco2_source_distribution_scope": "ALL_CANDIDATE_PCO2_LAB_POC",
  "pco2_window_max_contributor_audit": [
    {
      "window": "0_6h",
      "source_branch": "LAB",
      "max_value_rows": 3162,
      "source_branch_rows": 2375,
      "source_branch_rate": 0.7511068944
    },
    {
      "window": "0_6h",
      "source_branch": "POC",
      "max_value_rows": 3162,
      "source_branch_rows": 787,
      "source_branch_rate": 0.2488931056
    },
    {
      "window": "0_24h",
      "source_branch": "LAB",
      "max_value_rows": 6256,
      "source_branch_rows": 5646,
      "source_branch_rate": 0.9024936061
    },
    {
      "window": "0_24h",
      "source_branch": "POC",
      "max_value_rows": 6256,
      "source_branch_rows": 610,
      "source_branch_rate": 0.0975063939
    }
  ],
  "blood_gas_triplet_completeness_audit": [
    {
      "scope_frame": "final_cc_preview",
      "source_branch": "LAB",
      "site": "arterial",
      "pco2_n": 4533,
      "ph_present_n": 4533,
      "po2_present_n": 4531,
      "ph_po2_present_n": 4531,
      "ph_present_rate_given_pco2": 1.0,
      "po2_present_rate_given_pco2": 0.9995587911,
      "triplet_present_rate_given_pco2": 0.9995587911
    },
    {
      "scope_frame": "final_cc_preview",
      "source_branch": "LAB",
      "site": "venous",
      "pco2_n": 4729,
      "ph_present_n": 4728,
      "po2_present_n": 4729,
      "ph_po2_present_n": 4728,
      "ph_present_rate_given_pco2": 0.9997885388,
      "po2_present_rate_given_pco2": 1.0,
      "triplet_present_rate_given_pco2": 0.9997885388
    },
    {
      "scope_frame": "final_cc_preview",
      "source_branch": "LAB",
      "site": "unknown",
      "pco2_n": 1326,
      "ph_present_n": 1325,
      "po2_present_n": 1325,
      "ph_po2_present_n": 1324,
      "ph_present_rate_given_pco2": 0.9992458522,
      "po2_present_rate_given_pco2": 0.9992458522,
      "triplet_present_rate_given_pco2": 0.9984917044
    },
    {
      "scope_frame": "final_cc_preview",
      "source_branch": "POC",
      "site": "arterial",
      "pco2_n": 4097,
      "ph_present_n": 4097,
      "po2_present_n": 4095,
      "ph_po2_present_n": 4095,
      "ph_present_rate_given_pco2": 1.0,
      "po2_present_rate_given_pco2": 0.9995118379,
      "triplet_present_rate_given_pco2": 0.9995118379
    },
    {
      "scope_frame": "final_cc_preview",
      "source_branch": "POC",
      "site": "venous",
      "pco2_n": 3562,
      "ph_present_n": 3562,
      "po2_present_n": 3562,
      "ph_po2_present_n": 3562,
      "ph_present_rate_given_pco2": 1.0,
      "po2_present_rate_given_pco2": 1.0,
      "triplet_present_rate_given_pco2": 1.0
    },
    {
      "scope_frame": "final_cc_preview",
      "source_branch": "POC",
      "site": "unknown",
      "pco2_n": 0,
      "ph_present_n": 0,
      "po2_present_n": 0,
      "ph_po2_present_n": 0,
      "ph_present_rate_given_pco2": 0.0,
      "po2_present_rate_given_pco2": 0.0,
      "triplet_present_rate_given_pco2": 0.0
    }
  ],
  "qualifying_pco2_distribution_by_type_audit": [
    {
      "metric": "first_abg_hypercap_pco2_mmhg",
      "n": 3517,
      "median": 51.0,
      "p5": 45.0,
      "p95": 85.0,
      "min": 45.0,
      "max": 188.0
    },
    {
      "metric": "first_vbg_hypercap_pco2_mmhg",
      "n": 3511,
      "median": 56.0,
      "p5": 50.0,
      "p95": 89.0,
      "min": 50.0,
      "max": 189.0
    },
    {
      "metric": "first_other_hypercap_pco2_mmhg",
      "n": 398,
      "median": 56.0,
      "p5": 50.0,
      "p95": 87.15,
      "min": 50.0,
      "max": 140.0
    },
    {
      "metric": "qualifying_pco2_mmhg",
      "n": 6256,
      "median": 54.0,
      "p5": 45.0,
      "p95": 86.0,
      "min": 45.0,
      "max": 189.0
    }
  ],
  "other_route_quarantine_audit": [
    {
      "poc_other_candidate_n": 0,
      "poc_other_ge50_n": 0,
      "poc_other_ge50_rate": 0.0,
      "poc_unknown_hadm_n": 0,
      "unknown_hypercap_threshold_hadm_n": 398,
      "unknown_from_poc_detail_hadm_n": 0,
      "poc_hypercap_0_24h_edstay_n": 0,
      "poc_hypercap_0_24h_edstay_rate": 0.0
    }
  ],
  "first_gas_anchor_audit": [
    {
      "row_count": 7166,
      "first_gas_time_nonnull_n": 6256,
      "first_gas_anchor_has_pco2_n": 6256,
      "first_gas_anchor_source_validated_n": 6256,
      "first_gas_without_pco2_anchor_n": 0
    }
  ],
  "pco2_itemid_qc_audit": [
    {
      "itemid": 220235,
      "label": "Arterial CO2 Pressure",
      "category": "Labs",
      "source_branch": "POC",
      "sample_type_hint": "ABG",
      "row_count": 12037,
      "non_null_count": 12035,
      "raw_non_null_count": 12037,
      "clean_non_null_count": 12035,
      "units_observed": "mmhg",
      "p50_mmhg": 45.0,
      "p95_mmhg": 75.0,
      "max_mmhg": 181.0,
      "raw_p50_mmhg": 45.0,
      "raw_p95_mmhg": 75.0,
      "raw_max_mmhg": 181.0,
      "clean_p50_mmhg": 45.0,
      "clean_p95_mmhg": 75.0,
      "clean_max_mmhg": 181.0,
      "out_of_range_removed_n": 2,
      "sentinel_extreme_n": 0,
      "sentinel_removed_n": 0,
      "label_include_ok": true,
      "label_exclude_hit": false,
      "unit_ok": true,
      "median_in_expected_range": true,
      "contamination_flag": true,
      "manifest_whitelisted": 1
    },
    {
      "itemid": 226062,
      "label": "Venous CO2 Pressure",
      "category": "Labs",
      "source_branch": "POC",
      "sample_type_hint": "VBG",
      "row_count": 5454,
      "non_null_count": 5452,
      "raw_non_null_count": 5454,
      "clean_non_null_count": 5452,
      "units_observed": "mmhg",
      "p50_mmhg": 53.0,
      "p95_mmhg": 88.0,
      "max_mmhg": 189.0,
      "raw_p50_mmhg": 53.0,
      "raw_p95_mmhg": 88.0,
      "raw_max_mmhg": 999998.0,
      "clean_p50_mmhg": 53.0,
      "clean_p95_mmhg": 88.0,
      "clean_max_mmhg": 189.0,
      "out_of_range_removed_n": 2,
      "sentinel_extreme_n": 1,
      "sentinel_removed_n": 1,
      "label_include_ok": true,
      "label_exclude_hit": false,
      "unit_ok": true,
      "median_in_expected_range": true,
      "contamination_flag": true,
      "manifest_whitelisted": 1
    }
  ],
  "pco2_itemid_qc_sentinel_itemids_n": 1,
  "pco2_itemid_qc_sentinel_removed_total_n": 1,
  "pco2_itemid_qc_out_of_range_removed_total_n": 4,
  "hco3_itemid_qc_audit": [],
  "poc_itemid_qc_passed": false,
  "poc_itemid_qc_reason": "validated_itemids_failed_qc",
  "poc_hypercap_0_24h_edstay_n": 0,
  "poc_hypercap_0_24h_edstay_rate": 0.0,
  "qualifying_source_branch_counts": {
    "LAB": 5392,
    "POC": 864
  },
  "omr_diagnostics": {
    "window_days": 365,
    "source_rows_prepared": 4908307,
    "parsed_value_rows": 4908301,
    "ed_rows": 7166,
    "ed_rows_eligible_for_join": 7166,
    "subject_overlap_count": 3919,
    "candidate_rows_after_subject_join": 134240,
    "days_before_min": -4034,
    "days_before_max": 4721,
    "nonnegative_candidate_rows": 91549,
    "pre_window_candidate_rows": 23777,
    "post_window_candidate_rows": 19595,
    "closest_absolute_candidate_rows": 43372,
    "within_window_candidate_rows": 23777,
    "eligible_ed_stays_with_candidates": 4869,
    "attached_non_null_counts": {
      "bmi_closest_pre_ed": 4525,
      "height_closest_pre_ed": 3737,
      "weight_closest_pre_ed": 4858
    },
    "attached_any_non_null_rows": 4869,
    "selected_tier_counts": {
      "pre_ed_365": 3651,
      "post_ed_365": 1218,
      "missing": 2297
    },
    "selected_tier_rates": {
      "pre_ed_365": 0.5094892548144013,
      "post_ed_365": 0.16996929946971812,
      "missing": 0.32054144571588056
    },
    "timing_uncertain_count": 1218,
    "anthro_source_counts": {
      "HOSPITAL": 4869,
      "missing": 2297
    },
    "source_rows_raw": 4908307,
    "prepared_rows": 4908307
  },
  "omr_window_diagnostics": {
    "subject_overlap_count": 3919,
    "pre_window_candidate_rows": 23777,
    "post_window_candidate_rows": 19595,
    "closest_absolute_candidate_rows": 43372,
    "within_window_candidate_rows": 23777,
    "attached_total_non_null_values": 13120,
    "selected_tier_counts": {
      "pre_ed_365": 3651,
      "post_ed_365": 1218,
      "missing": 2297
    },
    "selected_tier_rates": {
      "pre_ed_365": 0.5094892548144013,
      "post_ed_365": 0.16996929946971812,
      "missing": 0.32054144571588056
    }
  },
  "anthro_timing_tier_counts": {
    "pre_ed_365": 3651,
    "post_ed_365": 1218,
    "missing": 2297
  },
  "anthro_timing_tier_rates": {
    "pre_ed_365": 0.5094892548144013,
    "post_ed_365": 0.16996929946971812,
    "missing": 0.32054144571588056
  },
  "anthro_coverage_audit": {
    "row_count": 7166,
    "field_nonnull_counts": {
      "bmi_closest_pre_ed": 6213,
      "height_closest_pre_ed": 6227,
      "weight_closest_pre_ed": 7074
    },
    "field_nonnull_rates": {
      "bmi_closest_pre_ed": 0.8670108847334635,
      "height_closest_pre_ed": 0.8689645548423109,
      "weight_closest_pre_ed": 0.9871615964275746
    },
    "unit_nonnull_counts": {
      "bmi_closest_pre_ed_uom": 6307,
      "height_closest_pre_ed_uom": 6343,
      "weight_closest_pre_ed_uom": 7075
    },
    "time_nonnull_counts": {
      "bmi_closest_pre_ed_time": 6307,
      "height_closest_pre_ed_time": 6343,
      "weight_closest_pre_ed_time": 7075
    },
    "source_counts": {
      "HOSPITAL": 4981,
      "ICU": 2095,
      "missing": 90
    },
    "source_rates": {
      "HOSPITAL": 0.6950879151548981,
      "ICU": 0.2923527770025119,
      "missing": 0.012559307842590009
    },
    "timing_basis_counts": {
      "post": 2747,
      "pre": 2234,
      "nearest_anytime": 2095,
      "missing": 90
    },
    "timing_basis_rates": {
      "post": 0.3833379849288306,
      "pre": 0.31174993022606756,
      "nearest_anytime": 0.2923527770025119,
      "missing": 0.012559307842590009
    },
    "omr": {
      "window_days": 365,
      "source_rows_prepared": 4908307,
      "parsed_value_rows": 4908301,
      "ed_rows": 7166,
      "ed_rows_eligible_for_join": 7166,
      "subject_overlap_count": 3919,
      "candidate_rows_after_subject_join": 134240,
      "days_before_min": -4034,
      "days_before_max": 4721,
      "nonnegative_candidate_rows": 91549,
      "pre_window_candidate_rows": 23777,
      "post_window_candidate_rows": 19595,
      "closest_absolute_candidate_rows": 43372,
      "within_window_candidate_rows": 23777,
      "eligible_ed_stays_with_candidates": 4869,
      "attached_non_null_counts": {
        "bmi_closest_pre_ed": 4525,
        "height_closest_pre_ed": 3737,
        "weight_closest_pre_ed": 4858
      },
      "attached_any_non_null_rows": 4869,
      "selected_tier_counts": {
        "pre_ed_365": 3651,
        "post_ed_365": 1218,
        "missing": 2297
      },
      "selected_tier_rates": {
        "pre_ed_365": 0.5094892548144013,
        "post_ed_365": 0.16996929946971812,
        "missing": 0.32054144571588056
      },
      "timing_uncertain_count": 1218,
      "anthro_source_counts": {
        "HOSPITAL": 4869,
        "missing": 2297
      },
      "source_rows_raw": 4908307,
      "prepared_rows": 4908307
    },
    "charted_fallback": {
      "charted_rows_input": 4997563,
      "charted_rows_usable": 4959685,
      "nearest_anytime": true,
      "source_preference": [
        "ED",
        "ICU",
        "HOSPITAL"
      ],
      "selected_counts": {
        "bmi_closest_pre_ed": 4967,
        "height_closest_pre_ed": 6227,
        "weight_closest_pre_ed": 7074
      },
      "rows_with_any_selected_metric": 7076,
      "source_metric_input_counts": {
        "HOSPITAL|bmi": 1930517,
        "HOSPITAL|height": 817323,
        "HOSPITAL|weight": 2160461,
        "ICU|height": 8752,
        "ICU|weight": 80504
      },
      "source_metric_usable_counts": {
        "HOSPITAL|bmi": 1930508,
        "HOSPITAL|height": 814930,
        "HOSPITAL|weight": 2145156,
        "ICU|height": 8748,
        "ICU|weight": 60343
      },
      "unit_conversion_counts": {
        "HOSPITAL|height": 814930,
        "HOSPITAL|weight": 2145156,
        "ICU|height": 4374
      },
      "unsupported_unit_drop_counts": {
        "HOSPITAL|bmi|nonpositive_value": 9,
        "HOSPITAL|height|nonpositive_value": 33,
        "HOSPITAL|height|unknown_unit": 2360,
        "HOSPITAL|weight|nonpositive_value": 197,
        "HOSPITAL|weight|unknown_unit": 15108,
        "ICU|height|nonpositive_value": 4,
        "ICU|weight|nonpositive_value": 64,
        "ICU|weight|unknown_unit": 20097
      },
      "bmi_missing_before_pair_fill": 2199,
      "bmi_pair_within_7d_n": 3948,
      "bmi_pair_outside_7d_n": 2395,
      "bmi_pair_missing_time_n": 0,
      "bmi_pair_gap_hours_quantiles": {
        "p50": 0.0,
        "p95": 12761.316666666648,
        "max": 68652.6
      },
      "subject_overlap_count": 5701,
      "selected_source_counts": {
        "HOSPITAL": 4981,
        "ICU": 2095,
        "missing": 90
      },
      "bmi_recorded_vs_computed_n": 3922,
      "bmi_recorded_vs_computed_abs_diff_gt_5_n": 307,
      "bmi_recorded_vs_computed_abs_diff_gt_7_5_n": 127,
      "bmi_recorded_vs_computed_abs_diff_quantiles": {
        "p50": 0.04480009214529268,
        "p95": 6.08061317135222,
        "max": 107813.02454648526
      },
      "bmi_filled_from_height_weight": 1246,
      "source_input_counts": {
        "HOSPITAL": 4908307,
        "ICU": 89256
      },
      "icu_charted_rows_input": 89256,
      "ed_charted_rows_input": 0,
      "ed_charted": {
        "metadata_query_ok": true,
        "metadata_error": null,
        "triage_candidate_columns": [
          "acuity",
          "chiefcomplaint",
          "dbp",
          "heartrate",
          "o2sat",
          "pain",
          "resprate",
          "sbp",
          "stay_id",
          "subject_id",
          "temperature"
        ],
        "vitalsign_candidate_columns": [
          "charttime",
          "dbp",
          "heartrate",
          "o2sat",
          "pain",
          "resprate",
          "rhythm",
          "sbp",
          "stay_id",
          "subject_id",
          "temperature"
        ],
        "triage_rows_raw": 0,
        "vitalsign_rows_raw": 0,
        "rows_long": 0,
        "result_counts": {}
      },
      "enabled": true
    },
    "cleaning_audit_path": "/Users/blocke/Box Sync/Residency Personal Files/Scholarly Work/Locke Research Projects/Hypercap-CC-NLP/MIMIC tabular data/prior runs/2026-02-26 anthropometric_cleaning_audit.csv"
  },
  "anthropometric_cleaning_audit": [
    {
      "raw_column": "bmi_closest_pre_ed",
      "model_column": "bmi_closest_pre_ed_model",
      "lower_bound_exclusive": 10.0,
      "upper_bound_inclusive": 100.0,
      "raw_non_missing_n": 6213,
      "outlier_n": 34,
      "model_non_missing_n": 6179,
      "abs_diff_gt_5_n": null,
      "abs_diff_gt_7_5_n": null,
      "abs_diff_p50": null,
      "abs_diff_p95": null,
      "abs_diff_max": null
    },
    {
      "raw_column": "height_closest_pre_ed",
      "model_column": "height_closest_pre_ed_model",
      "lower_bound_exclusive": 100.0,
      "upper_bound_inclusive": 230.0,
      "raw_non_missing_n": 6227,
      "outlier_n": 20,
      "model_non_missing_n": 6207,
      "abs_diff_gt_5_n": null,
      "abs_diff_gt_7_5_n": null,
      "abs_diff_p50": null,
      "abs_diff_p95": null,
      "abs_diff_max": null
    },
    {
      "raw_column": "weight_closest_pre_ed",
      "model_column": "weight_closest_pre_ed_model",
      "lower_bound_exclusive": 25.0,
      "upper_bound_inclusive": 400.0,
      "raw_non_missing_n": 7074,
      "outlier_n": 21,
      "model_non_missing_n": 7053,
      "abs_diff_gt_5_n": null,
      "abs_diff_gt_7_5_n": null,
      "abs_diff_p50": null,
      "abs_diff_p95": null,
      "abs_diff_max": null
    },
    {
      "raw_column": "bmi_recorded_vs_computed_consistency",
      "model_column": "bmi_closest_pre_ed_model",
      "lower_bound_exclusive": null,
      "upper_bound_inclusive": null,
      "raw_non_missing_n": 3922,
      "outlier_n": 307,
      "model_non_missing_n": 3922,
      "abs_diff_gt_5_n": 307.0,
      "abs_diff_gt_7_5_n": 127.0,
      "abs_diff_p50": 0.0448000921,
      "abs_diff_p95": 6.0806131714,
      "abs_diff_max": 107813.0245464853
    }
  ],
  "hco3_integrity_audit": [
    {
      "first_hco3_source": "gas_derived",
      "row_count": 6215,
      "null_value_count": 0,
      "nonnull_value_count": 6215,
      "null_value_rate": 0.0,
      "source_value_mismatch_n": 0
    },
    {
      "first_hco3_source": "serum_lab",
      "row_count": 780,
      "null_value_count": 0,
      "nonnull_value_count": 780,
      "null_value_rate": 0.0,
      "source_value_mismatch_n": 0
    },
    {
      "first_hco3_source": "missing",
      "row_count": 131,
      "null_value_count": 131,
      "nonnull_value_count": 0,
      "null_value_rate": 1.0,
      "source_value_mismatch_n": 0
    },
    {
      "first_hco3_source": "gas_measured",
      "row_count": 40,
      "null_value_count": 0,
      "nonnull_value_count": 40,
      "null_value_rate": 0.0,
      "source_value_mismatch_n": 0
    }
  ],
  "hco3_coverage_audit": [
    {
      "scope": "overall",
      "label": "all_rows",
      "row_count": 7166,
      "first_hco3_nonnull_n": 7035,
      "coverage_rate": 0.9817192297
    },
    {
      "scope": "enrollment_route",
      "label": "GAS_ONLY",
      "row_count": 5179,
      "first_hco3_nonnull_n": 5179,
      "coverage_rate": 1.0
    },
    {
      "scope": "enrollment_route",
      "label": "ICD+GAS",
      "row_count": 1077,
      "first_hco3_nonnull_n": 1077,
      "coverage_rate": 1.0
    },
    {
      "scope": "enrollment_route",
      "label": "ICD_ONLY",
      "row_count": 910,
      "first_hco3_nonnull_n": 779,
      "coverage_rate": 0.856043956
    },
    {
      "scope": "qualifying_source_branch",
      "label": "LAB",
      "row_count": 5392,
      "first_hco3_nonnull_n": 5392,
      "coverage_rate": 1.0
    },
    {
      "scope": "qualifying_source_branch",
      "label": "POC",
      "row_count": 864,
      "first_hco3_nonnull_n": 864,
      "coverage_rate": 1.0
    },
    {
      "scope": "qualifying_source_branch",
      "label": "UNKNOWN",
      "row_count": 910,
      "first_hco3_nonnull_n": 779,
      "coverage_rate": 0.856043956
    },
    {
      "scope": "first_hco3_source",
      "label": "gas_derived",
      "row_count": 6215,
      "first_hco3_nonnull_n": 6215,
      "coverage_rate": 1.0
    },
    {
      "scope": "first_hco3_source",
      "label": "gas_measured",
      "row_count": 40,
      "first_hco3_nonnull_n": 40,
      "coverage_rate": 1.0
    },
    {
      "scope": "first_hco3_source",
      "label": "missing",
      "row_count": 131,
      "first_hco3_nonnull_n": 0,
      "coverage_rate": 0.0
    },
    {
      "scope": "first_hco3_source",
      "label": "serum_lab",
      "row_count": 780,
      "first_hco3_nonnull_n": 780,
      "coverage_rate": 1.0
    }
  ],
  "charted_anthro_diagnostics": {
    "charted_rows_input": 4997563,
    "charted_rows_usable": 4959685,
    "nearest_anytime": true,
    "source_preference": [
      "ED",
      "ICU",
      "HOSPITAL"
    ],
    "selected_counts": {
      "bmi_closest_pre_ed": 4967,
      "height_closest_pre_ed": 6227,
      "weight_closest_pre_ed": 7074
    },
    "rows_with_any_selected_metric": 7076,
    "source_metric_input_counts": {
      "HOSPITAL|bmi": 1930517,
      "HOSPITAL|height": 817323,
      "HOSPITAL|weight": 2160461,
      "ICU|height": 8752,
      "ICU|weight": 80504
    },
    "source_metric_usable_counts": {
      "HOSPITAL|bmi": 1930508,
      "HOSPITAL|height": 814930,
      "HOSPITAL|weight": 2145156,
      "ICU|height": 8748,
      "ICU|weight": 60343
    },
    "unit_conversion_counts": {
      "HOSPITAL|height": 814930,
      "HOSPITAL|weight": 2145156,
      "ICU|height": 4374
    },
    "unsupported_unit_drop_counts": {
      "HOSPITAL|bmi|nonpositive_value": 9,
      "HOSPITAL|height|nonpositive_value": 33,
      "HOSPITAL|height|unknown_unit": 2360,
      "HOSPITAL|weight|nonpositive_value": 197,
      "HOSPITAL|weight|unknown_unit": 15108,
      "ICU|height|nonpositive_value": 4,
      "ICU|weight|nonpositive_value": 64,
      "ICU|weight|unknown_unit": 20097
    },
    "bmi_missing_before_pair_fill": 2199,
    "bmi_pair_within_7d_n": 3948,
    "bmi_pair_outside_7d_n": 2395,
    "bmi_pair_missing_time_n": 0,
    "bmi_pair_gap_hours_quantiles": {
      "p50": 0.0,
      "p95": 12761.316666666648,
      "max": 68652.6
    },
    "subject_overlap_count": 5701,
    "selected_source_counts": {
      "HOSPITAL": 4981,
      "ICU": 2095,
      "missing": 90
    },
    "bmi_recorded_vs_computed_n": 3922,
    "bmi_recorded_vs_computed_abs_diff_gt_5_n": 307,
    "bmi_recorded_vs_computed_abs_diff_gt_7_5_n": 127,
    "bmi_recorded_vs_computed_abs_diff_quantiles": {
      "p50": 0.04480009214529268,
      "p95": 6.08061317135222,
      "max": 107813.02454648526
    },
    "bmi_filled_from_height_weight": 1246,
    "source_input_counts": {
      "HOSPITAL": 4908307,
      "ICU": 89256
    },
    "icu_charted_rows_input": 89256,
    "ed_charted_rows_input": 0,
    "ed_charted": {
      "metadata_query_ok": true,
      "metadata_error": null,
      "triage_candidate_columns": [
        "acuity",
        "chiefcomplaint",
        "dbp",
        "heartrate",
        "o2sat",
        "pain",
        "resprate",
        "sbp",
        "stay_id",
        "subject_id",
        "temperature"
      ],
      "vitalsign_candidate_columns": [
        "charttime",
        "dbp",
        "heartrate",
        "o2sat",
        "pain",
        "resprate",
        "rhythm",
        "sbp",
        "stay_id",
        "subject_id",
        "temperature"
      ],
      "triage_rows_raw": 0,
      "vitalsign_rows_raw": 0,
      "rows_long": 0,
      "result_counts": {}
    },
    "enabled": true
  },
  "timing_integrity_audit": [
    {
      "rows_total": 7166,
      "time_integrity_any_n": 29,
      "timing_usable_for_model_n": 7137,
      "hospital_los_negative_n": 18,
      "admittime_before_ed_intime_n": 11,
      "dischtime_before_admittime_n": 18,
      "qualifying_gas_observed_n": 6256,
      "qualifying_gas_missing_n": 910
    }
  ],
  "ventilation_timing_audit": [
    {
      "rows_total": 7166,
      "dt_first_imv_hours_negative_n": 4,
      "dt_first_niv_hours_negative_n": 1,
      "imv_time_outside_window_n": 24,
      "niv_time_outside_window_n": 11,
      "dt_first_imv_hours_model_nonnull_n": 4006,
      "dt_first_niv_hours_model_nonnull_n": 3167
    }
  ],
  "unexpected_full_null_fields": [],
  "expected_structural_null_fields": [],
  "uom_expectation_scope": {
    "frame": "final_cc_preview",
    "row_count": 7152
  },
  "uom_expectation_checks": {
    "expected_structural_null_fields": [],
    "structural_null_checks": {},
    "paco2_uom_checks": {
      "poc_abg_paco2_uom": {
        "present": true,
        "paired_value_column": "poc_abg_paco2",
        "value_rows": 4097,
        "missing_uom_when_value_present": 0,
        "non_mmhg_uom_when_value_present": 0,
        "passes": true
      },
      "poc_vbg_paco2_uom": {
        "present": true,
        "paired_value_column": "poc_vbg_paco2",
        "value_rows": 3562,
        "missing_uom_when_value_present": 0,
        "non_mmhg_uom_when_value_present": 0,
        "passes": true
      },
      "poc_other_paco2_uom": {
        "present": true,
        "paired_value_column": "poc_other_paco2",
        "value_rows": 0,
        "missing_uom_when_value_present": 0,
        "non_mmhg_uom_when_value_present": 0,
        "passes": true
      }
    }
  },
  "first_other_pco2_audit_scope": "uom_scope_df",
  "first_other_pco2_audit": [
    {
      "source": "LAB_BG_UNKNOWN",
      "count_nonnull": 1326,
      "mean": 53.4932126697,
      "median": 52.0,
      "q25": 43.0,
      "q75": 61.0,
      "p95": 81.0,
      "max": 140.0,
      "pct_ge_80": 0.0573152338,
      "pct_ge_100": 0.0113122172,
      "pct_ge_150": 0.0,
      "pct_eq_160": 0.0,
      "top_values": {
        "50.0": 60,
        "55.0": 55,
        "52.0": 50,
        "51.0": 50,
        "44.0": 46,
        "48.0": 41,
        "57.0": 39,
        "53.0": 38,
        "54.0": 38,
        "56.0": 35
      },
      "status": "ok",
      "missing_columns": ""
    }
  ],
  "vitals_outlier_audit": [
    {
      "domain": "vitals",
      "raw_column": "ed_first_dbp",
      "model_column": "ed_first_dbp_model",
      "outlier_flag_column": "ed_first_dbp_outlier_flag",
      "lower_bound": 10.0,
      "upper_bound": 200.0,
      "nonnull_n": 5129,
      "out_of_range_n": 8,
      "out_of_range_pct": 0.0015597582,
      "example_outlier_values": "652; 460; 9; 777; 867"
    },
    {
      "domain": "vitals",
      "raw_column": "ed_first_hr",
      "model_column": "ed_first_hr_model",
      "outlier_flag_column": "ed_first_hr_outlier_flag",
      "lower_bound": 20.0,
      "upper_bound": 250.0,
      "nonnull_n": 5268,
      "out_of_range_n": 0,
      "out_of_range_pct": 0.0,
      "example_outlier_values": ""
    },
    {
      "domain": "vitals",
      "raw_column": "ed_first_o2sat",
      "model_column": "ed_first_o2sat_model",
      "outlier_flag_column": "ed_first_o2sat_outlier_flag",
      "lower_bound": 0.0,
      "upper_bound": 100.0,
      "nonnull_n": 5027,
      "out_of_range_n": 0,
      "out_of_range_pct": 0.0,
      "example_outlier_values": ""
    },
    {
      "domain": "vitals",
      "raw_column": "ed_first_pain",
      "model_column": "ed_first_pain_model",
      "outlier_flag_column": "ed_first_pain_outlier_flag",
      "lower_bound": 0.0,
      "upper_bound": 10.0,
      "nonnull_n": 3805,
      "out_of_range_n": 0,
      "out_of_range_pct": 0.0,
      "example_outlier_values": ""
    },
    {
      "domain": "vitals",
      "raw_column": "ed_first_rr",
      "model_column": "ed_first_rr_model",
      "outlier_flag_column": "ed_first_rr_outlier_flag",
      "lower_bound": 4.0,
      "upper_bound": 80.0,
      "nonnull_n": 5195,
      "out_of_range_n": 0,
      "out_of_range_pct": 0.0,
      "example_outlier_values": ""
    },
    {
      "domain": "vitals",
      "raw_column": "ed_first_sbp",
      "model_column": "ed_first_sbp_model",
      "outlier_flag_column": "ed_first_sbp_outlier_flag",
      "lower_bound": 20.0,
      "upper_bound": 300.0,
      "nonnull_n": 5129,
      "out_of_range_n": 6,
      "out_of_range_pct": 0.0011698187,
      "example_outlier_values": "13; 11; 15; 12; 10"
    },
    {
      "domain": "vitals",
      "raw_column": "ed_first_temp",
      "model_column": "ed_first_temp_model",
      "outlier_flag_column": "ed_first_temp_outlier_flag",
      "lower_bound": 50.0,
      "upper_bound": 120.0,
      "nonnull_n": 3770,
      "out_of_range_n": 0,
      "out_of_range_pct": 0.0,
      "example_outlier_values": ""
    },
    {
      "domain": "vitals",
      "raw_column": "ed_triage_dbp",
      "model_column": "ed_triage_dbp_model",
      "outlier_flag_column": "ed_triage_dbp_outlier_flag",
      "lower_bound": 10.0,
      "upper_bound": 200.0,
      "nonnull_n": 4716,
      "out_of_range_n": 11,
      "out_of_range_pct": 0.0023324852,
      "example_outlier_values": "4.0; 652.0; 460.0; 9.0; 777.0"
    },
    {
      "domain": "vitals",
      "raw_column": "ed_triage_hr",
      "model_column": "ed_triage_hr_model",
      "outlier_flag_column": "ed_triage_hr_outlier_flag",
      "lower_bound": 20.0,
      "upper_bound": 250.0,
      "nonnull_n": 4780,
      "out_of_range_n": 0,
      "out_of_range_pct": 0.0,
      "example_outlier_values": ""
    },
    {
      "domain": "vitals",
      "raw_column": "ed_triage_o2sat",
      "model_column": "ed_triage_o2sat_model",
      "outlier_flag_column": "ed_triage_o2sat_outlier_flag",
      "lower_bound": 0.0,
      "upper_bound": 100.0,
      "nonnull_n": 4711,
      "out_of_range_n": 0,
      "out_of_range_pct": 0.0,
      "example_outlier_values": ""
    },
    {
      "domain": "vitals",
      "raw_column": "ed_triage_pain",
      "model_column": "ed_triage_pain_model",
      "outlier_flag_column": "ed_triage_pain_outlier_flag",
      "lower_bound": 0.0,
      "upper_bound": 10.0,
      "nonnull_n": 4354,
      "out_of_range_n": 360,
      "out_of_range_pct": 0.0826825907,
      "example_outlier_values": "13.0; 30.0; 90.0; 60.0"
    },
    {
      "domain": "vitals",
      "raw_column": "ed_triage_rr",
      "model_column": "ed_triage_rr_model",
      "outlier_flag_column": "ed_triage_rr_outlier_flag",
      "lower_bound": 4.0,
      "upper_bound": 80.0,
      "nonnull_n": 4691,
      "out_of_range_n": 0,
      "out_of_range_pct": 0.0,
      "example_outlier_values": ""
    },
    {
      "domain": "vitals",
      "raw_column": "ed_triage_sbp",
      "model_column": "ed_triage_sbp_model",
      "outlier_flag_column": "ed_triage_sbp_outlier_flag",
      "lower_bound": 20.0,
      "upper_bound": 300.0,
      "nonnull_n": 4749,
      "out_of_range_n": 4,
      "out_of_range_pct": 0.0008422826,
      "example_outlier_values": "12.0; 18.0; 14.0; 13.0"
    },
    {
      "domain": "vitals",
      "raw_column": "ed_triage_temp",
      "model_column": "ed_triage_temp_model",
      "outlier_flag_column": "ed_triage_temp_outlier_flag",
      "lower_bound": 50.0,
      "upper_bound": 120.0,
      "nonnull_n": 4464,
      "out_of_range_n": 0,
      "out_of_range_pct": 0.0,
      "example_outlier_values": ""
    }
  ],
  "ed_vitals_distribution_summary": [
    {
      "vital_name": "triage_temp",
      "raw_column": "ed_triage_temp",
      "clean_column": "ed_triage_temp_f_clean",
      "raw_n_non_missing": 4464,
      "raw_missing_pct": 37.71,
      "raw_min": 28.6,
      "raw_p1": 95.0,
      "raw_median": 98.0,
      "raw_mean": 97.8541227599,
      "raw_p99": 102.137,
      "raw_max": 107.0,
      "clean_n_non_missing": 4464,
      "clean_missing_pct": 37.71,
      "clean_min": 82.0,
      "clean_p1": 95.263,
      "clean_median": 98.0,
      "clean_mean": 98.0871335125,
      "clean_p99": 102.2,
      "clean_max": 107.0,
      "ed_triage_temp_was_celsius_like_count": 17.0,
      "ed_triage_temp_was_celsius_like_pct": 0.0023723137,
      "ed_triage_temp_out_of_range_count": 0.0,
      "ed_triage_temp_out_of_range_pct": 0.0,
      "ed_first_temp_was_celsius_like_count": null,
      "ed_first_temp_was_celsius_like_pct": null,
      "ed_first_temp_out_of_range_count": null,
      "ed_first_temp_out_of_range_pct": null,
      "ed_triage_pain_is_sentinel_13_count": null,
      "ed_triage_pain_is_sentinel_13_pct": null,
      "ed_triage_pain_out_of_range_count": null,
      "ed_triage_pain_out_of_range_pct": null,
      "ed_first_pain_is_sentinel_13_count": null,
      "ed_first_pain_is_sentinel_13_pct": null,
      "ed_first_pain_out_of_range_count": null,
      "ed_first_pain_out_of_range_pct": null,
      "ed_triage_sbp_out_of_range_count": null,
      "ed_triage_sbp_out_of_range_pct": null,
      "ed_triage_dbp_out_of_range_count": null,
      "ed_triage_dbp_out_of_range_pct": null,
      "ed_first_sbp_out_of_range_count": null,
      "ed_first_sbp_out_of_range_pct": null,
      "ed_first_dbp_out_of_range_count": null,
      "ed_first_dbp_out_of_range_pct": null,
      "ed_triage_o2sat_gt_100_count": null,
      "ed_triage_o2sat_gt_100_pct": null,
      "ed_triage_o2sat_out_of_range_count": null,
      "ed_triage_o2sat_out_of_range_pct": null,
      "ed_triage_o2sat_zero_count": null,
      "ed_triage_o2sat_zero_pct": null,
      "ed_first_o2sat_gt_100_count": null,
      "ed_first_o2sat_gt_100_pct": null,
      "ed_first_o2sat_out_of_range_count": null,
      "ed_first_o2sat_out_of_range_pct": null,
      "ed_first_o2sat_zero_count": null,
      "ed_first_o2sat_zero_pct": null
    },
    {
      "vital_name": "first_temp",
      "raw_column": "ed_first_temp",
      "clean_column": "ed_first_temp_f_clean",
      "raw_n_non_missing": 3770,
      "raw_missing_pct": 47.39,
      "raw_min": 28.6,
      "raw_p1": 37.276,
      "raw_median": 98.0,
      "raw_mean": 97.4025676393,
      "raw_p99": 103.0,
      "raw_max": 107.0,
      "clean_n_non_missing": 3770,
      "clean_missing_pct": 47.39,
      "clean_min": 82.0,
      "clean_p1": 95.0,
      "clean_median": 98.0,
      "clean_mean": 98.1572201592,
      "clean_p99": 103.0,
      "clean_max": 107.0,
      "ed_triage_temp_was_celsius_like_count": null,
      "ed_triage_temp_was_celsius_like_pct": null,
      "ed_triage_temp_out_of_range_count": null,
      "ed_triage_temp_out_of_range_pct": null,
      "ed_first_temp_was_celsius_like_count": 47.0,
      "ed_first_temp_was_celsius_like_pct": 0.0065587497,
      "ed_first_temp_out_of_range_count": 0.0,
      "ed_first_temp_out_of_range_pct": 0.0,
      "ed_triage_pain_is_sentinel_13_count": null,
      "ed_triage_pain_is_sentinel_13_pct": null,
      "ed_triage_pain_out_of_range_count": null,
      "ed_triage_pain_out_of_range_pct": null,
      "ed_first_pain_is_sentinel_13_count": null,
      "ed_first_pain_is_sentinel_13_pct": null,
      "ed_first_pain_out_of_range_count": null,
      "ed_first_pain_out_of_range_pct": null,
      "ed_triage_sbp_out_of_range_count": null,
      "ed_triage_sbp_out_of_range_pct": null,
      "ed_triage_dbp_out_of_range_count": null,
      "ed_triage_dbp_out_of_range_pct": null,
      "ed_first_sbp_out_of_range_count": null,
      "ed_first_sbp_out_of_range_pct": null,
      "ed_first_dbp_out_of_range_count": null,
      "ed_first_dbp_out_of_range_pct": null,
      "ed_triage_o2sat_gt_100_count": null,
      "ed_triage_o2sat_gt_100_pct": null,
      "ed_triage_o2sat_out_of_range_count": null,
      "ed_triage_o2sat_out_of_range_pct": null,
      "ed_triage_o2sat_zero_count": null,
      "ed_triage_o2sat_zero_pct": null,
      "ed_first_o2sat_gt_100_count": null,
      "ed_first_o2sat_gt_100_pct": null,
      "ed_first_o2sat_out_of_range_count": null,
      "ed_first_o2sat_out_of_range_pct": null,
      "ed_first_o2sat_zero_count": null,
      "ed_first_o2sat_zero_pct": null
    },
    {
      "vital_name": "triage_pain",
      "raw_column": "ed_triage_pain",
      "clean_column": "ed_triage_pain_clean",
      "raw_n_non_missing": 4354,
      "raw_missing_pct": 39.24,
      "raw_min": 0.0,
      "raw_p1": 0.0,
      "raw_median": 0.0,
      "raw_mean": 3.6596233349,
      "raw_p99": 13.0,
      "raw_max": 90.0,
      "clean_n_non_missing": 3994,
      "clean_missing_pct": 44.26,
      "clean_min": 0.0,
      "clean_p1": 0.0,
      "clean_median": 0.0,
      "clean_mean": 2.7824236355,
      "clean_p99": 10.0,
      "clean_max": 10.0,
      "ed_triage_temp_was_celsius_like_count": null,
      "ed_triage_temp_was_celsius_like_pct": null,
      "ed_triage_temp_out_of_range_count": null,
      "ed_triage_temp_out_of_range_pct": null,
      "ed_first_temp_was_celsius_like_count": null,
      "ed_first_temp_was_celsius_like_pct": null,
      "ed_first_temp_out_of_range_count": null,
      "ed_first_temp_out_of_range_pct": null,
      "ed_triage_pain_is_sentinel_13_count": 357.0,
      "ed_triage_pain_is_sentinel_13_pct": 0.0498185878,
      "ed_triage_pain_out_of_range_count": 3.0,
      "ed_triage_pain_out_of_range_pct": 0.0004186436,
      "ed_first_pain_is_sentinel_13_count": null,
      "ed_first_pain_is_sentinel_13_pct": null,
      "ed_first_pain_out_of_range_count": null,
      "ed_first_pain_out_of_range_pct": null,
      "ed_triage_sbp_out_of_range_count": null,
      "ed_triage_sbp_out_of_range_pct": null,
      "ed_triage_dbp_out_of_range_count": null,
      "ed_triage_dbp_out_of_range_pct": null,
      "ed_first_sbp_out_of_range_count": null,
      "ed_first_sbp_out_of_range_pct": null,
      "ed_first_dbp_out_of_range_count": null,
      "ed_first_dbp_out_of_range_pct": null,
      "ed_triage_o2sat_gt_100_count": null,
      "ed_triage_o2sat_gt_100_pct": null,
      "ed_triage_o2sat_out_of_range_count": null,
      "ed_triage_o2sat_out_of_range_pct": null,
      "ed_triage_o2sat_zero_count": null,
      "ed_triage_o2sat_zero_pct": null,
      "ed_first_o2sat_gt_100_count": null,
      "ed_first_o2sat_gt_100_pct": null,
      "ed_first_o2sat_out_of_range_count": null,
      "ed_first_o2sat_out_of_range_pct": null,
      "ed_first_o2sat_zero_count": null,
      "ed_first_o2sat_zero_pct": null
    },
    {
      "vital_name": "first_pain",
      "raw_column": "ed_first_pain",
      "clean_column": "ed_first_pain_clean",
      "raw_n_non_missing": 3805,
      "raw_missing_pct": 46.9,
      "raw_min": 0.0,
      "raw_p1": 0.0,
      "raw_median": 0.0,
      "raw_mean": 2.455847569,
      "raw_p99": 10.0,
      "raw_max": 10.0,
      "clean_n_non_missing": 3805,
      "clean_missing_pct": 46.9,
      "clean_min": 0.0,
      "clean_p1": 0.0,
      "clean_median": 0.0,
      "clean_mean": 2.455847569,
      "clean_p99": 10.0,
      "clean_max": 10.0,
      "ed_triage_temp_was_celsius_like_count": null,
      "ed_triage_temp_was_celsius_like_pct": null,
      "ed_triage_temp_out_of_range_count": null,
      "ed_triage_temp_out_of_range_pct": null,
      "ed_first_temp_was_celsius_like_count": null,
      "ed_first_temp_was_celsius_like_pct": null,
      "ed_first_temp_out_of_range_count": null,
      "ed_first_temp_out_of_range_pct": null,
      "ed_triage_pain_is_sentinel_13_count": null,
      "ed_triage_pain_is_sentinel_13_pct": null,
      "ed_triage_pain_out_of_range_count": null,
      "ed_triage_pain_out_of_range_pct": null,
      "ed_first_pain_is_sentinel_13_count": 0.0,
      "ed_first_pain_is_sentinel_13_pct": 0.0,
      "ed_first_pain_out_of_range_count": 0.0,
      "ed_first_pain_out_of_range_pct": 0.0,
      "ed_triage_sbp_out_of_range_count": null,
      "ed_triage_sbp_out_of_range_pct": null,
      "ed_triage_dbp_out_of_range_count": null,
      "ed_triage_dbp_out_of_range_pct": null,
      "ed_first_sbp_out_of_range_count": null,
      "ed_first_sbp_out_of_range_pct": null,
      "ed_first_dbp_out_of_range_count": null,
      "ed_first_dbp_out_of_range_pct": null,
      "ed_triage_o2sat_gt_100_count": null,
      "ed_triage_o2sat_gt_100_pct": null,
      "ed_triage_o2sat_out_of_range_count": null,
      "ed_triage_o2sat_out_of_range_pct": null,
      "ed_triage_o2sat_zero_count": null,
      "ed_triage_o2sat_zero_pct": null,
      "ed_first_o2sat_gt_100_count": null,
      "ed_first_o2sat_gt_100_pct": null,
      "ed_first_o2sat_out_of_range_count": null,
      "ed_first_o2sat_out_of_range_pct": null,
      "ed_first_o2sat_zero_count": null,
      "ed_first_o2sat_zero_pct": null
    },
    {
      "vital_name": "triage_sbp",
      "raw_column": "ed_triage_sbp",
      "clean_column": "ed_triage_sbp_clean",
      "raw_n_non_missing": 4749,
      "raw_missing_pct": 33.73,
      "raw_min": 12.0,
      "raw_p1": 72.0,
      "raw_median": 128.0,
      "raw_mean": 130.0341124447,
      "raw_p99": 210.0,
      "raw_max": 248.0,
      "clean_n_non_missing": 4745,
      "clean_missing_pct": 33.78,
      "clean_min": 24.0,
      "clean_p1": 73.0,
      "clean_median": 129.0,
      "clean_mean": 130.1317175975,
      "clean_p99": 210.0,
      "clean_max": 248.0,
      "ed_triage_temp_was_celsius_like_count": null,
      "ed_triage_temp_was_celsius_like_pct": null,
      "ed_triage_temp_out_of_range_count": null,
      "ed_triage_temp_out_of_range_pct": null,
      "ed_first_temp_was_celsius_like_count": null,
      "ed_first_temp_was_celsius_like_pct": null,
      "ed_first_temp_out_of_range_count": null,
      "ed_first_temp_out_of_range_pct": null,
      "ed_triage_pain_is_sentinel_13_count": null,
      "ed_triage_pain_is_sentinel_13_pct": null,
      "ed_triage_pain_out_of_range_count": null,
      "ed_triage_pain_out_of_range_pct": null,
      "ed_first_pain_is_sentinel_13_count": null,
      "ed_first_pain_is_sentinel_13_pct": null,
      "ed_first_pain_out_of_range_count": null,
      "ed_first_pain_out_of_range_pct": null,
      "ed_triage_sbp_out_of_range_count": 4.0,
      "ed_triage_sbp_out_of_range_pct": 0.0005581915,
      "ed_triage_dbp_out_of_range_count": null,
      "ed_triage_dbp_out_of_range_pct": null,
      "ed_first_sbp_out_of_range_count": null,
      "ed_first_sbp_out_of_range_pct": null,
      "ed_first_dbp_out_of_range_count": null,
      "ed_first_dbp_out_of_range_pct": null,
      "ed_triage_o2sat_gt_100_count": null,
      "ed_triage_o2sat_gt_100_pct": null,
      "ed_triage_o2sat_out_of_range_count": null,
      "ed_triage_o2sat_out_of_range_pct": null,
      "ed_triage_o2sat_zero_count": null,
      "ed_triage_o2sat_zero_pct": null,
      "ed_first_o2sat_gt_100_count": null,
      "ed_first_o2sat_gt_100_pct": null,
      "ed_first_o2sat_out_of_range_count": null,
      "ed_first_o2sat_out_of_range_pct": null,
      "ed_first_o2sat_zero_count": null,
      "ed_first_o2sat_zero_pct": null
    },
    {
      "vital_name": "triage_dbp",
      "raw_column": "ed_triage_dbp",
      "clean_column": "ed_triage_dbp_clean",
      "raw_n_non_missing": 4716,
      "raw_missing_pct": 34.19,
      "raw_min": 4.0,
      "raw_p1": 36.0,
      "raw_median": 72.0,
      "raw_mean": 76.0905428329,
      "raw_p99": 125.0,
      "raw_max": 7110.0,
      "clean_n_non_missing": 4705,
      "clean_missing_pct": 34.34,
      "clean_min": 13.0,
      "clean_p1": 36.0,
      "clean_median": 72.0,
      "clean_mean": 73.247183847,
      "clean_p99": 124.0,
      "clean_max": 173.0,
      "ed_triage_temp_was_celsius_like_count": null,
      "ed_triage_temp_was_celsius_like_pct": null,
      "ed_triage_temp_out_of_range_count": null,
      "ed_triage_temp_out_of_range_pct": null,
      "ed_first_temp_was_celsius_like_count": null,
      "ed_first_temp_was_celsius_like_pct": null,
      "ed_first_temp_out_of_range_count": null,
      "ed_first_temp_out_of_range_pct": null,
      "ed_triage_pain_is_sentinel_13_count": null,
      "ed_triage_pain_is_sentinel_13_pct": null,
      "ed_triage_pain_out_of_range_count": null,
      "ed_triage_pain_out_of_range_pct": null,
      "ed_first_pain_is_sentinel_13_count": null,
      "ed_first_pain_is_sentinel_13_pct": null,
      "ed_first_pain_out_of_range_count": null,
      "ed_first_pain_out_of_range_pct": null,
      "ed_triage_sbp_out_of_range_count": null,
      "ed_triage_sbp_out_of_range_pct": null,
      "ed_triage_dbp_out_of_range_count": 11.0,
      "ed_triage_dbp_out_of_range_pct": 0.0015350265,
      "ed_first_sbp_out_of_range_count": null,
      "ed_first_sbp_out_of_range_pct": null,
      "ed_first_dbp_out_of_range_count": null,
      "ed_first_dbp_out_of_range_pct": null,
      "ed_triage_o2sat_gt_100_count": null,
      "ed_triage_o2sat_gt_100_pct": null,
      "ed_triage_o2sat_out_of_range_count": null,
      "ed_triage_o2sat_out_of_range_pct": null,
      "ed_triage_o2sat_zero_count": null,
      "ed_triage_o2sat_zero_pct": null,
      "ed_first_o2sat_gt_100_count": null,
      "ed_first_o2sat_gt_100_pct": null,
      "ed_first_o2sat_out_of_range_count": null,
      "ed_first_o2sat_out_of_range_pct": null,
      "ed_first_o2sat_zero_count": null,
      "ed_first_o2sat_zero_pct": null
    },
    {
      "vital_name": "first_sbp",
      "raw_column": "ed_first_sbp",
      "clean_column": "ed_first_sbp_clean",
      "raw_n_non_missing": 5129,
      "raw_missing_pct": 28.43,
      "raw_min": 10.0,
      "raw_p1": 70.0,
      "raw_median": 127.0,
      "raw_mean": 128.3232598947,
      "raw_p99": 209.72,
      "raw_max": 268.0,
      "clean_n_non_missing": 5123,
      "clean_missing_pct": 28.51,
      "clean_min": 53.0,
      "clean_p1": 71.0,
      "clean_median": 127.0,
      "clean_mean": 128.458130002,
      "clean_p99": 209.78,
      "clean_max": 268.0,
      "ed_triage_temp_was_celsius_like_count": null,
      "ed_triage_temp_was_celsius_like_pct": null,
      "ed_triage_temp_out_of_range_count": null,
      "ed_triage_temp_out_of_range_pct": null,
      "ed_first_temp_was_celsius_like_count": null,
      "ed_first_temp_was_celsius_like_pct": null,
      "ed_first_temp_out_of_range_count": null,
      "ed_first_temp_out_of_range_pct": null,
      "ed_triage_pain_is_sentinel_13_count": null,
      "ed_triage_pain_is_sentinel_13_pct": null,
      "ed_triage_pain_out_of_range_count": null,
      "ed_triage_pain_out_of_range_pct": null,
      "ed_first_pain_is_sentinel_13_count": null,
      "ed_first_pain_is_sentinel_13_pct": null,
      "ed_first_pain_out_of_range_count": null,
      "ed_first_pain_out_of_range_pct": null,
      "ed_triage_sbp_out_of_range_count": null,
      "ed_triage_sbp_out_of_range_pct": null,
      "ed_triage_dbp_out_of_range_count": null,
      "ed_triage_dbp_out_of_range_pct": null,
      "ed_first_sbp_out_of_range_count": 6.0,
      "ed_first_sbp_out_of_range_pct": 0.0008372872,
      "ed_first_dbp_out_of_range_count": null,
      "ed_first_dbp_out_of_range_pct": null,
      "ed_triage_o2sat_gt_100_count": null,
      "ed_triage_o2sat_gt_100_pct": null,
      "ed_triage_o2sat_out_of_range_count": null,
      "ed_triage_o2sat_out_of_range_pct": null,
      "ed_triage_o2sat_zero_count": null,
      "ed_triage_o2sat_zero_pct": null,
      "ed_first_o2sat_gt_100_count": null,
      "ed_first_o2sat_gt_100_pct": null,
      "ed_first_o2sat_out_of_range_count": null,
      "ed_first_o2sat_out_of_range_pct": null,
      "ed_first_o2sat_zero_count": null,
      "ed_first_o2sat_zero_pct": null
    },
    {
      "vital_name": "first_dbp",
      "raw_column": "ed_first_dbp",
      "clean_column": "ed_first_dbp_clean",
      "raw_n_non_missing": 5129,
      "raw_missing_pct": 28.43,
      "raw_min": 7.0,
      "raw_p1": 35.0,
      "raw_median": 71.0,
      "raw_mean": 74.1140573211,
      "raw_p99": 126.72,
      "raw_max": 7110.0,
      "clean_n_non_missing": 5121,
      "clean_missing_pct": 28.54,
      "clean_min": 20.0,
      "clean_p1": 35.0,
      "clean_median": 71.0,
      "clean_mean": 72.2581527045,
      "clean_p99": 124.0,
      "clean_max": 195.0,
      "ed_triage_temp_was_celsius_like_count": null,
      "ed_triage_temp_was_celsius_like_pct": null,
      "ed_triage_temp_out_of_range_count": null,
      "ed_triage_temp_out_of_range_pct": null,
      "ed_first_temp_was_celsius_like_count": null,
      "ed_first_temp_was_celsius_like_pct": null,
      "ed_first_temp_out_of_range_count": null,
      "ed_first_temp_out_of_range_pct": null,
      "ed_triage_pain_is_sentinel_13_count": null,
      "ed_triage_pain_is_sentinel_13_pct": null,
      "ed_triage_pain_out_of_range_count": null,
      "ed_triage_pain_out_of_range_pct": null,
      "ed_first_pain_is_sentinel_13_count": null,
      "ed_first_pain_is_sentinel_13_pct": null,
      "ed_first_pain_out_of_range_count": null,
      "ed_first_pain_out_of_range_pct": null,
      "ed_triage_sbp_out_of_range_count": null,
      "ed_triage_sbp_out_of_range_pct": null,
      "ed_triage_dbp_out_of_range_count": null,
      "ed_triage_dbp_out_of_range_pct": null,
      "ed_first_sbp_out_of_range_count": null,
      "ed_first_sbp_out_of_range_pct": null,
      "ed_first_dbp_out_of_range_count": 8.0,
      "ed_first_dbp_out_of_range_pct": 0.0011163829,
      "ed_triage_o2sat_gt_100_count": null,
      "ed_triage_o2sat_gt_100_pct": null,
      "ed_triage_o2sat_out_of_range_count": null,
      "ed_triage_o2sat_out_of_range_pct": null,
      "ed_triage_o2sat_zero_count": null,
      "ed_triage_o2sat_zero_pct": null,
      "ed_first_o2sat_gt_100_count": null,
      "ed_first_o2sat_gt_100_pct": null,
      "ed_first_o2sat_out_of_range_count": null,
      "ed_first_o2sat_out_of_range_pct": null,
      "ed_first_o2sat_zero_count": null,
      "ed_first_o2sat_zero_pct": null
    },
    {
      "vital_name": "triage_o2sat",
      "raw_column": "ed_triage_o2sat",
      "clean_column": "ed_triage_o2sat_clean",
      "raw_n_non_missing": 4711,
      "raw_missing_pct": 34.26,
      "raw_min": 49.0,
      "raw_p1": 75.0,
      "raw_median": 97.0,
      "raw_mean": 95.7174697516,
      "raw_p99": 100.0,
      "raw_max": 100.0,
      "clean_n_non_missing": 4711,
      "clean_missing_pct": 34.26,
      "clean_min": 49.0,
      "clean_p1": 75.0,
      "clean_median": 97.0,
      "clean_mean": 95.7174697516,
      "clean_p99": 100.0,
      "clean_max": 100.0,
      "ed_triage_temp_was_celsius_like_count": null,
      "ed_triage_temp_was_celsius_like_pct": null,
      "ed_triage_temp_out_of_range_count": null,
      "ed_triage_temp_out_of_range_pct": null,
      "ed_first_temp_was_celsius_like_count": null,
      "ed_first_temp_was_celsius_like_pct": null,
      "ed_first_temp_out_of_range_count": null,
      "ed_first_temp_out_of_range_pct": null,
      "ed_triage_pain_is_sentinel_13_count": null,
      "ed_triage_pain_is_sentinel_13_pct": null,
      "ed_triage_pain_out_of_range_count": null,
      "ed_triage_pain_out_of_range_pct": null,
      "ed_first_pain_is_sentinel_13_count": null,
      "ed_first_pain_is_sentinel_13_pct": null,
      "ed_first_pain_out_of_range_count": null,
      "ed_first_pain_out_of_range_pct": null,
      "ed_triage_sbp_out_of_range_count": null,
      "ed_triage_sbp_out_of_range_pct": null,
      "ed_triage_dbp_out_of_range_count": null,
      "ed_triage_dbp_out_of_range_pct": null,
      "ed_first_sbp_out_of_range_count": null,
      "ed_first_sbp_out_of_range_pct": null,
      "ed_first_dbp_out_of_range_count": null,
      "ed_first_dbp_out_of_range_pct": null,
      "ed_triage_o2sat_gt_100_count": 0.0,
      "ed_triage_o2sat_gt_100_pct": 0.0,
      "ed_triage_o2sat_out_of_range_count": 0.0,
      "ed_triage_o2sat_out_of_range_pct": 0.0,
      "ed_triage_o2sat_zero_count": 0.0,
      "ed_triage_o2sat_zero_pct": 0.0,
      "ed_first_o2sat_gt_100_count": null,
      "ed_first_o2sat_gt_100_pct": null,
      "ed_first_o2sat_out_of_range_count": null,
      "ed_first_o2sat_out_of_range_pct": null,
      "ed_first_o2sat_zero_count": null,
      "ed_first_o2sat_zero_pct": null
    },
    {
      "vital_name": "first_o2sat",
      "raw_column": "ed_first_o2sat",
      "clean_column": "ed_first_o2sat_clean",
      "raw_n_non_missing": 5027,
      "raw_missing_pct": 29.85,
      "raw_min": 10.0,
      "raw_p1": 75.0,
      "raw_median": 97.0,
      "raw_mean": 95.8458325045,
      "raw_p99": 100.0,
      "raw_max": 100.0,
      "clean_n_non_missing": 5027,
      "clean_missing_pct": 29.85,
      "clean_min": 10.0,
      "clean_p1": 75.0,
      "clean_median": 97.0,
      "clean_mean": 95.8458325045,
      "clean_p99": 100.0,
      "clean_max": 100.0,
      "ed_triage_temp_was_celsius_like_count": null,
      "ed_triage_temp_was_celsius_like_pct": null,
      "ed_triage_temp_out_of_range_count": null,
      "ed_triage_temp_out_of_range_pct": null,
      "ed_first_temp_was_celsius_like_count": null,
      "ed_first_temp_was_celsius_like_pct": null,
      "ed_first_temp_out_of_range_count": null,
      "ed_first_temp_out_of_range_pct": null,
      "ed_triage_pain_is_sentinel_13_count": null,
      "ed_triage_pain_is_sentinel_13_pct": null,
      "ed_triage_pain_out_of_range_count": null,
      "ed_triage_pain_out_of_range_pct": null,
      "ed_first_pain_is_sentinel_13_count": null,
      "ed_first_pain_is_sentinel_13_pct": null,
      "ed_first_pain_out_of_range_count": null,
      "ed_first_pain_out_of_range_pct": null,
      "ed_triage_sbp_out_of_range_count": null,
      "ed_triage_sbp_out_of_range_pct": null,
      "ed_triage_dbp_out_of_range_count": null,
      "ed_triage_dbp_out_of_range_pct": null,
      "ed_first_sbp_out_of_range_count": null,
      "ed_first_sbp_out_of_range_pct": null,
      "ed_first_dbp_out_of_range_count": null,
      "ed_first_dbp_out_of_range_pct": null,
      "ed_triage_o2sat_gt_100_count": null,
      "ed_triage_o2sat_gt_100_pct": null,
      "ed_triage_o2sat_out_of_range_count": null,
      "ed_triage_o2sat_out_of_range_pct": null,
      "ed_triage_o2sat_zero_count": null,
      "ed_triage_o2sat_zero_pct": null,
      "ed_first_o2sat_gt_100_count": 0.0,
      "ed_first_o2sat_gt_100_pct": 0.0,
      "ed_first_o2sat_out_of_range_count": 0.0,
      "ed_first_o2sat_out_of_range_pct": 0.0,
      "ed_first_o2sat_zero_count": 0.0,
      "ed_first_o2sat_zero_pct": 0.0
    }
  ],
  "ed_vitals_model_delta": [
    {
      "vital_name": "triage_temp",
      "raw_column": "ed_triage_temp",
      "clean_column": "ed_triage_temp_f_clean",
      "raw_n": 4464,
      "clean_n": 4464,
      "raw_removed_n": 0,
      "raw_removed_pct": 0.0,
      "converted_celsius_like_n": 17
    },
    {
      "vital_name": "first_temp",
      "raw_column": "ed_first_temp",
      "clean_column": "ed_first_temp_f_clean",
      "raw_n": 3770,
      "clean_n": 3770,
      "raw_removed_n": 0,
      "raw_removed_pct": 0.0,
      "converted_celsius_like_n": 47
    },
    {
      "vital_name": "triage_pain",
      "raw_column": "ed_triage_pain",
      "clean_column": "ed_triage_pain_clean",
      "raw_n": 4354,
      "clean_n": 3994,
      "raw_removed_n": 360,
      "raw_removed_pct": 0.0826825907,
      "converted_celsius_like_n": 0
    },
    {
      "vital_name": "first_pain",
      "raw_column": "ed_first_pain",
      "clean_column": "ed_first_pain_clean",
      "raw_n": 3805,
      "clean_n": 3805,
      "raw_removed_n": 0,
      "raw_removed_pct": 0.0,
      "converted_celsius_like_n": 0
    },
    {
      "vital_name": "triage_sbp",
      "raw_column": "ed_triage_sbp",
      "clean_column": "ed_triage_sbp_clean",
      "raw_n": 4749,
      "clean_n": 4745,
      "raw_removed_n": 4,
      "raw_removed_pct": 0.0008422826,
      "converted_celsius_like_n": 0
    },
    {
      "vital_name": "triage_dbp",
      "raw_column": "ed_triage_dbp",
      "clean_column": "ed_triage_dbp_clean",
      "raw_n": 4716,
      "clean_n": 4705,
      "raw_removed_n": 11,
      "raw_removed_pct": 0.0023324852,
      "converted_celsius_like_n": 0
    },
    {
      "vital_name": "first_sbp",
      "raw_column": "ed_first_sbp",
      "clean_column": "ed_first_sbp_clean",
      "raw_n": 5129,
      "clean_n": 5123,
      "raw_removed_n": 6,
      "raw_removed_pct": 0.0011698187,
      "converted_celsius_like_n": 0
    },
    {
      "vital_name": "first_dbp",
      "raw_column": "ed_first_dbp",
      "clean_column": "ed_first_dbp_clean",
      "raw_n": 5129,
      "clean_n": 5121,
      "raw_removed_n": 8,
      "raw_removed_pct": 0.0015597582,
      "converted_celsius_like_n": 0
    },
    {
      "vital_name": "triage_o2sat",
      "raw_column": "ed_triage_o2sat",
      "clean_column": "ed_triage_o2sat_clean",
      "raw_n": 4711,
      "clean_n": 4711,
      "raw_removed_n": 0,
      "raw_removed_pct": 0.0,
      "converted_celsius_like_n": 0
    },
    {
      "vital_name": "first_o2sat",
      "raw_column": "ed_first_o2sat",
      "clean_column": "ed_first_o2sat_clean",
      "raw_n": 5027,
      "clean_n": 5027,
      "raw_removed_n": 0,
      "raw_removed_pct": 0.0,
      "converted_celsius_like_n": 0
    }
  ],
  "outliers_audit": [
    {
      "domain": "vitals",
      "raw_column": "ed_first_dbp",
      "model_column": "ed_first_dbp_model",
      "outlier_flag_column": "ed_first_dbp_outlier_flag",
      "lower_bound": 10.0,
      "upper_bound": 200.0,
      "nonnull_n": 5129,
      "out_of_range_n": 8,
      "out_of_range_pct": 0.0015597582,
      "example_outlier_values": "652; 460; 9; 777; 867"
    },
    {
      "domain": "vitals",
      "raw_column": "ed_first_hr",
      "model_column": "ed_first_hr_model",
      "outlier_flag_column": "ed_first_hr_outlier_flag",
      "lower_bound": 20.0,
      "upper_bound": 250.0,
      "nonnull_n": 5268,
      "out_of_range_n": 0,
      "out_of_range_pct": 0.0,
      "example_outlier_values": ""
    },
    {
      "domain": "vitals",
      "raw_column": "ed_first_o2sat",
      "model_column": "ed_first_o2sat_model",
      "outlier_flag_column": "ed_first_o2sat_outlier_flag",
      "lower_bound": 0.0,
      "upper_bound": 100.0,
      "nonnull_n": 5027,
      "out_of_range_n": 0,
      "out_of_range_pct": 0.0,
      "example_outlier_values": ""
    },
    {
      "domain": "vitals",
      "raw_column": "ed_first_pain",
      "model_column": "ed_first_pain_model",
      "outlier_flag_column": "ed_first_pain_outlier_flag",
      "lower_bound": 0.0,
      "upper_bound": 10.0,
      "nonnull_n": 3805,
      "out_of_range_n": 0,
      "out_of_range_pct": 0.0,
      "example_outlier_values": ""
    },
    {
      "domain": "vitals",
      "raw_column": "ed_first_rr",
      "model_column": "ed_first_rr_model",
      "outlier_flag_column": "ed_first_rr_outlier_flag",
      "lower_bound": 4.0,
      "upper_bound": 80.0,
      "nonnull_n": 5195,
      "out_of_range_n": 0,
      "out_of_range_pct": 0.0,
      "example_outlier_values": ""
    },
    {
      "domain": "vitals",
      "raw_column": "ed_first_sbp",
      "model_column": "ed_first_sbp_model",
      "outlier_flag_column": "ed_first_sbp_outlier_flag",
      "lower_bound": 20.0,
      "upper_bound": 300.0,
      "nonnull_n": 5129,
      "out_of_range_n": 6,
      "out_of_range_pct": 0.0011698187,
      "example_outlier_values": "13; 11; 15; 12; 10"
    },
    {
      "domain": "vitals",
      "raw_column": "ed_first_temp",
      "model_column": "ed_first_temp_model",
      "outlier_flag_column": "ed_first_temp_outlier_flag",
      "lower_bound": 50.0,
      "upper_bound": 120.0,
      "nonnull_n": 3770,
      "out_of_range_n": 0,
      "out_of_range_pct": 0.0,
      "example_outlier_values": ""
    },
    {
      "domain": "vitals",
      "raw_column": "ed_triage_dbp",
      "model_column": "ed_triage_dbp_model",
      "outlier_flag_column": "ed_triage_dbp_outlier_flag",
      "lower_bound": 10.0,
      "upper_bound": 200.0,
      "nonnull_n": 4716,
      "out_of_range_n": 11,
      "out_of_range_pct": 0.0023324852,
      "example_outlier_values": "4.0; 652.0; 460.0; 9.0; 777.0"
    },
    {
      "domain": "vitals",
      "raw_column": "ed_triage_hr",
      "model_column": "ed_triage_hr_model",
      "outlier_flag_column": "ed_triage_hr_outlier_flag",
      "lower_bound": 20.0,
      "upper_bound": 250.0,
      "nonnull_n": 4780,
      "out_of_range_n": 0,
      "out_of_range_pct": 0.0,
      "example_outlier_values": ""
    },
    {
      "domain": "vitals",
      "raw_column": "ed_triage_o2sat",
      "model_column": "ed_triage_o2sat_model",
      "outlier_flag_column": "ed_triage_o2sat_outlier_flag",
      "lower_bound": 0.0,
      "upper_bound": 100.0,
      "nonnull_n": 4711,
      "out_of_range_n": 0,
      "out_of_range_pct": 0.0,
      "example_outlier_values": ""
    },
    {
      "domain": "vitals",
      "raw_column": "ed_triage_pain",
      "model_column": "ed_triage_pain_model",
      "outlier_flag_column": "ed_triage_pain_outlier_flag",
      "lower_bound": 0.0,
      "upper_bound": 10.0,
      "nonnull_n": 4354,
      "out_of_range_n": 360,
      "out_of_range_pct": 0.0826825907,
      "example_outlier_values": "13.0; 30.0; 90.0; 60.0"
    },
    {
      "domain": "vitals",
      "raw_column": "ed_triage_rr",
      "model_column": "ed_triage_rr_model",
      "outlier_flag_column": "ed_triage_rr_outlier_flag",
      "lower_bound": 4.0,
      "upper_bound": 80.0,
      "nonnull_n": 4691,
      "out_of_range_n": 0,
      "out_of_range_pct": 0.0,
      "example_outlier_values": ""
    },
    {
      "domain": "vitals",
      "raw_column": "ed_triage_sbp",
      "model_column": "ed_triage_sbp_model",
      "outlier_flag_column": "ed_triage_sbp_outlier_flag",
      "lower_bound": 20.0,
      "upper_bound": 300.0,
      "nonnull_n": 4749,
      "out_of_range_n": 4,
      "out_of_range_pct": 0.0008422826,
      "example_outlier_values": "12.0; 18.0; 14.0; 13.0"
    },
    {
      "domain": "vitals",
      "raw_column": "ed_triage_temp",
      "model_column": "ed_triage_temp_model",
      "outlier_flag_column": "ed_triage_temp_outlier_flag",
      "lower_bound": 50.0,
      "upper_bound": 120.0,
      "nonnull_n": 4464,
      "out_of_range_n": 0,
      "out_of_range_pct": 0.0,
      "example_outlier_values": ""
    },
    {
      "domain": "gas",
      "raw_column": "first_lactate",
      "model_column": "first_lactate_model",
      "outlier_flag_column": "first_lactate_outlier_flag",
      "lower_bound": 0.0,
      "upper_bound": 30.0,
      "nonnull_n": 5169,
      "out_of_range_n": 0,
      "out_of_range_pct": 0.0,
      "example_outlier_values": ""
    },
    {
      "domain": "gas",
      "raw_column": "first_pco2",
      "model_column": "first_pco2_model",
      "outlier_flag_column": "first_pco2_outlier_flag",
      "lower_bound": 10.0,
      "upper_bound": 200.0,
      "nonnull_n": 6256,
      "out_of_range_n": 0,
      "out_of_range_pct": 0.0,
      "example_outlier_values": ""
    },
    {
      "domain": "gas",
      "raw_column": "first_ph",
      "model_column": "first_ph_model",
      "outlier_flag_column": "first_ph_outlier_flag",
      "lower_bound": 6.8,
      "upper_bound": 7.8,
      "nonnull_n": 6374,
      "out_of_range_n": 9,
      "out_of_range_pct": 0.0014119862,
      "example_outlier_values": "6.66; 6.6; 6.69; 6.73; 6.76"
    }
  ],
  "ed_vitals_audit_paths": {
    "distribution_summary": "/Users/blocke/Box Sync/Residency Personal Files/Scholarly Work/Locke Research Projects/Hypercap-CC-NLP/MIMIC tabular data/prior runs/2026-02-26 ed_vitals_distribution_summary.csv",
    "extreme_examples": "/Users/blocke/Box Sync/Residency Personal Files/Scholarly Work/Locke Research Projects/Hypercap-CC-NLP/MIMIC tabular data/prior runs/2026-02-26 ed_vitals_extreme_examples.csv",
    "model_delta": "/Users/blocke/Box Sync/Residency Personal Files/Scholarly Work/Locke Research Projects/Hypercap-CC-NLP/MIMIC tabular data/prior runs/2026-02-26 ed_vitals_model_delta.csv"
  },
  "blood_gas_audit_paths": {
    "manifest_itemids": "/Users/blocke/Box Sync/Residency Personal Files/Scholarly Work/Locke Research Projects/Hypercap-CC-NLP/MIMIC tabular data/prior runs/2026-02-26 blood_gas_itemid_manifest_audit.csv",
    "pco2_itemid_qc": "/Users/blocke/Box Sync/Residency Personal Files/Scholarly Work/Locke Research Projects/Hypercap-CC-NLP/MIMIC tabular data/prior runs/2026-02-26 pco2_itemid_qc_audit.csv",
    "hco3_itemid_qc": "/Users/blocke/Box Sync/Residency Personal Files/Scholarly Work/Locke Research Projects/Hypercap-CC-NLP/MIMIC tabular data/prior runs/2026-02-26 hco3_itemid_qc_audit.csv",
    "pco2_source_distribution": "/Users/blocke/Box Sync/Residency Personal Files/Scholarly Work/Locke Research Projects/Hypercap-CC-NLP/MIMIC tabular data/prior runs/2026-02-26 pco2_source_distribution_audit.csv",
    "pco2_window_max_contributor": "/Users/blocke/Box Sync/Residency Personal Files/Scholarly Work/Locke Research Projects/Hypercap-CC-NLP/MIMIC tabular data/prior runs/2026-02-26 pco2_window_max_contributor_audit.csv",
    "blood_gas_triplet_completeness": "/Users/blocke/Box Sync/Residency Personal Files/Scholarly Work/Locke Research Projects/Hypercap-CC-NLP/MIMIC tabular data/prior runs/2026-02-26 blood_gas_triplet_completeness_audit.csv",
    "qualifying_pco2_distribution_by_type": "/Users/blocke/Box Sync/Residency Personal Files/Scholarly Work/Locke Research Projects/Hypercap-CC-NLP/MIMIC tabular data/prior runs/2026-02-26 qualifying_pco2_distribution_by_type_audit.csv",
    "other_route_quarantine": "/Users/blocke/Box Sync/Residency Personal Files/Scholarly Work/Locke Research Projects/Hypercap-CC-NLP/MIMIC tabular data/prior runs/2026-02-26 other_route_quarantine_audit.csv",
    "first_gas_anchor": "/Users/blocke/Box Sync/Residency Personal Files/Scholarly Work/Locke Research Projects/Hypercap-CC-NLP/MIMIC tabular data/prior runs/2026-02-26 first_gas_anchor_audit.csv",
    "hco3_integrity": "/Users/blocke/Box Sync/Residency Personal Files/Scholarly Work/Locke Research Projects/Hypercap-CC-NLP/MIMIC tabular data/prior runs/2026-02-26 hco3_integrity_audit.csv",
    "hco3_coverage": "/Users/blocke/Box Sync/Residency Personal Files/Scholarly Work/Locke Research Projects/Hypercap-CC-NLP/MIMIC tabular data/prior runs/2026-02-26 hco3_coverage_audit.csv"
  },
  "timing_integrity_audit_path": "/Users/blocke/Box Sync/Residency Personal Files/Scholarly Work/Locke Research Projects/Hypercap-CC-NLP/MIMIC tabular data/prior runs/2026-02-26 timing_integrity_audit.csv",
  "ventilation_timing_audit_path": "/Users/blocke/Box Sync/Residency Personal Files/Scholarly Work/Locke Research Projects/Hypercap-CC-NLP/MIMIC tabular data/prior runs/2026-02-26 ventilation_timing_audit.csv",
  "anthropometric_cleaning_audit_path": "/Users/blocke/Box Sync/Residency Personal Files/Scholarly Work/Locke Research Projects/Hypercap-CC-NLP/MIMIC tabular data/prior runs/2026-02-26 anthropometric_cleaning_audit.csv",
  "qa_status": "pass",
  "qa_warnings": [],
  "qa_infos": [],
  "run_metadata": {
    "run_utc": "2026-02-26T15:22:44.858378+00:00",
    "work_project": "mimic-hypercapnia",
    "physionet_project": "physionet-data",
    "datasets": {
      "hosp": "mimiciv_3_1_hosp",
      "icu": "mimiciv_3_1_icu",
      "ed": "mimiciv_ed"
    },
    "dataset_probes": {
      "hosp": "physionet-data.mimiciv_3_1_hosp.admissions",
      "icu": "physionet-data.mimiciv_3_1_icu.icustays",
      "ed": "physionet-data.mimiciv_ed.edstays"
    },
    "notebook": "MIMICIV_hypercap_EXT_cohort.ipynb",
    "blood_gas_manifest_path": "/Users/blocke/Box Sync/Residency Personal Files/Scholarly Work/Locke Research Projects/Hypercap-CC-NLP/specs/blood_gas_itemids.json",
    "blood_gas_manifest_version": "2026-02-20.1"
  },
  "contract_status": "warning",
  "contract_warning_codes": [
    "gas_source_other_rate_high"
  ],
  "contract_error_codes": [],
  "qa_status_final": "warning",
  "cohort_contract_report_path": "/Users/blocke/Box Sync/Residency Personal Files/Scholarly Work/Locke Research Projects/Hypercap-CC-NLP/debug/contracts/20260226_152455/contract_report.json"
}