{
  "generated_utc": "2026-02-26T15:27:31.277928+00:00",
  "status": "pass",
  "contracts": {
    "classifier": {
      "status": "pass",
      "error_count": 0,
      "warning_count": 0,
      "pseudo_missing_rows": 2,
      "findings": [],
      "row_count": 7152,
      "column_count": 340,
      "max_rfv": 5,
      "resource_report": {
        "status": "pass",
        "strict_hash": true,
        "manifest_path": "/Users/blocke/Box Sync/Residency Personal Files/Scholarly Work/Locke Research Projects/Hypercap-CC-NLP/Annotation/resource_manifest.json",
        "checks": [
          {
            "resource": "appendix_csv",
            "path": "/Users/blocke/Box Sync/Residency Personal Files/Scholarly Work/Locke Research Projects/Hypercap-CC-NLP/Annotation/nhamcs_rvc_2022_appendixII_codes.csv",
            "exists": true
          },
          {
            "resource": "summary_weights_csv",
            "path": "/Users/blocke/Box Sync/Residency Personal Files/Scholarly Work/Locke Research Projects/Hypercap-CC-NLP/Annotation/nhamcs_rvc_2022_summary_by_top_level_17.csv",
            "exists": true
          }
        ],
        "hash_findings": [],
        "errors": [],
        "warnings": []
      }
    }
  },
  "findings": []
}