{
  "annotation_path": "/Users/blocke/Box Sync/Residency Personal Files/Scholarly Work/Locke Research Projects/Hypercap-CC-NLP/Annotation/Final 2025-10-14 Annotation Sample.xlsx",
  "annotation_sheet": "cohort_cc_sample",
  "nlp_path": "/Users/blocke/Box Sync/Residency Personal Files/Scholarly Work/Locke Research Projects/Hypercap-CC-NLP/MIMIC tabular data/MIMICIV all with CC_with_NLP.xlsx",
  "nlp_sheet": 0,
  "row_counts": {
    "annotation_r3_rows": 160,
    "nlp_rows": 12020,
    "matched_rows": 61,
    "unmatched_adjudicated_rows": 99,
    "unmatched_nlp_rows": 11959
  },
  "key_columns": [
    "hadm_id",
    "subject_id"
  ],
  "join_audit": {
    "key_columns": [
      "hadm_id",
      "subject_id"
    ],
    "r3_rows": 160,
    "nlp_rows": 12020,
    "matched_rows": 61,
    "unmatched_adjudicated_rows": 99,
    "unmatched_nlp_rows": 11959,
    "matched_rate_vs_adjudicated": 0.38125,
    "unmatched_rate_vs_adjudicated": 0.61875,
    "unmatched_rate_vs_nlp": 0.9949251247920133,
    "join_interpretation": "partial_adjudicated_overlap",
    "severity": "warning"
  },
  "matched_key_hash_count": 61
}