metric,value,audit_type,rfv1_name,row_count,row_rate
abnormal_lab_rows,140,summary,,,
abnormal_loss_rows,0,summary,,,
abnormal_test_result_rows,60,summary,,,
eye_ear_rows,0,summary,,,
rfv_distribution,60,rfv_distribution,Abnormal test result,60.0,0.42857142857142855
rfv_distribution,19,rfv_distribution,Symptom – Nervous,19.0,0.1357142857142857
rfv_distribution,15,rfv_distribution,Symptom – Respiratory,15.0,0.10714285714285714
rfv_distribution,13,rfv_distribution,Symptom – Digestive,13.0,0.09285714285714286
rfv_distribution,11,rfv_distribution,Symptom – General,11.0,0.07857142857142857
rfv_distribution,9,rfv_distribution,Symptom – Circulatory,9.0,0.06428571428571428
rfv_distribution,6,rfv_distribution,Diseases (patient-stated),6.0,0.04285714285714286
rfv_distribution,3,rfv_distribution,Symptom – Genitourinary,3.0,0.02142857142857143
rfv_distribution,2,rfv_distribution,Symptom – Musculoskeletal,2.0,0.014285714285714285
rfv_distribution,1,rfv_distribution,Symptom – Skin/Hair/Nails,1.0,0.007142857142857143
rfv_distribution,1,rfv_distribution,Injuries & adverse effects,1.0,0.007142857142857143
