{
  "generated_utc": "2026-02-23T14:52:13.407418+00:00",
  "status": "pass",
  "contracts": {
    "cohort": {
      "status": "skipped",
      "findings": []
    },
    "classifier": {
      "status": "pass",
      "error_count": 0,
      "warning_count": 0,
      "pseudo_missing_rows": 2,
      "findings": [],
      "row_count": 7152,
      "column_count": 338,
      "max_rfv": 5,
      "cc_missing_audit_path": "/Users/blocke/Box Sync/Residency Personal Files/Scholarly Work/Locke Research Projects/Hypercap-CC-NLP/MIMIC tabular data/prior runs/2026-02-23 classifier_cc_missing_audit.csv"
    }
  },
  "findings": [],
  "paths": {
    "cohort": "/Users/blocke/Box Sync/Residency Personal Files/Scholarly Work/Locke Research Projects/Hypercap-CC-NLP/MIMIC tabular data/MIMICIV all with CC.xlsx",
    "classifier": "/Users/blocke/Box Sync/Residency Personal Files/Scholarly Work/Locke Research Projects/Hypercap-CC-NLP/MIMIC tabular data/MIMICIV all with CC_with_NLP.xlsx"
  },
  "stages": [
    "classifier"
  ]
}