{
  "ed_spine_rows": 11786,
  "ed_rows": 11786,
  "ed_unique": 11786,
  "hadm_rows": 40167,
  "hadm_cc_rows": 11769,
  "icu_link_rate": 0.7677753266587477,
  "pct_any_gas_0_6h": 0.41897166129305957,
  "pct_any_gas_0_24h": 0.9590191752927202,
  "gas_source_other_rate": 0.6617519019140463,
  "gas_source_other_rate_warn_threshold": 0.5,
  "gas_source_other_rate_fail_threshold": null,
  "source_unknown_rate": 0.0,
  "gas_source_audit": {
    "panel_rows": 70061,
    "source_present": true,
    "source_counts": {
      "other": 46363,
      "arterial": 14397,
      "venous": 9301
    },
    "source_rates": {
      "other": 0.6617519019140463,
      "arterial": 0.20549235666062432,
      "venous": 0.13275574142532937
    },
    "all_other_or_unknown": false,
    "tier_counts": {
      "fallback_other": 46363,
      "specimen_text": 23698
    },
    "tier_rates": {
      "fallback_other": 0.6617519019140463,
      "specimen_text": 0.3382480980859537
    },
    "mode": "specimen_only",
    "resolved_rows": 23698,
    "resolved_rate": 0.3382480980859537,
    "unresolved_specimen_id_count": 46332,
    "unresolved_specimen_id_examples": [
      1068183,
      2752210,
      12826971,
      39367736,
      45465398,
      54325826,
      95145860,
      97178600,
      9593781,
      81892638,
      18027495,
      29753913,
      39459350,
      75616262,
      50588428,
      86652150,
      88463482,
      45338459,
      62225368,
      65374931
    ],
    "heuristic_reference": {
      "panel_rows": 70061,
      "source_present": true,
      "source_counts": {
        "other": 25396,
        "arterial": 25314,
        "venous": 19351
      },
      "source_rates": {
        "other": 0.3624841209802886,
        "arterial": 0.3613137123363926,
        "venous": 0.2762021666833188
      },
      "all_other_or_unknown": false,
      "tier_counts": {
        "fallback_other": 25396,
        "specimen_text": 23698,
        "cluster_inheritance": 20967
      },
      "tier_rates": {
        "fallback_other": 0.3624841209802886,
        "specimen_text": 0.3382480980859537,
        "cluster_inheritance": 0.2992677809337577
      },
      "mode": "metadata_only",
      "resolved_rows": 44665,
      "resolved_rate": 0.6375158790197114,
      "unresolved_specimen_id_count": 25379,
      "unresolved_specimen_id_examples": [
        1068183,
        2752210,
        12826971,
        39367736,
        45465398,
        54325826,
        95145860,
        97178600,
        9593781,
        81892638,
        18027495,
        29753913,
        39459350,
        75616262,
        50588428,
        86652150,
        88463482,
        45338459,
        62225368,
        75880307
      ],
      "unresolved_value_text_top": {
        "___": 4748,
        "0.9": 1038,
        "0.8": 1035,
        "0.7": 935,
        "1.0": 916,
        "138": 851,
        "139": 819,
        "140": 788,
        "1.1": 778,
        "141": 777,
        "101": 747,
        "103": 745,
        "0.6": 739,
        "102": 739,
        "104": 720
      },
      "unresolved_label_top": {
        "Sodium | Blood": 11349,
        "Chloride | Blood": 11250,
        "Creatinine | Blood": 11112,
        "Hemoglobin | Blood": 10074,
        "Lactate | Blood": 2500,
        "pH | Blood": 796,
        "Sodium, Urine | Urine": 788,
        "Creatinine, Urine | Urine": 742,
        "pCO2 | Blood": 700,
        "Calculated Total CO2 | Blood": 699,
        "Specimen Type | Blood": 500,
        "Chloride, Urine | Urine": 476,
        "Sodium, Whole Blood | Blood": 354,
        "Chloride, Whole Blood | Blood": 200,
        "Calculated Bicarbonate, Whole Blood | Blood": 97
      }
    },
    "baseline_other_rate": 0.3624841209802886,
    "baseline_path": "/Users/blocke/Box Sync/Residency Personal Files/Scholarly Work/Locke Research Projects/Hypercap-CC-NLP/MIMIC tabular data/prior runs/2026-02-18 gas_source_audit.json",
    "relative_reduction_vs_baseline": -0.8256024570798551,
    "relative_reduction_target": 0.0
  },
  "gas_source_overlap_summary": [
    {
      "gas_overlap": "ABG",
      "count": 4527,
      "percent": 38.41
    },
    {
      "gas_overlap": "VBG",
      "count": 3513,
      "percent": 29.81
    },
    {
      "gas_overlap": "ABG+VBG",
      "count": 1932,
      "percent": 16.39
    },
    {
      "gas_overlap": "ABG+VBG+OTHER",
      "count": 555,
      "percent": 4.71
    },
    {
      "gas_overlap": "NO_GAS",
      "count": 461,
      "percent": 3.91
    },
    {
      "gas_overlap": "OTHER",
      "count": 277,
      "percent": 2.35
    },
    {
      "gas_overlap": "ABG+OTHER",
      "count": 266,
      "percent": 2.26
    },
    {
      "gas_overlap": "VBG+OTHER",
      "count": 255,
      "percent": 2.16
    }
  ],
  "blood_gas_manifest": {
    "version": "2026-02-17",
    "path": "/Users/blocke/Box Sync/Residency Personal Files/Scholarly Work/Locke Research Projects/Hypercap-CC-NLP/specs/blood_gas_itemids.json"
  },
  "blood_gas_itemid_manifest_audit": [
    {
      "source_branch": "LAB",
      "analyte": "gas_pco2",
      "itemid": 50818,
      "label": "pCO2",
      "category": "Blood Gas",
      "fluid": "Blood",
      "cohort_row_count": 494716,
      "manifest_version": "2026-02-17"
    },
    {
      "source_branch": "LAB",
      "analyte": "gas_ph",
      "itemid": 50820,
      "label": "pH",
      "category": "Blood Gas",
      "fluid": "Blood",
      "cohort_row_count": 523650,
      "manifest_version": "2026-02-17"
    },
    {
      "source_branch": "LAB",
      "analyte": "gas_hco3",
      "itemid": 50803,
      "label": "Calculated Bicarbonate, Whole Blood",
      "category": "Blood Gas",
      "fluid": "Blood",
      "cohort_row_count": 5417,
      "manifest_version": "2026-02-17"
    },
    {
      "source_branch": "LAB",
      "analyte": "gas_specimen",
      "itemid": 52033,
      "label": "Specimen Type",
      "category": "Blood Gas",
      "fluid": "Blood",
      "cohort_row_count": 561569,
      "manifest_version": "2026-02-17"
    }
  ],
  "pco2_source_distribution_audit": [
    {
      "source_branch": "LAB",
      "source": "arterial",
      "n": 14196,
      "median": 43.0,
      "p95": 74.0,
      "max": 188.0,
      "pct_ge_50": 0.2695125387
    },
    {
      "source_branch": "LAB",
      "source": "other",
      "n": 899,
      "median": 49.0,
      "p95": 76.0,
      "max": 140.0,
      "pct_ge_50": 0.4927697442
    },
    {
      "source_branch": "LAB",
      "source": "venous",
      "n": 8002,
      "median": 51.0,
      "p95": 84.0,
      "max": 233.0,
      "pct_ge_50": 0.5931017246
    }
  ],
  "other_route_quarantine_audit": [
    {
      "poc_other_candidate_n": 0,
      "poc_other_ge50_n": 0,
      "poc_other_ge50_rate": 0.0,
      "poc_other_quarantined_hadm_n": 0,
      "other_hypercap_threshold_hadm_n": 1353,
      "poc_other_leak_into_other_threshold_n": 0
    }
  ],
  "first_gas_anchor_audit": [
    {
      "row_count": 11786,
      "first_gas_time_nonnull_n": 7613,
      "first_gas_anchor_has_pco2_n": 7613,
      "first_gas_anchor_source_validated_n": 7613,
      "first_gas_without_pco2_anchor_n": 0
    }
  ],
  "pco2_itemid_qc_audit": [],
  "poc_inclusion_enabled": false,
  "poc_inclusion_reason": "manifest_has_no_icu_pco2_itemids",
  "omr_diagnostics": {
    "window_days": 365,
    "source_rows_prepared": 46494,
    "parsed_value_rows": 46489,
    "ed_rows": 11786,
    "ed_rows_eligible_for_join": 11786,
    "subject_overlap_count": 626,
    "candidate_rows_after_subject_join": 1940,
    "days_before_min": -4034,
    "days_before_max": -275,
    "nonnegative_candidate_rows": 0,
    "pre_window_candidate_rows": 0,
    "post_window_candidate_rows": 21,
    "closest_absolute_candidate_rows": 21,
    "within_window_candidate_rows": 0,
    "eligible_ed_stays_with_candidates": 19,
    "attached_non_null_counts": {
      "bmi_closest_pre_ed": 8,
      "height_closest_pre_ed": 1,
      "weight_closest_pre_ed": 13
    },
    "attached_any_non_null_rows": 19,
    "selected_tier_counts": {
      "pre_ed_365": 0,
      "post_ed_365": 19,
      "missing": 11767
    },
    "selected_tier_rates": {
      "pre_ed_365": 0.0,
      "post_ed_365": 0.0016120821313422705,
      "missing": 0.9983879178686578
    },
    "timing_uncertain_count": 19,
    "anthro_source_counts": {
      "missing": 11767,
      "omr": 19
    },
    "source_rows_raw": 46494,
    "prepared_rows": 46494
  },
  "omr_window_diagnostics": {
    "subject_overlap_count": 626,
    "pre_window_candidate_rows": 0,
    "post_window_candidate_rows": 21,
    "closest_absolute_candidate_rows": 21,
    "within_window_candidate_rows": 0,
    "attached_total_non_null_values": 22,
    "selected_tier_counts": {
      "pre_ed_365": 0,
      "post_ed_365": 19,
      "missing": 11767
    },
    "selected_tier_rates": {
      "pre_ed_365": 0.0,
      "post_ed_365": 0.0016120821313422705,
      "missing": 0.9983879178686578
    }
  },
  "anthro_timing_tier_counts": {
    "pre_ed_365": 0,
    "post_ed_365": 19,
    "missing": 11767
  },
  "anthro_timing_tier_rates": {
    "pre_ed_365": 0.0,
    "post_ed_365": 0.0016120821313422705,
    "missing": 0.9983879178686578
  },
  "anthro_coverage_audit": {
    "row_count": 11786,
    "field_nonnull_counts": {
      "bmi_closest_pre_ed": 7257,
      "height_closest_pre_ed": 7261,
      "weight_closest_pre_ed": 10210
    },
    "field_nonnull_rates": {
      "bmi_closest_pre_ed": 0.615730527744782,
      "height_closest_pre_ed": 0.6160699134566435,
      "weight_closest_pre_ed": 0.866282029526557
    },
    "source_counts": {
      "icu_charted": 10192,
      "missing": 1575,
      "omr": 19
    },
    "source_rates": {
      "icu_charted": 0.86475479382318,
      "missing": 0.1336331240454777,
      "omr": 0.0016120821313422705
    },
    "timing_basis_counts": {
      "nearest_anytime": 10192,
      "missing": 1575,
      "post": 19
    },
    "timing_basis_rates": {
      "nearest_anytime": 0.86475479382318,
      "missing": 0.1336331240454777,
      "post": 0.0016120821313422705
    },
    "omr": {
      "window_days": 365,
      "source_rows_prepared": 46494,
      "parsed_value_rows": 46489,
      "ed_rows": 11786,
      "ed_rows_eligible_for_join": 11786,
      "subject_overlap_count": 626,
      "candidate_rows_after_subject_join": 1940,
      "days_before_min": -4034,
      "days_before_max": -275,
      "nonnegative_candidate_rows": 0,
      "pre_window_candidate_rows": 0,
      "post_window_candidate_rows": 21,
      "closest_absolute_candidate_rows": 21,
      "within_window_candidate_rows": 0,
      "eligible_ed_stays_with_candidates": 19,
      "attached_non_null_counts": {
        "bmi_closest_pre_ed": 8,
        "height_closest_pre_ed": 1,
        "weight_closest_pre_ed": 13
      },
      "attached_any_non_null_rows": 19,
      "selected_tier_counts": {
        "pre_ed_365": 0,
        "post_ed_365": 19,
        "missing": 11767
      },
      "selected_tier_rates": {
        "pre_ed_365": 0.0,
        "post_ed_365": 0.0016120821313422705,
        "missing": 0.9983879178686578
      },
      "timing_uncertain_count": 19,
      "anthro_source_counts": {
        "missing": 11767,
        "omr": 19
      },
      "source_rows_raw": 46494,
      "prepared_rows": 46494
    },
    "charted_fallback": {
      "charted_rows_input": 421296,
      "charted_rows_usable": 421296,
      "nearest_anytime": true,
      "filled_counts": {
        "bmi_closest_pre_ed": 0,
        "height_closest_pre_ed": 7260,
        "weight_closest_pre_ed": 10197
      },
      "rows_with_any_charted_fill": 10207,
      "subject_overlap_count": 7911,
      "fallback_source_counts": {
        "icu_charted": 10192,
        "omr": 15
      },
      "bmi_filled_from_height_weight": 7249,
      "enabled": true
    },
    "cleaning_audit_path": "/Users/blocke/Box Sync/Residency Personal Files/Scholarly Work/Locke Research Projects/Hypercap-CC-NLP/MIMIC tabular data/prior runs/2026-02-20 anthropometric_cleaning_audit.csv"
  },
  "anthropometric_cleaning_audit": [
    {
      "raw_column": "bmi_closest_pre_ed",
      "model_column": "bmi_closest_pre_ed_model",
      "lower_bound_exclusive": 0.0,
      "upper_bound_inclusive": 100.0,
      "raw_non_missing_n": 7257,
      "outlier_n": 112,
      "model_non_missing_n": 7145
    },
    {
      "raw_column": "height_closest_pre_ed",
      "model_column": "height_closest_pre_ed_model",
      "lower_bound_exclusive": 100.0,
      "upper_bound_inclusive": 250.0,
      "raw_non_missing_n": 7261,
      "outlier_n": 33,
      "model_non_missing_n": 7228
    },
    {
      "raw_column": "weight_closest_pre_ed",
      "model_column": "weight_closest_pre_ed_model",
      "lower_bound_exclusive": 0.0,
      "upper_bound_inclusive": 400.0,
      "raw_non_missing_n": 10210,
      "outlier_n": 78,
      "model_non_missing_n": 10132
    }
  ],
  "charted_anthro_diagnostics": {
    "charted_rows_input": 421296,
    "charted_rows_usable": 421296,
    "nearest_anytime": true,
    "filled_counts": {
      "bmi_closest_pre_ed": 0,
      "height_closest_pre_ed": 7260,
      "weight_closest_pre_ed": 10197
    },
    "rows_with_any_charted_fill": 10207,
    "subject_overlap_count": 7911,
    "fallback_source_counts": {
      "icu_charted": 10192,
      "omr": 15
    },
    "bmi_filled_from_height_weight": 7249,
    "enabled": true
  },
  "timing_integrity_audit": [
    {
      "rows_total": 11786,
      "hospital_los_negative_n": 17,
      "admittime_before_ed_intime_n": 15,
      "qualifying_gas_observed_n": 7613,
      "qualifying_gas_missing_n": 4173
    }
  ],
  "ventilation_timing_audit": [
    {
      "rows_total": 11786,
      "dt_first_imv_hours_negative_n": 6,
      "dt_first_niv_hours_negative_n": 1,
      "imv_time_outside_window_n": 28,
      "niv_time_outside_window_n": 13,
      "dt_first_imv_hours_model_nonnull_n": 6543,
      "dt_first_niv_hours_model_nonnull_n": 5058
    }
  ],
  "unexpected_full_null_fields": [],
  "expected_structural_null_fields": [],
  "uom_expectation_scope": {
    "frame": "final_cc_preview",
    "row_count": 11769
  },
  "uom_expectation_checks": {
    "expected_structural_null_fields": [
      "poc_abg_ph_uom",
      "poc_vbg_ph_uom",
      "poc_other_ph_uom"
    ],
    "structural_null_checks": {
      "poc_abg_ph_uom": {
        "present": true,
        "missing_n": 11769,
        "missing_pct": 1.0,
        "all_null": true
      },
      "poc_vbg_ph_uom": {
        "present": true,
        "missing_n": 11769,
        "missing_pct": 1.0,
        "all_null": true
      },
      "poc_other_ph_uom": {
        "present": true,
        "missing_n": 11769,
        "missing_pct": 1.0,
        "all_null": true
      }
    },
    "paco2_uom_checks": {
      "poc_abg_paco2_uom": {
        "present": true,
        "paired_value_column": "poc_abg_paco2",
        "value_rows": 0,
        "missing_uom_when_value_present": 0,
        "non_mmhg_uom_when_value_present": 0,
        "passes": true
      },
      "poc_vbg_paco2_uom": {
        "present": true,
        "paired_value_column": "poc_vbg_paco2",
        "value_rows": 0,
        "missing_uom_when_value_present": 0,
        "non_mmhg_uom_when_value_present": 0,
        "passes": true
      },
      "poc_other_paco2_uom": {
        "present": true,
        "paired_value_column": "poc_other_paco2",
        "value_rows": 0,
        "missing_uom_when_value_present": 0,
        "non_mmhg_uom_when_value_present": 0,
        "passes": true
      }
    }
  },
  "first_other_pco2_audit_scope": "uom_scope_df",
  "first_other_pco2_audit": [
    {
      "source": "LAB_BG_UNKNOWN",
      "count_nonnull": 2499,
      "mean": 49.9463785514,
      "median": 48.0,
      "q25": 41.0,
      "q75": 56.0,
      "p95": 76.0,
      "max": 140.0,
      "pct_ge_80": 0.0356142457,
      "pct_ge_100": 0.006002401,
      "pct_ge_150": 0.0,
      "pct_eq_160": 0.0,
      "top_values": {
        "50.0": 119,
        "41.0": 95,
        "44.0": 94,
        "40.0": 91,
        "43.0": 90,
        "48.0": 88,
        "51.0": 88,
        "42.0": 84,
        "52.0": 84,
        "47.0": 77
      },
      "status": "ok",
      "missing_columns": ""
    }
  ],
  "vitals_outlier_audit": [
    {
      "domain": "vitals",
      "raw_column": "ed_first_dbp",
      "model_column": "ed_first_dbp_model",
      "outlier_flag_column": "ed_first_dbp_outlier_flag",
      "lower_bound": 10.0,
      "upper_bound": 200.0,
      "nonnull_n": 9161,
      "out_of_range_n": 9,
      "out_of_range_pct": 0.0009824255,
      "example_outlier_values": "652; 460; 741; 9; 777"
    },
    {
      "domain": "vitals",
      "raw_column": "ed_first_hr",
      "model_column": "ed_first_hr_model",
      "outlier_flag_column": "ed_first_hr_outlier_flag",
      "lower_bound": 20.0,
      "upper_bound": 250.0,
      "nonnull_n": 9350,
      "out_of_range_n": 1,
      "out_of_range_pct": 0.0001069519,
      "example_outlier_values": "6.0"
    },
    {
      "domain": "vitals",
      "raw_column": "ed_first_o2sat",
      "model_column": "ed_first_o2sat_model",
      "outlier_flag_column": "ed_first_o2sat_outlier_flag",
      "lower_bound": 0.0,
      "upper_bound": 100.0,
      "nonnull_n": 8920,
      "out_of_range_n": 1,
      "out_of_range_pct": 0.0001121076,
      "example_outlier_values": "1000.0"
    },
    {
      "domain": "vitals",
      "raw_column": "ed_first_pain",
      "model_column": "ed_first_pain_model",
      "outlier_flag_column": "ed_first_pain_outlier_flag",
      "lower_bound": 0.0,
      "upper_bound": 10.0,
      "nonnull_n": 7077,
      "out_of_range_n": 0,
      "out_of_range_pct": 0.0,
      "example_outlier_values": ""
    },
    {
      "domain": "vitals",
      "raw_column": "ed_first_rr",
      "model_column": "ed_first_rr_model",
      "outlier_flag_column": "ed_first_rr_outlier_flag",
      "lower_bound": 4.0,
      "upper_bound": 80.0,
      "nonnull_n": 9235,
      "out_of_range_n": 0,
      "out_of_range_pct": 0.0,
      "example_outlier_values": ""
    },
    {
      "domain": "vitals",
      "raw_column": "ed_first_sbp",
      "model_column": "ed_first_sbp_model",
      "outlier_flag_column": "ed_first_sbp_outlier_flag",
      "lower_bound": 20.0,
      "upper_bound": 300.0,
      "nonnull_n": 9161,
      "out_of_range_n": 6,
      "out_of_range_pct": 0.0006549503,
      "example_outlier_values": "11; 13; 15; 12; 10"
    },
    {
      "domain": "vitals",
      "raw_column": "ed_first_temp",
      "model_column": "ed_first_temp_model",
      "outlier_flag_column": "ed_first_temp_outlier_flag",
      "lower_bound": 50.0,
      "upper_bound": 120.0,
      "nonnull_n": 6911,
      "out_of_range_n": 4875,
      "out_of_range_pct": 0.7053971929,
      "example_outlier_values": ""
    },
    {
      "domain": "vitals",
      "raw_column": "ed_triage_dbp",
      "model_column": "ed_triage_dbp_model",
      "outlier_flag_column": "ed_triage_dbp_outlier_flag",
      "lower_bound": 10.0,
      "upper_bound": 200.0,
      "nonnull_n": 8738,
      "out_of_range_n": 11,
      "out_of_range_pct": 0.0012588693,
      "example_outlier_values": "4.0; 652.0; 8132.0; 460.0; 9.0"
    },
    {
      "domain": "vitals",
      "raw_column": "ed_triage_hr",
      "model_column": "ed_triage_hr_model",
      "outlier_flag_column": "ed_triage_hr_outlier_flag",
      "lower_bound": 20.0,
      "upper_bound": 250.0,
      "nonnull_n": 8807,
      "out_of_range_n": 0,
      "out_of_range_pct": 0.0,
      "example_outlier_values": ""
    },
    {
      "domain": "vitals",
      "raw_column": "ed_triage_o2sat",
      "model_column": "ed_triage_o2sat_model",
      "outlier_flag_column": "ed_triage_o2sat_outlier_flag",
      "lower_bound": 0.0,
      "upper_bound": 100.0,
      "nonnull_n": 8680,
      "out_of_range_n": 1,
      "out_of_range_pct": 0.0001152074,
      "example_outlier_values": "1000.0"
    },
    {
      "domain": "vitals",
      "raw_column": "ed_triage_pain",
      "model_column": "ed_triage_pain_model",
      "outlier_flag_column": "ed_triage_pain_outlier_flag",
      "lower_bound": 0.0,
      "upper_bound": 10.0,
      "nonnull_n": 8151,
      "out_of_range_n": 556,
      "out_of_range_pct": 0.0682124893,
      "example_outlier_values": "13.0; 30.0; 134.0; 11.0; 90.0"
    },
    {
      "domain": "vitals",
      "raw_column": "ed_triage_rr",
      "model_column": "ed_triage_rr_model",
      "outlier_flag_column": "ed_triage_rr_outlier_flag",
      "lower_bound": 4.0,
      "upper_bound": 80.0,
      "nonnull_n": 8645,
      "out_of_range_n": 0,
      "out_of_range_pct": 0.0,
      "example_outlier_values": ""
    },
    {
      "domain": "vitals",
      "raw_column": "ed_triage_sbp",
      "model_column": "ed_triage_sbp_model",
      "outlier_flag_column": "ed_triage_sbp_outlier_flag",
      "lower_bound": 20.0,
      "upper_bound": 300.0,
      "nonnull_n": 8777,
      "out_of_range_n": 6,
      "out_of_range_pct": 0.0006836049,
      "example_outlier_values": "15.0; 18.0; 9656.0; 12.0; 14.0"
    },
    {
      "domain": "vitals",
      "raw_column": "ed_triage_temp",
      "model_column": "ed_triage_temp_model",
      "outlier_flag_column": "ed_triage_temp_outlier_flag",
      "lower_bound": 50.0,
      "upper_bound": 120.0,
      "nonnull_n": 8343,
      "out_of_range_n": 3444,
      "out_of_range_pct": 0.4128011507,
      "example_outlier_values": "9.1"
    }
  ],
  "ed_vitals_distribution_summary": [
    {
      "vital_name": "triage_temp",
      "raw_column": "ed_triage_temp",
      "clean_column": "ed_triage_temp_f_clean",
      "raw_n_non_missing": 8343,
      "raw_missing_pct": 29.21,
      "raw_min": 9.1,
      "raw_p1": 95.2,
      "raw_median": 98.0,
      "raw_mean": 97.9359671581,
      "raw_p99": 102.0,
      "raw_max": 107.0,
      "clean_n_non_missing": 8342,
      "clean_missing_pct": 29.22,
      "clean_min": 80.0,
      "clean_p1": 95.441,
      "clean_median": 98.0,
      "clean_mean": 98.0934588828,
      "clean_p99": 102.1,
      "clean_max": 107.0,
      "ed_triage_temp_was_celsius_like_count": 20.0,
      "ed_triage_temp_was_celsius_like_pct": 0.0016969286,
      "ed_triage_temp_out_of_range_count": 3444.0,
      "ed_triage_temp_out_of_range_pct": 0.2922110979,
      "ed_first_temp_was_celsius_like_count": null,
      "ed_first_temp_was_celsius_like_pct": null,
      "ed_first_temp_out_of_range_count": null,
      "ed_first_temp_out_of_range_pct": null,
      "ed_triage_pain_is_sentinel_13_count": null,
      "ed_triage_pain_is_sentinel_13_pct": null,
      "ed_triage_pain_out_of_range_count": null,
      "ed_triage_pain_out_of_range_pct": null,
      "ed_first_pain_is_sentinel_13_count": null,
      "ed_first_pain_is_sentinel_13_pct": null,
      "ed_first_pain_out_of_range_count": null,
      "ed_first_pain_out_of_range_pct": null,
      "ed_triage_sbp_out_of_range_count": null,
      "ed_triage_sbp_out_of_range_pct": null,
      "ed_triage_dbp_out_of_range_count": null,
      "ed_triage_dbp_out_of_range_pct": null,
      "ed_first_sbp_out_of_range_count": null,
      "ed_first_sbp_out_of_range_pct": null,
      "ed_first_dbp_out_of_range_count": null,
      "ed_first_dbp_out_of_range_pct": null,
      "ed_triage_o2sat_gt_100_count": null,
      "ed_triage_o2sat_gt_100_pct": null,
      "ed_triage_o2sat_out_of_range_count": null,
      "ed_triage_o2sat_out_of_range_pct": null,
      "ed_triage_o2sat_zero_count": null,
      "ed_triage_o2sat_zero_pct": null,
      "ed_first_o2sat_gt_100_count": null,
      "ed_first_o2sat_gt_100_pct": null,
      "ed_first_o2sat_out_of_range_count": null,
      "ed_first_o2sat_out_of_range_pct": null,
      "ed_first_o2sat_zero_count": null,
      "ed_first_o2sat_zero_pct": null
    },
    {
      "vital_name": "first_temp",
      "raw_column": "ed_first_temp",
      "clean_column": "ed_first_temp_f_clean",
      "raw_n_non_missing": 6911,
      "raw_missing_pct": 41.36,
      "raw_min": 28.6,
      "raw_p1": 91.04,
      "raw_median": 98.0,
      "raw_mean": 97.6744595572,
      "raw_p99": 102.7,
      "raw_max": 107.0,
      "clean_n_non_missing": 6911,
      "clean_missing_pct": 41.36,
      "clean_min": 80.0,
      "clean_p1": 95.11,
      "clean_median": 98.0,
      "clean_mean": 98.1555013746,
      "clean_p99": 102.7,
      "clean_max": 107.0,
      "ed_triage_temp_was_celsius_like_count": null,
      "ed_triage_temp_was_celsius_like_pct": null,
      "ed_triage_temp_out_of_range_count": null,
      "ed_triage_temp_out_of_range_pct": null,
      "ed_first_temp_was_celsius_like_count": 55.0,
      "ed_first_temp_was_celsius_like_pct": 0.0046665535,
      "ed_first_temp_out_of_range_count": 4875.0,
      "ed_first_temp_out_of_range_pct": 0.4136263363,
      "ed_triage_pain_is_sentinel_13_count": null,
      "ed_triage_pain_is_sentinel_13_pct": null,
      "ed_triage_pain_out_of_range_count": null,
      "ed_triage_pain_out_of_range_pct": null,
      "ed_first_pain_is_sentinel_13_count": null,
      "ed_first_pain_is_sentinel_13_pct": null,
      "ed_first_pain_out_of_range_count": null,
      "ed_first_pain_out_of_range_pct": null,
      "ed_triage_sbp_out_of_range_count": null,
      "ed_triage_sbp_out_of_range_pct": null,
      "ed_triage_dbp_out_of_range_count": null,
      "ed_triage_dbp_out_of_range_pct": null,
      "ed_first_sbp_out_of_range_count": null,
      "ed_first_sbp_out_of_range_pct": null,
      "ed_first_dbp_out_of_range_count": null,
      "ed_first_dbp_out_of_range_pct": null,
      "ed_triage_o2sat_gt_100_count": null,
      "ed_triage_o2sat_gt_100_pct": null,
      "ed_triage_o2sat_out_of_range_count": null,
      "ed_triage_o2sat_out_of_range_pct": null,
      "ed_triage_o2sat_zero_count": null,
      "ed_triage_o2sat_zero_pct": null,
      "ed_first_o2sat_gt_100_count": null,
      "ed_first_o2sat_gt_100_pct": null,
      "ed_first_o2sat_out_of_range_count": null,
      "ed_first_o2sat_out_of_range_pct": null,
      "ed_first_o2sat_zero_count": null,
      "ed_first_o2sat_zero_pct": null
    },
    {
      "vital_name": "triage_pain",
      "raw_column": "ed_triage_pain",
      "clean_column": "ed_triage_pain_clean",
      "raw_n_non_missing": 8151,
      "raw_missing_pct": 30.84,
      "raw_min": 0.0,
      "raw_p1": 0.0,
      "raw_median": 0.0,
      "raw_mean": 3.6639062692,
      "raw_p99": 13.0,
      "raw_max": 134.0,
      "clean_n_non_missing": 7595,
      "clean_missing_pct": 35.56,
      "clean_min": 0.0,
      "clean_p1": 0.0,
      "clean_median": 0.0,
      "clean_mean": 2.9462146149,
      "clean_p99": 10.0,
      "clean_max": 10.0,
      "ed_triage_temp_was_celsius_like_count": null,
      "ed_triage_temp_was_celsius_like_pct": null,
      "ed_triage_temp_out_of_range_count": null,
      "ed_triage_temp_out_of_range_pct": null,
      "ed_first_temp_was_celsius_like_count": null,
      "ed_first_temp_was_celsius_like_pct": null,
      "ed_first_temp_out_of_range_count": null,
      "ed_first_temp_out_of_range_pct": null,
      "ed_triage_pain_is_sentinel_13_count": 551.0,
      "ed_triage_pain_is_sentinel_13_pct": 0.0467503818,
      "ed_triage_pain_out_of_range_count": 5.0,
      "ed_triage_pain_out_of_range_pct": 0.0004242321,
      "ed_first_pain_is_sentinel_13_count": null,
      "ed_first_pain_is_sentinel_13_pct": null,
      "ed_first_pain_out_of_range_count": null,
      "ed_first_pain_out_of_range_pct": null,
      "ed_triage_sbp_out_of_range_count": null,
      "ed_triage_sbp_out_of_range_pct": null,
      "ed_triage_dbp_out_of_range_count": null,
      "ed_triage_dbp_out_of_range_pct": null,
      "ed_first_sbp_out_of_range_count": null,
      "ed_first_sbp_out_of_range_pct": null,
      "ed_first_dbp_out_of_range_count": null,
      "ed_first_dbp_out_of_range_pct": null,
      "ed_triage_o2sat_gt_100_count": null,
      "ed_triage_o2sat_gt_100_pct": null,
      "ed_triage_o2sat_out_of_range_count": null,
      "ed_triage_o2sat_out_of_range_pct": null,
      "ed_triage_o2sat_zero_count": null,
      "ed_triage_o2sat_zero_pct": null,
      "ed_first_o2sat_gt_100_count": null,
      "ed_first_o2sat_gt_100_pct": null,
      "ed_first_o2sat_out_of_range_count": null,
      "ed_first_o2sat_out_of_range_pct": null,
      "ed_first_o2sat_zero_count": null,
      "ed_first_o2sat_zero_pct": null
    },
    {
      "vital_name": "first_pain",
      "raw_column": "ed_first_pain",
      "clean_column": "ed_first_pain_clean",
      "raw_n_non_missing": 7077,
      "raw_missing_pct": 39.95,
      "raw_min": 0.0,
      "raw_p1": 0.0,
      "raw_median": 0.0,
      "raw_mean": 2.6821393246,
      "raw_p99": 10.0,
      "raw_max": 10.0,
      "clean_n_non_missing": 7077,
      "clean_missing_pct": 39.95,
      "clean_min": 0.0,
      "clean_p1": 0.0,
      "clean_median": 0.0,
      "clean_mean": 2.6821393246,
      "clean_p99": 10.0,
      "clean_max": 10.0,
      "ed_triage_temp_was_celsius_like_count": null,
      "ed_triage_temp_was_celsius_like_pct": null,
      "ed_triage_temp_out_of_range_count": null,
      "ed_triage_temp_out_of_range_pct": null,
      "ed_first_temp_was_celsius_like_count": null,
      "ed_first_temp_was_celsius_like_pct": null,
      "ed_first_temp_out_of_range_count": null,
      "ed_first_temp_out_of_range_pct": null,
      "ed_triage_pain_is_sentinel_13_count": null,
      "ed_triage_pain_is_sentinel_13_pct": null,
      "ed_triage_pain_out_of_range_count": null,
      "ed_triage_pain_out_of_range_pct": null,
      "ed_first_pain_is_sentinel_13_count": 0.0,
      "ed_first_pain_is_sentinel_13_pct": 0.0,
      "ed_first_pain_out_of_range_count": 0.0,
      "ed_first_pain_out_of_range_pct": 0.0,
      "ed_triage_sbp_out_of_range_count": null,
      "ed_triage_sbp_out_of_range_pct": null,
      "ed_triage_dbp_out_of_range_count": null,
      "ed_triage_dbp_out_of_range_pct": null,
      "ed_first_sbp_out_of_range_count": null,
      "ed_first_sbp_out_of_range_pct": null,
      "ed_first_dbp_out_of_range_count": null,
      "ed_first_dbp_out_of_range_pct": null,
      "ed_triage_o2sat_gt_100_count": null,
      "ed_triage_o2sat_gt_100_pct": null,
      "ed_triage_o2sat_out_of_range_count": null,
      "ed_triage_o2sat_out_of_range_pct": null,
      "ed_triage_o2sat_zero_count": null,
      "ed_triage_o2sat_zero_pct": null,
      "ed_first_o2sat_gt_100_count": null,
      "ed_first_o2sat_gt_100_pct": null,
      "ed_first_o2sat_out_of_range_count": null,
      "ed_first_o2sat_out_of_range_pct": null,
      "ed_first_o2sat_zero_count": null,
      "ed_first_o2sat_zero_pct": null
    },
    {
      "vital_name": "triage_sbp",
      "raw_column": "ed_triage_sbp",
      "clean_column": "ed_triage_sbp_clean",
      "raw_n_non_missing": 8777,
      "raw_missing_pct": 25.53,
      "raw_min": 12.0,
      "raw_p1": 75.0,
      "raw_median": 128.0,
      "raw_mean": 131.081121112,
      "raw_p99": 202.24,
      "raw_max": 9656.0,
      "clean_n_non_missing": 8771,
      "clean_missing_pct": 25.58,
      "clean_min": 24.0,
      "clean_p1": 75.0,
      "clean_median": 128.0,
      "clean_mean": 130.0616805381,
      "clean_p99": 201.3,
      "clean_max": 256.0,
      "ed_triage_temp_was_celsius_like_count": null,
      "ed_triage_temp_was_celsius_like_pct": null,
      "ed_triage_temp_out_of_range_count": null,
      "ed_triage_temp_out_of_range_pct": null,
      "ed_first_temp_was_celsius_like_count": null,
      "ed_first_temp_was_celsius_like_pct": null,
      "ed_first_temp_out_of_range_count": null,
      "ed_first_temp_out_of_range_pct": null,
      "ed_triage_pain_is_sentinel_13_count": null,
      "ed_triage_pain_is_sentinel_13_pct": null,
      "ed_triage_pain_out_of_range_count": null,
      "ed_triage_pain_out_of_range_pct": null,
      "ed_first_pain_is_sentinel_13_count": null,
      "ed_first_pain_is_sentinel_13_pct": null,
      "ed_first_pain_out_of_range_count": null,
      "ed_first_pain_out_of_range_pct": null,
      "ed_triage_sbp_out_of_range_count": 6.0,
      "ed_triage_sbp_out_of_range_pct": 0.0005090786,
      "ed_triage_dbp_out_of_range_count": null,
      "ed_triage_dbp_out_of_range_pct": null,
      "ed_first_sbp_out_of_range_count": null,
      "ed_first_sbp_out_of_range_pct": null,
      "ed_first_dbp_out_of_range_count": null,
      "ed_first_dbp_out_of_range_pct": null,
      "ed_triage_o2sat_gt_100_count": null,
      "ed_triage_o2sat_gt_100_pct": null,
      "ed_triage_o2sat_out_of_range_count": null,
      "ed_triage_o2sat_out_of_range_pct": null,
      "ed_triage_o2sat_zero_count": null,
      "ed_triage_o2sat_zero_pct": null,
      "ed_first_o2sat_gt_100_count": null,
      "ed_first_o2sat_gt_100_pct": null,
      "ed_first_o2sat_out_of_range_count": null,
      "ed_first_o2sat_out_of_range_pct": null,
      "ed_first_o2sat_zero_count": null,
      "ed_first_o2sat_zero_pct": null
    },
    {
      "vital_name": "triage_dbp",
      "raw_column": "ed_triage_dbp",
      "clean_column": "ed_triage_dbp_clean",
      "raw_n_non_missing": 8738,
      "raw_missing_pct": 25.86,
      "raw_min": 4.0,
      "raw_p1": 37.0,
      "raw_median": 72.0,
      "raw_mean": 74.7075989929,
      "raw_p99": 120.0,
      "raw_max": 8132.0,
      "clean_n_non_missing": 8727,
      "clean_missing_pct": 25.95,
      "clean_min": 13.0,
      "clean_p1": 37.0,
      "clean_median": 72.0,
      "clean_mean": 73.0327718575,
      "clean_p99": 120.0,
      "clean_max": 173.0,
      "ed_triage_temp_was_celsius_like_count": null,
      "ed_triage_temp_was_celsius_like_pct": null,
      "ed_triage_temp_out_of_range_count": null,
      "ed_triage_temp_out_of_range_pct": null,
      "ed_first_temp_was_celsius_like_count": null,
      "ed_first_temp_was_celsius_like_pct": null,
      "ed_first_temp_out_of_range_count": null,
      "ed_first_temp_out_of_range_pct": null,
      "ed_triage_pain_is_sentinel_13_count": null,
      "ed_triage_pain_is_sentinel_13_pct": null,
      "ed_triage_pain_out_of_range_count": null,
      "ed_triage_pain_out_of_range_pct": null,
      "ed_first_pain_is_sentinel_13_count": null,
      "ed_first_pain_is_sentinel_13_pct": null,
      "ed_first_pain_out_of_range_count": null,
      "ed_first_pain_out_of_range_pct": null,
      "ed_triage_sbp_out_of_range_count": null,
      "ed_triage_sbp_out_of_range_pct": null,
      "ed_triage_dbp_out_of_range_count": 11.0,
      "ed_triage_dbp_out_of_range_pct": 0.0009333107,
      "ed_first_sbp_out_of_range_count": null,
      "ed_first_sbp_out_of_range_pct": null,
      "ed_first_dbp_out_of_range_count": null,
      "ed_first_dbp_out_of_range_pct": null,
      "ed_triage_o2sat_gt_100_count": null,
      "ed_triage_o2sat_gt_100_pct": null,
      "ed_triage_o2sat_out_of_range_count": null,
      "ed_triage_o2sat_out_of_range_pct": null,
      "ed_triage_o2sat_zero_count": null,
      "ed_triage_o2sat_zero_pct": null,
      "ed_first_o2sat_gt_100_count": null,
      "ed_first_o2sat_gt_100_pct": null,
      "ed_first_o2sat_out_of_range_count": null,
      "ed_first_o2sat_out_of_range_pct": null,
      "ed_first_o2sat_zero_count": null,
      "ed_first_o2sat_zero_pct": null
    },
    {
      "vital_name": "first_sbp",
      "raw_column": "ed_first_sbp",
      "clean_column": "ed_first_sbp_clean",
      "raw_n_non_missing": 9161,
      "raw_missing_pct": 22.27,
      "raw_min": 10.0,
      "raw_p1": 73.0,
      "raw_median": 127.0,
      "raw_mean": 128.7984936142,
      "raw_p99": 204.4,
      "raw_max": 268.0,
      "clean_n_non_missing": 9155,
      "clean_missing_pct": 22.32,
      "clean_min": 20.0,
      "clean_p1": 74.0,
      "clean_median": 127.0,
      "clean_mean": 128.8750409612,
      "clean_p99": 204.46,
      "clean_max": 268.0,
      "ed_triage_temp_was_celsius_like_count": null,
      "ed_triage_temp_was_celsius_like_pct": null,
      "ed_triage_temp_out_of_range_count": null,
      "ed_triage_temp_out_of_range_pct": null,
      "ed_first_temp_was_celsius_like_count": null,
      "ed_first_temp_was_celsius_like_pct": null,
      "ed_first_temp_out_of_range_count": null,
      "ed_first_temp_out_of_range_pct": null,
      "ed_triage_pain_is_sentinel_13_count": null,
      "ed_triage_pain_is_sentinel_13_pct": null,
      "ed_triage_pain_out_of_range_count": null,
      "ed_triage_pain_out_of_range_pct": null,
      "ed_first_pain_is_sentinel_13_count": null,
      "ed_first_pain_is_sentinel_13_pct": null,
      "ed_first_pain_out_of_range_count": null,
      "ed_first_pain_out_of_range_pct": null,
      "ed_triage_sbp_out_of_range_count": null,
      "ed_triage_sbp_out_of_range_pct": null,
      "ed_triage_dbp_out_of_range_count": null,
      "ed_triage_dbp_out_of_range_pct": null,
      "ed_first_sbp_out_of_range_count": 6.0,
      "ed_first_sbp_out_of_range_pct": 0.0005090786,
      "ed_first_dbp_out_of_range_count": null,
      "ed_first_dbp_out_of_range_pct": null,
      "ed_triage_o2sat_gt_100_count": null,
      "ed_triage_o2sat_gt_100_pct": null,
      "ed_triage_o2sat_out_of_range_count": null,
      "ed_triage_o2sat_out_of_range_pct": null,
      "ed_triage_o2sat_zero_count": null,
      "ed_triage_o2sat_zero_pct": null,
      "ed_first_o2sat_gt_100_count": null,
      "ed_first_o2sat_gt_100_pct": null,
      "ed_first_o2sat_out_of_range_count": null,
      "ed_first_o2sat_out_of_range_pct": null,
      "ed_first_o2sat_zero_count": null,
      "ed_first_o2sat_zero_pct": null
    },
    {
      "vital_name": "first_dbp",
      "raw_column": "ed_first_dbp",
      "clean_column": "ed_first_dbp_clean",
      "raw_n_non_missing": 9161,
      "raw_missing_pct": 22.27,
      "raw_min": 7.0,
      "raw_p1": 36.0,
      "raw_median": 71.0,
      "raw_mean": 72.4923043336,
      "raw_p99": 121.0,
      "raw_max": 867.0,
      "clean_n_non_missing": 9152,
      "clean_missing_pct": 22.35,
      "clean_min": 19.0,
      "clean_p1": 36.0,
      "clean_median": 71.0,
      "clean_mean": 72.1337412587,
      "clean_p99": 120.0,
      "clean_max": 195.0,
      "ed_triage_temp_was_celsius_like_count": null,
      "ed_triage_temp_was_celsius_like_pct": null,
      "ed_triage_temp_out_of_range_count": null,
      "ed_triage_temp_out_of_range_pct": null,
      "ed_first_temp_was_celsius_like_count": null,
      "ed_first_temp_was_celsius_like_pct": null,
      "ed_first_temp_out_of_range_count": null,
      "ed_first_temp_out_of_range_pct": null,
      "ed_triage_pain_is_sentinel_13_count": null,
      "ed_triage_pain_is_sentinel_13_pct": null,
      "ed_triage_pain_out_of_range_count": null,
      "ed_triage_pain_out_of_range_pct": null,
      "ed_first_pain_is_sentinel_13_count": null,
      "ed_first_pain_is_sentinel_13_pct": null,
      "ed_first_pain_out_of_range_count": null,
      "ed_first_pain_out_of_range_pct": null,
      "ed_triage_sbp_out_of_range_count": null,
      "ed_triage_sbp_out_of_range_pct": null,
      "ed_triage_dbp_out_of_range_count": null,
      "ed_triage_dbp_out_of_range_pct": null,
      "ed_first_sbp_out_of_range_count": null,
      "ed_first_sbp_out_of_range_pct": null,
      "ed_first_dbp_out_of_range_count": 9.0,
      "ed_first_dbp_out_of_range_pct": 0.0007636179,
      "ed_triage_o2sat_gt_100_count": null,
      "ed_triage_o2sat_gt_100_pct": null,
      "ed_triage_o2sat_out_of_range_count": null,
      "ed_triage_o2sat_out_of_range_pct": null,
      "ed_triage_o2sat_zero_count": null,
      "ed_triage_o2sat_zero_pct": null,
      "ed_first_o2sat_gt_100_count": null,
      "ed_first_o2sat_gt_100_pct": null,
      "ed_first_o2sat_out_of_range_count": null,
      "ed_first_o2sat_out_of_range_pct": null,
      "ed_first_o2sat_zero_count": null,
      "ed_first_o2sat_zero_pct": null
    },
    {
      "vital_name": "triage_o2sat",
      "raw_column": "ed_triage_o2sat",
      "clean_column": "ed_triage_o2sat_clean",
      "raw_n_non_missing": 8680,
      "raw_missing_pct": 26.35,
      "raw_min": 9.0,
      "raw_p1": 78.0,
      "raw_median": 97.0,
      "raw_mean": 96.2980414747,
      "raw_p99": 100.0,
      "raw_max": 1000.0,
      "clean_n_non_missing": 8679,
      "clean_missing_pct": 26.36,
      "clean_min": 9.0,
      "clean_p1": 78.0,
      "clean_median": 97.0,
      "clean_mean": 96.1939163498,
      "clean_p99": 100.0,
      "clean_max": 100.0,
      "ed_triage_temp_was_celsius_like_count": null,
      "ed_triage_temp_was_celsius_like_pct": null,
      "ed_triage_temp_out_of_range_count": null,
      "ed_triage_temp_out_of_range_pct": null,
      "ed_first_temp_was_celsius_like_count": null,
      "ed_first_temp_was_celsius_like_pct": null,
      "ed_first_temp_out_of_range_count": null,
      "ed_first_temp_out_of_range_pct": null,
      "ed_triage_pain_is_sentinel_13_count": null,
      "ed_triage_pain_is_sentinel_13_pct": null,
      "ed_triage_pain_out_of_range_count": null,
      "ed_triage_pain_out_of_range_pct": null,
      "ed_first_pain_is_sentinel_13_count": null,
      "ed_first_pain_is_sentinel_13_pct": null,
      "ed_first_pain_out_of_range_count": null,
      "ed_first_pain_out_of_range_pct": null,
      "ed_triage_sbp_out_of_range_count": null,
      "ed_triage_sbp_out_of_range_pct": null,
      "ed_triage_dbp_out_of_range_count": null,
      "ed_triage_dbp_out_of_range_pct": null,
      "ed_first_sbp_out_of_range_count": null,
      "ed_first_sbp_out_of_range_pct": null,
      "ed_first_dbp_out_of_range_count": null,
      "ed_first_dbp_out_of_range_pct": null,
      "ed_triage_o2sat_gt_100_count": 1.0,
      "ed_triage_o2sat_gt_100_pct": 8.48464e-05,
      "ed_triage_o2sat_out_of_range_count": 0.0,
      "ed_triage_o2sat_out_of_range_pct": 0.0,
      "ed_triage_o2sat_zero_count": 0.0,
      "ed_triage_o2sat_zero_pct": 0.0,
      "ed_first_o2sat_gt_100_count": null,
      "ed_first_o2sat_gt_100_pct": null,
      "ed_first_o2sat_out_of_range_count": null,
      "ed_first_o2sat_out_of_range_pct": null,
      "ed_first_o2sat_zero_count": null,
      "ed_first_o2sat_zero_pct": null
    },
    {
      "vital_name": "first_o2sat",
      "raw_column": "ed_first_o2sat",
      "clean_column": "ed_first_o2sat_clean",
      "raw_n_non_missing": 8920,
      "raw_missing_pct": 24.32,
      "raw_min": 10.0,
      "raw_p1": 77.0,
      "raw_median": 97.0,
      "raw_mean": 96.3323991031,
      "raw_p99": 100.0,
      "raw_max": 1000.0,
      "clean_n_non_missing": 8919,
      "clean_missing_pct": 24.33,
      "clean_min": 10.0,
      "clean_p1": 77.0,
      "clean_median": 97.0,
      "clean_mean": 96.2310797175,
      "clean_p99": 100.0,
      "clean_max": 100.0,
      "ed_triage_temp_was_celsius_like_count": null,
      "ed_triage_temp_was_celsius_like_pct": null,
      "ed_triage_temp_out_of_range_count": null,
      "ed_triage_temp_out_of_range_pct": null,
      "ed_first_temp_was_celsius_like_count": null,
      "ed_first_temp_was_celsius_like_pct": null,
      "ed_first_temp_out_of_range_count": null,
      "ed_first_temp_out_of_range_pct": null,
      "ed_triage_pain_is_sentinel_13_count": null,
      "ed_triage_pain_is_sentinel_13_pct": null,
      "ed_triage_pain_out_of_range_count": null,
      "ed_triage_pain_out_of_range_pct": null,
      "ed_first_pain_is_sentinel_13_count": null,
      "ed_first_pain_is_sentinel_13_pct": null,
      "ed_first_pain_out_of_range_count": null,
      "ed_first_pain_out_of_range_pct": null,
      "ed_triage_sbp_out_of_range_count": null,
      "ed_triage_sbp_out_of_range_pct": null,
      "ed_triage_dbp_out_of_range_count": null,
      "ed_triage_dbp_out_of_range_pct": null,
      "ed_first_sbp_out_of_range_count": null,
      "ed_first_sbp_out_of_range_pct": null,
      "ed_first_dbp_out_of_range_count": null,
      "ed_first_dbp_out_of_range_pct": null,
      "ed_triage_o2sat_gt_100_count": null,
      "ed_triage_o2sat_gt_100_pct": null,
      "ed_triage_o2sat_out_of_range_count": null,
      "ed_triage_o2sat_out_of_range_pct": null,
      "ed_triage_o2sat_zero_count": null,
      "ed_triage_o2sat_zero_pct": null,
      "ed_first_o2sat_gt_100_count": 1.0,
      "ed_first_o2sat_gt_100_pct": 8.48464e-05,
      "ed_first_o2sat_out_of_range_count": 0.0,
      "ed_first_o2sat_out_of_range_pct": 0.0,
      "ed_first_o2sat_zero_count": 0.0,
      "ed_first_o2sat_zero_pct": 0.0
    }
  ],
  "ed_vitals_model_delta": [
    {
      "vital_name": "triage_temp",
      "raw_column": "ed_triage_temp",
      "clean_column": "ed_triage_temp_f_clean",
      "raw_n": 8343,
      "clean_n": 8342,
      "raw_removed_n": 1,
      "raw_removed_pct": 0.000119861,
      "converted_celsius_like_n": 20
    },
    {
      "vital_name": "first_temp",
      "raw_column": "ed_first_temp",
      "clean_column": "ed_first_temp_f_clean",
      "raw_n": 6911,
      "clean_n": 6911,
      "raw_removed_n": 0,
      "raw_removed_pct": 0.0,
      "converted_celsius_like_n": 55
    },
    {
      "vital_name": "triage_pain",
      "raw_column": "ed_triage_pain",
      "clean_column": "ed_triage_pain_clean",
      "raw_n": 8151,
      "clean_n": 7595,
      "raw_removed_n": 556,
      "raw_removed_pct": 0.0682124893,
      "converted_celsius_like_n": 0
    },
    {
      "vital_name": "first_pain",
      "raw_column": "ed_first_pain",
      "clean_column": "ed_first_pain_clean",
      "raw_n": 7077,
      "clean_n": 7077,
      "raw_removed_n": 0,
      "raw_removed_pct": 0.0,
      "converted_celsius_like_n": 0
    },
    {
      "vital_name": "triage_sbp",
      "raw_column": "ed_triage_sbp",
      "clean_column": "ed_triage_sbp_clean",
      "raw_n": 8777,
      "clean_n": 8771,
      "raw_removed_n": 6,
      "raw_removed_pct": 0.0006836049,
      "converted_celsius_like_n": 0
    },
    {
      "vital_name": "triage_dbp",
      "raw_column": "ed_triage_dbp",
      "clean_column": "ed_triage_dbp_clean",
      "raw_n": 8738,
      "clean_n": 8727,
      "raw_removed_n": 11,
      "raw_removed_pct": 0.0012588693,
      "converted_celsius_like_n": 0
    },
    {
      "vital_name": "first_sbp",
      "raw_column": "ed_first_sbp",
      "clean_column": "ed_first_sbp_clean",
      "raw_n": 9161,
      "clean_n": 9155,
      "raw_removed_n": 6,
      "raw_removed_pct": 0.0006549503,
      "converted_celsius_like_n": 0
    },
    {
      "vital_name": "first_dbp",
      "raw_column": "ed_first_dbp",
      "clean_column": "ed_first_dbp_clean",
      "raw_n": 9161,
      "clean_n": 9152,
      "raw_removed_n": 9,
      "raw_removed_pct": 0.0009824255,
      "converted_celsius_like_n": 0
    },
    {
      "vital_name": "triage_o2sat",
      "raw_column": "ed_triage_o2sat",
      "clean_column": "ed_triage_o2sat_clean",
      "raw_n": 8680,
      "clean_n": 8679,
      "raw_removed_n": 1,
      "raw_removed_pct": 0.0001152074,
      "converted_celsius_like_n": 0
    },
    {
      "vital_name": "first_o2sat",
      "raw_column": "ed_first_o2sat",
      "clean_column": "ed_first_o2sat_clean",
      "raw_n": 8920,
      "clean_n": 8919,
      "raw_removed_n": 1,
      "raw_removed_pct": 0.0001121076,
      "converted_celsius_like_n": 0
    }
  ],
  "outliers_audit": [
    {
      "domain": "vitals",
      "raw_column": "ed_first_dbp",
      "model_column": "ed_first_dbp_model",
      "outlier_flag_column": "ed_first_dbp_outlier_flag",
      "lower_bound": 10.0,
      "upper_bound": 200.0,
      "nonnull_n": 9161,
      "out_of_range_n": 9,
      "out_of_range_pct": 0.0009824255,
      "example_outlier_values": "652; 460; 741; 9; 777"
    },
    {
      "domain": "vitals",
      "raw_column": "ed_first_hr",
      "model_column": "ed_first_hr_model",
      "outlier_flag_column": "ed_first_hr_outlier_flag",
      "lower_bound": 20.0,
      "upper_bound": 250.0,
      "nonnull_n": 9350,
      "out_of_range_n": 1,
      "out_of_range_pct": 0.0001069519,
      "example_outlier_values": "6.0"
    },
    {
      "domain": "vitals",
      "raw_column": "ed_first_o2sat",
      "model_column": "ed_first_o2sat_model",
      "outlier_flag_column": "ed_first_o2sat_outlier_flag",
      "lower_bound": 0.0,
      "upper_bound": 100.0,
      "nonnull_n": 8920,
      "out_of_range_n": 1,
      "out_of_range_pct": 0.0001121076,
      "example_outlier_values": "1000.0"
    },
    {
      "domain": "vitals",
      "raw_column": "ed_first_pain",
      "model_column": "ed_first_pain_model",
      "outlier_flag_column": "ed_first_pain_outlier_flag",
      "lower_bound": 0.0,
      "upper_bound": 10.0,
      "nonnull_n": 7077,
      "out_of_range_n": 0,
      "out_of_range_pct": 0.0,
      "example_outlier_values": ""
    },
    {
      "domain": "vitals",
      "raw_column": "ed_first_rr",
      "model_column": "ed_first_rr_model",
      "outlier_flag_column": "ed_first_rr_outlier_flag",
      "lower_bound": 4.0,
      "upper_bound": 80.0,
      "nonnull_n": 9235,
      "out_of_range_n": 0,
      "out_of_range_pct": 0.0,
      "example_outlier_values": ""
    },
    {
      "domain": "vitals",
      "raw_column": "ed_first_sbp",
      "model_column": "ed_first_sbp_model",
      "outlier_flag_column": "ed_first_sbp_outlier_flag",
      "lower_bound": 20.0,
      "upper_bound": 300.0,
      "nonnull_n": 9161,
      "out_of_range_n": 6,
      "out_of_range_pct": 0.0006549503,
      "example_outlier_values": "11; 13; 15; 12; 10"
    },
    {
      "domain": "vitals",
      "raw_column": "ed_first_temp",
      "model_column": "ed_first_temp_model",
      "outlier_flag_column": "ed_first_temp_outlier_flag",
      "lower_bound": 50.0,
      "upper_bound": 120.0,
      "nonnull_n": 6911,
      "out_of_range_n": 4875,
      "out_of_range_pct": 0.7053971929,
      "example_outlier_values": ""
    },
    {
      "domain": "vitals",
      "raw_column": "ed_triage_dbp",
      "model_column": "ed_triage_dbp_model",
      "outlier_flag_column": "ed_triage_dbp_outlier_flag",
      "lower_bound": 10.0,
      "upper_bound": 200.0,
      "nonnull_n": 8738,
      "out_of_range_n": 11,
      "out_of_range_pct": 0.0012588693,
      "example_outlier_values": "4.0; 652.0; 8132.0; 460.0; 9.0"
    },
    {
      "domain": "vitals",
      "raw_column": "ed_triage_hr",
      "model_column": "ed_triage_hr_model",
      "outlier_flag_column": "ed_triage_hr_outlier_flag",
      "lower_bound": 20.0,
      "upper_bound": 250.0,
      "nonnull_n": 8807,
      "out_of_range_n": 0,
      "out_of_range_pct": 0.0,
      "example_outlier_values": ""
    },
    {
      "domain": "vitals",
      "raw_column": "ed_triage_o2sat",
      "model_column": "ed_triage_o2sat_model",
      "outlier_flag_column": "ed_triage_o2sat_outlier_flag",
      "lower_bound": 0.0,
      "upper_bound": 100.0,
      "nonnull_n": 8680,
      "out_of_range_n": 1,
      "out_of_range_pct": 0.0001152074,
      "example_outlier_values": "1000.0"
    },
    {
      "domain": "vitals",
      "raw_column": "ed_triage_pain",
      "model_column": "ed_triage_pain_model",
      "outlier_flag_column": "ed_triage_pain_outlier_flag",
      "lower_bound": 0.0,
      "upper_bound": 10.0,
      "nonnull_n": 8151,
      "out_of_range_n": 556,
      "out_of_range_pct": 0.0682124893,
      "example_outlier_values": "13.0; 30.0; 134.0; 11.0; 90.0"
    },
    {
      "domain": "vitals",
      "raw_column": "ed_triage_rr",
      "model_column": "ed_triage_rr_model",
      "outlier_flag_column": "ed_triage_rr_outlier_flag",
      "lower_bound": 4.0,
      "upper_bound": 80.0,
      "nonnull_n": 8645,
      "out_of_range_n": 0,
      "out_of_range_pct": 0.0,
      "example_outlier_values": ""
    },
    {
      "domain": "vitals",
      "raw_column": "ed_triage_sbp",
      "model_column": "ed_triage_sbp_model",
      "outlier_flag_column": "ed_triage_sbp_outlier_flag",
      "lower_bound": 20.0,
      "upper_bound": 300.0,
      "nonnull_n": 8777,
      "out_of_range_n": 6,
      "out_of_range_pct": 0.0006836049,
      "example_outlier_values": "15.0; 18.0; 9656.0; 12.0; 14.0"
    },
    {
      "domain": "vitals",
      "raw_column": "ed_triage_temp",
      "model_column": "ed_triage_temp_model",
      "outlier_flag_column": "ed_triage_temp_outlier_flag",
      "lower_bound": 50.0,
      "upper_bound": 120.0,
      "nonnull_n": 8343,
      "out_of_range_n": 3444,
      "out_of_range_pct": 0.4128011507,
      "example_outlier_values": "9.1"
    },
    {
      "domain": "gas",
      "raw_column": "first_lactate",
      "model_column": "first_lactate_model",
      "outlier_flag_column": "first_lactate_outlier_flag",
      "lower_bound": 0.0,
      "upper_bound": 30.0,
      "nonnull_n": 6225,
      "out_of_range_n": 0,
      "out_of_range_pct": 0.0,
      "example_outlier_values": ""
    },
    {
      "domain": "gas",
      "raw_column": "first_pco2",
      "model_column": "first_pco2_model",
      "outlier_flag_column": "first_pco2_outlier_flag",
      "lower_bound": 10.0,
      "upper_bound": 200.0,
      "nonnull_n": 7613,
      "out_of_range_n": 2,
      "out_of_range_pct": 0.0002627085,
      "example_outlier_values": "9.0"
    },
    {
      "domain": "gas",
      "raw_column": "first_ph",
      "model_column": "first_ph_model",
      "outlier_flag_column": "first_ph_outlier_flag",
      "lower_bound": 6.8,
      "upper_bound": 7.8,
      "nonnull_n": 7613,
      "out_of_range_n": 9,
      "out_of_range_pct": 0.0011821884,
      "example_outlier_values": "6.66; 6.6; 6.69; 6.73; 6.76"
    }
  ],
  "ed_vitals_audit_paths": {
    "distribution_summary": "/Users/blocke/Box Sync/Residency Personal Files/Scholarly Work/Locke Research Projects/Hypercap-CC-NLP/MIMIC tabular data/prior runs/2026-02-20 ed_vitals_distribution_summary.csv",
    "extreme_examples": "/Users/blocke/Box Sync/Residency Personal Files/Scholarly Work/Locke Research Projects/Hypercap-CC-NLP/MIMIC tabular data/prior runs/2026-02-20 ed_vitals_extreme_examples.csv",
    "model_delta": "/Users/blocke/Box Sync/Residency Personal Files/Scholarly Work/Locke Research Projects/Hypercap-CC-NLP/MIMIC tabular data/prior runs/2026-02-20 ed_vitals_model_delta.csv"
  },
  "blood_gas_audit_paths": {
    "manifest_itemids": "/Users/blocke/Box Sync/Residency Personal Files/Scholarly Work/Locke Research Projects/Hypercap-CC-NLP/MIMIC tabular data/prior runs/2026-02-20 blood_gas_itemid_manifest_audit.csv",
    "pco2_itemid_qc": "/Users/blocke/Box Sync/Residency Personal Files/Scholarly Work/Locke Research Projects/Hypercap-CC-NLP/MIMIC tabular data/prior runs/2026-02-20 pco2_itemid_qc_audit.csv",
    "pco2_source_distribution": "/Users/blocke/Box Sync/Residency Personal Files/Scholarly Work/Locke Research Projects/Hypercap-CC-NLP/MIMIC tabular data/prior runs/2026-02-20 pco2_source_distribution_audit.csv",
    "other_route_quarantine": "/Users/blocke/Box Sync/Residency Personal Files/Scholarly Work/Locke Research Projects/Hypercap-CC-NLP/MIMIC tabular data/prior runs/2026-02-20 other_route_quarantine_audit.csv",
    "first_gas_anchor": "/Users/blocke/Box Sync/Residency Personal Files/Scholarly Work/Locke Research Projects/Hypercap-CC-NLP/MIMIC tabular data/prior runs/2026-02-20 first_gas_anchor_audit.csv"
  },
  "timing_integrity_audit_path": "/Users/blocke/Box Sync/Residency Personal Files/Scholarly Work/Locke Research Projects/Hypercap-CC-NLP/MIMIC tabular data/prior runs/2026-02-20 timing_integrity_audit.csv",
  "ventilation_timing_audit_path": "/Users/blocke/Box Sync/Residency Personal Files/Scholarly Work/Locke Research Projects/Hypercap-CC-NLP/MIMIC tabular data/prior runs/2026-02-20 ventilation_timing_audit.csv",
  "anthropometric_cleaning_audit_path": "/Users/blocke/Box Sync/Residency Personal Files/Scholarly Work/Locke Research Projects/Hypercap-CC-NLP/MIMIC tabular data/prior runs/2026-02-20 anthropometric_cleaning_audit.csv",
  "qa_status": "pass",
  "qa_warnings": [],
  "qa_infos": [
    "omr_pre_window_empty_post_window_fallback_used",
    "gas_source_other_rate_high"
  ],
  "run_metadata": {
    "run_utc": "2026-02-20T15:11:34.800993+00:00",
    "work_project": "mimic-hypercapnia",
    "physionet_project": "physionet-data",
    "datasets": {
      "hosp": "mimiciv_3_1_hosp",
      "icu": "mimiciv_3_1_icu",
      "ed": "mimiciv_ed"
    },
    "dataset_probes": {
      "hosp": "physionet-data.mimiciv_3_1_hosp.admissions",
      "icu": "physionet-data.mimiciv_3_1_icu.icustays",
      "ed": "physionet-data.mimiciv_ed.edstays"
    },
    "notebook": "MIMICIV_hypercap_EXT_cohort.ipynb",
    "blood_gas_manifest_path": "/Users/blocke/Box Sync/Residency Personal Files/Scholarly Work/Locke Research Projects/Hypercap-CC-NLP/specs/blood_gas_itemids.json",
    "blood_gas_manifest_version": "2026-02-17"
  }
}